Date,Source,Headline,Sentiment_Score,Sentiment_Label
"Sat, 28 Feb 2026 08:00:00 GMT",Unknown,Iran claims Hormuz closure as oil tanker traffic drops sharply,-0.08,Neutral
"Sat, 28 Feb 2026 08:00:00 GMT",Unknown,"Iran's revolutionary guards tell ships passage through Strait of Hormuz 'not allowed', EU naval mission official says",0.0,Neutral
"Sat, 28 Feb 2026 08:00:00 GMT",Unknown,What to know about strategic Strait of Hormuz: AP explains,0.0,Neutral
"Sun, 01 Mar 2026 08:00:00 GMT",Unknown,Statement on the Strait of Hormuz,0.0,Neutral
"Sun, 01 Mar 2026 08:00:00 GMT",Unknown,"Strait of Hormuz: if the Iran conflict shuts world’s most important oil chokepoint, global economic chaos could follow",0.28,Positive
"Sat, 28 Feb 2026 08:00:00 GMT",Unknown,Iran says ‘no ship is allowed to pass’ Strait of Hormuz: Reports,0.0,Neutral
"Sat, 28 Feb 2026 08:00:00 GMT",Unknown,Explained: why is the Strait of Hormuz so critical for oil markets?,0.0,Neutral
"Sun, 01 Mar 2026 08:00:00 GMT",Unknown,Iran Says the Strait of Hormuz Is Closed. US Says Otherwise. What’s Happening?,-0.07,Neutral
"Sun, 01 Mar 2026 08:00:00 GMT",Unknown,What is the strait of Hormuz and why is it crucial for oil supplies?,0.0,Neutral
"Sun, 01 Mar 2026 08:00:00 GMT",Unknown,War in Middle East: Tensions rise over Strait of Hormuz as tankers caught in crossfire,0.0,Neutral
"Sat, 28 Feb 2026 08:00:00 GMT",Unknown,Iran: Ships' passage through Strait of Hormuz 'not allowed',0.0,Neutral
"Sun, 01 Mar 2026 08:00:00 GMT",Unknown,$100 oil? Prolonged Hormuz closure could spark a 1970s-style energy shock,0.0,Neutral
"Sun, 01 Mar 2026 08:00:00 GMT",Unknown,"How US-Israel attacks on Iran threaten the Strait of Hormuz, oil markets",0.0,Neutral
"Sat, 28 Feb 2026 08:00:00 GMT",Unknown,"Iran Reportedly Closes Strait of Hormuz, the World's Most Vital Oil Export Route",0.24,Positive
"Sun, 01 Mar 2026 08:00:00 GMT",Unknown,War In The Gulf And Strait Of Hormuz,-0.2,Neutral
"Sun, 01 Mar 2026 08:00:00 GMT",Unknown,EXPLAINER: Why the Strait of Hormuz Could Shape the War’s Outcome,0.0,Neutral
"Sun, 01 Mar 2026 08:00:00 GMT",Unknown,"Oil and gas majors and traders suspend shipments via Hormuz, sources say",0.0,Neutral
"Sun, 01 Mar 2026 08:00:00 GMT",Unknown,Oil tanker traffic disrupted in Strait of Hormuz main shipping lanes: CAS,0.11,Neutral
"Sat, 28 Feb 2026 08:00:00 GMT",Unknown,Can Iran Close The Strait Of Hormuz After U.S.-Israel Attacks?,0.0,Neutral
"Sun, 01 Mar 2026 08:00:00 GMT",Unknown,Maps and charts of the Iran War,0.0,Neutral
"Sun, 01 Mar 2026 08:00:00 GMT",Unknown,What Happens If Iran Shuts Down the Strait of Hormuz?,-0.16,Neutral
"Sun, 01 Mar 2026 08:00:00 GMT",Unknown,Ocean lines flee Strait of Hormuz as Iran targets Persian Gulf ports,0.0,Neutral
"Sun, 01 Mar 2026 08:00:00 GMT",Unknown,Oil Tankers Avoiding Vital Hormuz Strait After US Bombs Iran,0.1,Neutral
"Sat, 28 Feb 2026 08:00:00 GMT",Unknown,Iran’s Weapon Of Mass Economic Destruction: Hormuz,0.2,Neutral
"Sat, 28 Feb 2026 08:00:00 GMT",Unknown,Shipping Traffic Through Strait of Hormuz Plummets After Attacks on Iran,0.14,Neutral
"Sun, 01 Mar 2026 08:00:00 GMT",Unknown,US-Iran strikes: global shipping braces for hit from Strait of Hormuz closure,0.0,Neutral
"Sun, 01 Mar 2026 08:00:00 GMT",Unknown,Russia warns of oil choke due to closure of Strait of Hormuz,-0.12,Neutral
"Sun, 01 Mar 2026 08:00:00 GMT",Unknown,Ships avoid Strait of Hormuz as Iranian media essentially shuts it down,-0.08,Neutral
"Sun, 01 Mar 2026 08:00:00 GMT",Unknown,Why the 24 mile wide Strait of Hormuz is so important in the war with Iran,0.15,Neutral
"Sun, 01 Mar 2026 08:00:00 GMT",Unknown,"Ships avoid the Strait of Hormuz, tanker hit off Oman",0.0,Neutral
"Sat, 28 Feb 2026 08:00:00 GMT",Unknown,"Iran closes Strait of Hormuz after US-Israel strikes, reports say",0.0,Neutral
"Sat, 28 Feb 2026 08:00:00 GMT",Unknown,"Oil markets on edge as Iran moves to restrict vital Strait of Hormuz shipping lane, report says",0.1,Neutral
"Sat, 28 Feb 2026 08:00:00 GMT",Unknown,Strait of Hormuz: Key oil route in middle of Iran crisis,0.0,Neutral
"Sun, 01 Mar 2026 08:00:00 GMT",Unknown,First oil tanker attacked in the Strait of Hormuz according to Oman,0.25,Positive
"Sun, 01 Mar 2026 08:00:00 GMT",Unknown,Black smoke pours from oil tanker near Strait of Hormuz,-0.03,Neutral
"Sun, 01 Mar 2026 08:00:00 GMT",Unknown,"Hormuz erupts: Attacks, GPS jamming, Houthi threats rock Strait amid US-Israeli strikes",0.0,Neutral
"Sun, 01 Mar 2026 08:00:00 GMT",Unknown,Video shows a ship under fire around the Strait of Hormuz,0.0,Neutral
"Sun, 01 Mar 2026 08:00:00 GMT",Unknown,Fighting with Iran has spread to tankers at sea. Ships are coming under fire around the busy Strait of Hormuz.,0.1,Neutral
"Sun, 01 Mar 2026 08:00:00 GMT",Unknown,Iran Blocks Strait of Hormuz,0.0,Neutral
"Sat, 28 Feb 2026 08:00:00 GMT",Unknown,Iranian Navy tells ships to avoid Strait of Hormuz,0.0,Neutral
"Sat, 28 Feb 2026 08:00:00 GMT",Unknown,How the attack on Iran could impact the global oil market and economy,0.0,Neutral
"Sat, 28 Feb 2026 08:00:00 GMT",Unknown,Iran Threatens to Close the Strait That Moves 20% of Global Oil,0.0,Neutral
"Sun, 01 Mar 2026 08:00:00 GMT",Unknown,2 ships hit in Strait of Hormuz amid Iran-US-Israel war,0.0,Neutral
"Sat, 28 Feb 2026 08:00:00 GMT",Unknown,Insurers to cancel policies and raise prices for ships in Gulf and Strait of Hormuz,0.0,Neutral
"Sun, 01 Mar 2026 08:00:00 GMT",Unknown,Strait of Hormuz in focus as Iran attacks expose Gulf energy transport risks,0.0,Neutral
"Sun, 01 Mar 2026 08:00:00 GMT",Unknown,Strait Of Hormuz: Iran's 50-Km-Wide Geopolitical Bargaining Chip,0.0,Neutral
"Sat, 28 Feb 2026 08:00:00 GMT",Unknown,What is the Strait of Hormuz and why is it so important for oil?,0.4,Positive
"Sat, 28 Feb 2026 08:00:00 GMT",Unknown,How strikes on Iran put focus on the Strait of Hormuz,0.0,Neutral
"Sat, 28 Feb 2026 08:00:00 GMT",Unknown,Oil shipments halted as Iran closes Strait of Hormuz in response to US strikes,0.0,Neutral
"Sun, 01 Mar 2026 08:00:00 GMT",Unknown,Shipping traffic through Strait of Hormuz plummets after attacks on Iran,0.0,Neutral
"Sat, 28 Feb 2026 08:00:00 GMT",Unknown,"Iran begins maneuvers to close the Strait of Hormuz, a strategic point for international trade",0.0,Neutral
"Sat, 28 Feb 2026 08:00:00 GMT",Unknown,Iran moves to close Strait of Hormuz after strikes,0.0,Neutral
"Sun, 01 Mar 2026 08:00:00 GMT",Unknown,Iran blocks Strait of Hormuz: What it means for global oil and China's energy security,0.0,Neutral
"Sat, 28 Feb 2026 08:00:00 GMT",Unknown,Iran reportedly warns crucial oil trade route Strait of Hormuz is closed,-0.05,Neutral
"Sun, 01 Mar 2026 08:00:00 GMT",Unknown,Explainer: Why the Strait of Hormuz is in focus [WATCH],0.0,Neutral
"Sun, 01 Mar 2026 08:00:00 GMT",Unknown,Strait of Hormuz Closure: Devastating Global Economic Consequences Revealed,-0.27,Negative
"Mon, 02 Mar 2026 08:00:00 GMT",Unknown,The Strait of Hormuz crisis explained: What it means for global shipping,0.0,Neutral
"Mon, 02 Mar 2026 08:00:00 GMT",Unknown,Iran vows to attack any ship trying to pass through Strait of Hormuz,0.0,Neutral
"Mon, 02 Mar 2026 08:00:00 GMT",Unknown,Maritime security update: Gulf Region / Strait of Hormuz and Red Sea,0.0,Neutral
"Mon, 02 Mar 2026 08:00:00 GMT",Unknown,Oil Products Arbs and Flows: All Eyes On Strait of Hormuz,0.0,Neutral
"Mon, 02 Mar 2026 08:00:00 GMT",Unknown,Strait of Hormuz Maritime Blockade and Its Economic Impact,0.2,Neutral
"Mon, 02 Mar 2026 08:00:00 GMT",Unknown,Iran says will attack any ship trying to pass through Strait of Hormuz,0.0,Neutral
"Mon, 02 Mar 2026 08:00:00 GMT",Unknown,Iran threatens to burn ships transiting the Strait of Hormuz,0.0,Neutral
"Mon, 02 Mar 2026 08:00:00 GMT",Unknown,All about the Strait of Hormuz and what's at stake if the key global oil supply route is disrupted by war,0.0,Neutral
"Mon, 02 Mar 2026 08:00:00 GMT",Unknown,Energy prices surge as tanker disruptions and facility shutdowns rattle global supply,0.0,Neutral
"Mon, 02 Mar 2026 08:00:00 GMT",Unknown,What disrupting the strait of Hormuz could mean for global cost-of-living pressures,-0.16,Neutral
"Mon, 02 Mar 2026 08:00:00 GMT",Unknown,"Strait of Hormuz, the world's most critical oil chokepoint",0.25,Positive
"Mon, 02 Mar 2026 08:00:00 GMT",Unknown,"Ships in Strait of Hormuz to be 'set ablaze', IRGC official says, as insurers cancel coverage",0.0,Neutral
"Mon, 02 Mar 2026 08:00:00 GMT",Unknown,"Iran-US conflict overview: Hormuz Strait closed, vessels seek shelter, carriers suspend bookings",-0.1,Neutral
"Mon, 02 Mar 2026 08:00:00 GMT",Unknown,Persian Gulf tanker rates spike as Hormuz traffic drops on Iran conflict,0.0,Neutral
"Mon, 02 Mar 2026 08:00:00 GMT",Unknown,Oil and gas prices jump and shares fall as conflict escalates,0.0,Neutral
"Mon, 02 Mar 2026 08:00:00 GMT",Unknown,Hormuz traffic slows as Iran threatens to set 'ships on fire',0.0,Neutral
"Mon, 02 Mar 2026 08:00:00 GMT",Unknown,Oil soars amid Strait of Hormuz shipping fears as Iran war drives prices to nearly $80,0.1,Neutral
"Mon, 02 Mar 2026 08:00:00 GMT",Unknown,"Iran shuts down Strait of Hormuz, oil, and gas prices rise",-0.16,Neutral
"Mon, 02 Mar 2026 08:00:00 GMT",Unknown,How western navies can keep the Strait of Hormuz open,0.0,Neutral
"Mon, 02 Mar 2026 08:00:00 GMT",Unknown,Video. Why the Strait of Hormuz is crucial to global oil and maritime trade,0.0,Neutral
"Mon, 02 Mar 2026 08:00:00 GMT",Unknown,Why world powers have a major interest in keeping Strait of Hormuz open,0.03,Neutral
"Mon, 02 Mar 2026 08:00:00 GMT",Unknown,"Oil prices to remain high for days with Strait of Hormuz in spotlight, analysts say",0.16,Neutral
"Mon, 02 Mar 2026 08:00:00 GMT",Unknown,Oil surges after US-Israel strikes on Iran: Strait of Hormuz risk in focus,0.0,Neutral
"Mon, 02 Mar 2026 08:00:00 GMT",Unknown,"About 10% of global container fleet caught in Hormuz backup, shipping CEO says",0.0,Neutral
"Mon, 02 Mar 2026 08:00:00 GMT",Unknown,Strait of Hormuz under fire. Maritime transport in the Middle East suspended,0.0,Neutral
"Mon, 02 Mar 2026 08:00:00 GMT",Unknown,Strait of Hormuz closure sparks concern over possible global oil shock,0.0,Neutral
"Mon, 02 Mar 2026 08:00:00 GMT",Unknown,How the war in Iran could ‘guarantee’ a global recession,0.0,Neutral
"Mon, 02 Mar 2026 08:00:00 GMT",Unknown,Asia’s main oil artery is all but blocked. What happens now?,0.17,Neutral
"Mon, 02 Mar 2026 08:00:00 GMT",Unknown,Strait of Hormuz shut. Iran will ‘set fire to anyone who tries to pass through’,-0.1,Neutral
"Mon, 02 Mar 2026 08:00:00 GMT",Unknown,Business,0.17,Neutral
"Mon, 02 Mar 2026 08:00:00 GMT",Unknown,COMMENTARY: Forget OPEC+ output hike. Duration of Hormuz disruption is what matters,0.0,Neutral
"Mon, 02 Mar 2026 08:00:00 GMT",Unknown,"Iran's Revolutionary Guards declare Strait of Hormuz closed, threaten to fire on any ship trying to pass",-0.1,Neutral
"Mon, 02 Mar 2026 08:00:00 GMT",Unknown,Maritime insurers cancel war risk cover in Gulf as Iran conflict disrupts shipping,0.0,Neutral
"Mon, 02 Mar 2026 08:00:00 GMT",Unknown,Iran ceases all shipping in Strait of Hormuz after U.S.-Israel strikes,0.0,Neutral
"Mon, 02 Mar 2026 08:00:00 GMT",Unknown,Strait of Hormuz closed as Iran war spills out into neighboring Gulf nations,-0.1,Neutral
"Mon, 02 Mar 2026 08:00:00 GMT",Unknown,Another oil tanker hit by drone boat as Strait of Hormuz tensions rise,0.0,Neutral
"Sun, 01 Mar 2026 08:00:00 GMT",Unknown,Ships avoid ‘closed’ Strait of Hormuz in hit to oil flows,-0.1,Neutral
"Mon, 02 Mar 2026 08:00:00 GMT",Unknown,Hormuz crisis is a wake-up call for complacent gas consumers,0.0,Neutral
"Mon, 02 Mar 2026 08:00:00 GMT",Unknown,Oil climbs as Iran conflict threatens vital Strait of Hormuz,0.07,Neutral
"Mon, 02 Mar 2026 08:00:00 GMT",Unknown,Gas prices soar and oil jumps as Iran war pushes down global stock markets,-0.08,Neutral
"Mon, 02 Mar 2026 08:00:00 GMT",Unknown,Oil prices surge after attacks on tankers in Strait of Hormuz,0.0,Neutral
"Mon, 02 Mar 2026 08:00:00 GMT",Unknown,US-Israel strikes on Iran put focus on the Strait of Hormuz,0.0,Neutral
"Mon, 02 Mar 2026 08:00:00 GMT",Unknown,Strait of Hormuz Disrupted After Iranian Attacks Near Oman｜Daily News Digest｜2026-03-02｜web only,0.05,Neutral
"Mon, 02 Mar 2026 08:00:00 GMT",Unknown,Iran warns ships to stay out of Strait of Hormuz: Why it matters,0.0,Neutral
"Sun, 01 Mar 2026 13:44:48 GMT",Unknown,The significance of the Strait of Hormuz,0.0,Neutral
"Mon, 02 Mar 2026 08:00:00 GMT",Unknown,The narrow strait of water putting oil prices and freight costs on the brink,-0.13,Neutral
"Mon, 02 Mar 2026 08:00:00 GMT",Unknown,Why is the Strait of Hormuz so important in the Iran-Israel conflict and which country controls the area?,0.4,Positive
"Mon, 02 Mar 2026 08:00:00 GMT",Unknown,Japan shipping companies halt operations in Strait of Hormuz,0.0,Neutral
"Mon, 02 Mar 2026 08:00:00 GMT",Unknown,What's happening around the Strait of Hormuz as conflict escalates?,0.0,Neutral
"Mon, 02 Mar 2026 08:00:00 GMT",Unknown,Explainer: What happens if Iran closes the Strait of Hormuz?,0.0,Neutral
"Mon, 02 Mar 2026 08:00:00 GMT",Unknown,Strait of Hormuz impasse squeezes world shipping [WATCH],0.0,Neutral
"Mon, 02 Mar 2026 08:00:00 GMT",Unknown,Oil spikes as widening Iran crisis disrupts flows through Hormuz,0.0,Neutral
"Tue, 03 Mar 2026 08:00:00 GMT",Unknown,Global Markets and the Strait of Hormuz: The Economic Shockwaves of the Iran War,0.06,Neutral
"Tue, 03 Mar 2026 08:00:00 GMT",Unknown,International,0.0,Neutral
"Tue, 03 Mar 2026 08:00:00 GMT",Unknown,Why unrest in the Strait of Hormuz is leading to rising oil and gasoline prices,0.5,Positive
"Tue, 03 Mar 2026 08:00:00 GMT",Unknown,Strait of Hormuz Closure: Impacts on Oil and Supply Chains,0.0,Neutral
"Tue, 03 Mar 2026 08:00:00 GMT",Unknown,How the US and its allies can prevent an energy supply crisis in the Strait of Hormuz,0.0,Neutral
"Tue, 03 Mar 2026 08:00:00 GMT",Unknown,"What is the Strait of Hormuz, and why does its closure matter so much to the global economy?",0.1,Neutral
"Tue, 03 Mar 2026 08:00:00 GMT",Unknown,Shutdown of Hormuz Strait raises fears of soaring oil prices,0.0,Neutral
"Tue, 03 Mar 2026 08:00:00 GMT",Unknown,US mulls military support for vulnerable oil supplies in Strait of Hormuz,-0.3,Negative
"Tue, 03 Mar 2026 08:00:00 GMT",Unknown,Is the Strait of Hormuz really closed to shipping?,-0.1,Neutral
"Tue, 03 Mar 2026 08:00:00 GMT",Unknown,"Trump: U.S. Navy May Escort Tankers Through Strait of Hormuz, More European Warships en Route to Med",0.25,Positive
"Tue, 03 Mar 2026 08:00:00 GMT",Unknown,Iran has largely halted oil and gas exports through strait of Hormuz,0.21,Positive
"Tue, 03 Mar 2026 08:00:00 GMT",Unknown,"Strait of Hormuz Global Oil, Gas Trade Disrupted Amid Iran War",0.0,Neutral
"Tue, 03 Mar 2026 08:00:00 GMT",Unknown,Suspension of Strait of Hormuz Transits Due to Security Closure,-0.12,Neutral
"Tue, 03 Mar 2026 08:00:00 GMT",Unknown,The Strait of Hormuz is facing a blockade. These countries will be most impacted,0.5,Positive
"Tue, 03 Mar 2026 08:00:00 GMT",Unknown,"Iran claims Hormuz Strait is closed, threatens to set shipping there ‘ablaze’",-0.1,Neutral
"Tue, 03 Mar 2026 08:00:00 GMT",Unknown,China presses Iran to keep Hormuz open as Asian buyers brace for LNG shortfalls,0.0,Neutral
"Tue, 03 Mar 2026 08:00:00 GMT",Unknown,China Calls on All Sides to Protect Ships Transiting Hormuz,0.0,Neutral
"Tue, 03 Mar 2026 08:00:00 GMT",Unknown,News Content Hub,-0.1,Neutral
"Tue, 03 Mar 2026 08:00:00 GMT",Unknown,Trump says US Navy could escort ships through Strait of Hormuz,0.0,Neutral
"Tue, 03 Mar 2026 08:00:00 GMT",Unknown,The Strait of Hormuz crisis and its devastating impact on Asia-Gulf trade,-1.0,Negative
"Tue, 03 Mar 2026 08:00:00 GMT",Unknown,Greek shipping minister warns of alarming situation in Strait of Hormuz,-0.05,Neutral
"Tue, 03 Mar 2026 08:00:00 GMT",Unknown,How War in the Middle East Is Choking Off the World’s Oil and Gas,0.05,Neutral
"Tue, 03 Mar 2026 08:00:00 GMT",Unknown,Charted: Oil Trade Through the Strait of Hormuz by Country,0.0,Neutral
"Tue, 03 Mar 2026 08:00:00 GMT",Unknown,"Trump offers U.S. insurance, military escorts to energy tankers in Mideast",0.0,Neutral
"Tue, 03 Mar 2026 08:00:00 GMT",Unknown,Oil supertanker rates hit all-time high as insurers drop war risk protection in the Middle East,0.08,Neutral
"Tue, 03 Mar 2026 08:00:00 GMT",Unknown,"Trump Says US Will Escort, Insure Tankers for Hormuz Routes",0.0,Neutral
"Tue, 03 Mar 2026 08:00:00 GMT",Unknown,4 numbers that explain why the Strait of Hormuz is so crucial in Iran war,0.0,Neutral
"Tue, 03 Mar 2026 08:00:00 GMT",Unknown,China calls for vessels in strait of Hormuz to be protected amid soaring shipping costs,0.0,Neutral
"Tue, 03 Mar 2026 08:00:00 GMT",Unknown,How Iran strikes in the Strait of Hormuz pushed oil prices higher,0.25,Positive
"Tue, 03 Mar 2026 08:00:00 GMT",Unknown,China Pressures Iran to Keep Strait of Hormuz Open to Oil and Gas Flows,-0.23,Negative
"Tue, 03 Mar 2026 08:00:00 GMT",Unknown,Oil prices ease after Trump says U.S. will insure tankers transiting Strait of Hormuz,0.0,Neutral
"Tue, 03 Mar 2026 08:00:00 GMT",Unknown,"China presses Iran not to block Strait of Hormuz, Bloomberg says",0.0,Neutral
"Tue, 03 Mar 2026 08:00:00 GMT",Unknown,Free Press Opinion: The U.S. needs to reopen the Strait of Hormuz as soon as possible,0.24,Positive
"Tue, 03 Mar 2026 08:00:00 GMT",Unknown,"Chinese expert weighs in on impact of Strait of Hormuz blockade, Iran’s capability of controlling the strait",0.0,Neutral
"Tue, 03 Mar 2026 08:00:00 GMT",Unknown,You may pay more for gas after Iran closes Strait of Hormuz oil route,0.5,Positive
"Tue, 03 Mar 2026 08:00:00 GMT",Unknown,"Iraq reduces oil output, more cuts to come if Hormuz disruptions persist, Iraqi oil officials say",0.5,Positive
"Tue, 03 Mar 2026 08:00:00 GMT",Unknown,Iran War: The US Has to Reopen the Strait of Hormuz as Soon as Possible,0.0,Neutral
"Tue, 03 Mar 2026 08:00:00 GMT",Unknown,Strait of Hormuz disruption threatens Middle East food imports,0.0,Neutral
"Tue, 03 Mar 2026 08:00:00 GMT",Unknown,"Iran declares Strait of Hormuz closed, warns ships not to pass",-0.1,Neutral
"Tue, 03 Mar 2026 08:00:00 GMT",Unknown,Japan says Iran's Strait of Hormuz closure not yet 'survival-threatening',0.0,Neutral
"Tue, 03 Mar 2026 08:00:00 GMT",Unknown,Marine traffic 'down to zero' due to Middle East conflict,-0.08,Neutral
"Tue, 03 Mar 2026 08:00:00 GMT",Unknown,Why is the Strait of Hormuz so vital and how could disruption affect UK bills? | ITV News,0.1,Neutral
"Tue, 03 Mar 2026 08:00:00 GMT",Unknown,Trump issues Strait of Hormuz order to address oil crisis after Iran threats,0.0,Neutral
"Tue, 03 Mar 2026 08:00:00 GMT",Unknown,Russian official warns Hormuz Strait closure could disrupt global commodity markets,0.0,Neutral
"Tue, 03 Mar 2026 08:00:00 GMT",Unknown,Strait of Hormuz: The 39km-wide stretch of water threatening to throw the global economy into turmoil,0.0,Neutral
"Tue, 03 Mar 2026 08:00:00 GMT",Unknown,"What is the Strait of Hormuz and why does it matter to the economy, markets and investors?",0.0,Neutral
"Tue, 03 Mar 2026 08:00:00 GMT",Unknown,"Iran shuts key oil route Strait of Hormuz, vows to burn ships that try to pass",0.0,Neutral
"Tue, 03 Mar 2026 08:00:00 GMT",Unknown,How will Malta be impacted by the Strait of Hormuz closure?,0.0,Neutral
"Wed, 04 Mar 2026 08:00:00 GMT",Unknown,WATCH: How traffic dried up in the Strait of Hormuz since the Iran war began,-0.2,Neutral
"Wed, 04 Mar 2026 08:00:00 GMT",Unknown,IRGC says Iran in ‘complete control’ of Strait of Hormuz amid Trump threats,0.1,Neutral
"Wed, 04 Mar 2026 08:00:00 GMT",Unknown,"US-Iran War Puts Strait Of Hormuz Under Fire, Disrupting Global Energy Trade",0.0,Neutral
"Wed, 04 Mar 2026 08:00:00 GMT",Unknown,"Shipping slows to a crawl through Strait of Hormuz, threatening to snarl international trade",0.0,Neutral
"Wed, 04 Mar 2026 08:00:00 GMT",Unknown,FACTBOX: Hormuz oil flows still at a standstill despite US insurance pledge,0.0,Neutral
"Wed, 04 Mar 2026 08:00:00 GMT",Unknown,How Iran's Strait of Hormuz shutdown could hit the global economy,0.0,Neutral
"Wed, 04 Mar 2026 08:00:00 GMT",Unknown,Strait of Hormuz: From slowdown to standstill,0.0,Neutral
"Wed, 04 Mar 2026 08:00:00 GMT",Unknown,"Hormuz Closure Hits Mexico’s Oil, Shipping, and Trade Costs",0.0,Neutral
"Wed, 04 Mar 2026 08:00:00 GMT",Unknown,"After Iran threats, US stalling, is the Strait of Hormuz closed?",-0.02,Neutral
"Wed, 04 Mar 2026 08:00:00 GMT",Unknown,"Strait of Hormuz clear of Iran navy ships, US commander says",0.1,Neutral
"Wed, 04 Mar 2026 08:00:00 GMT",Unknown,"Fact Check Team: Strait of Hormuz risks explained, US gears up to protect shipping",0.0,Neutral
"Wed, 04 Mar 2026 08:00:00 GMT",Unknown,The Strait of Hormuz and Its Impact on the Global Energy Market,0.0,Neutral
"Wed, 04 Mar 2026 08:00:00 GMT",Unknown,"Oil seen elevated as Hormuz risks intensify amid Iran conflict, analysts say",0.0,Neutral
"Wed, 04 Mar 2026 08:00:00 GMT",Unknown,"Container ship hit in Strait of Hormuz, nearly 150 vessels trapped",-0.05,Neutral
"Wed, 04 Mar 2026 08:00:00 GMT",Unknown,Strait of Hormuz – its closure and its implications,0.0,Neutral
"Wed, 04 Mar 2026 08:00:00 GMT",Unknown,Iran War Brings Strait of Hormuz Traffic to a Halt: Evening Briefing Americas,0.0,Neutral
"Wed, 04 Mar 2026 08:00:00 GMT",Unknown,Global oil and gas shipping costs surge as Iran vows to close Strait of Hormuz,0.0,Neutral
"Wed, 04 Mar 2026 08:00:00 GMT",Unknown,Strait of Hormuz Shipping Falls After Insurance Pullback,0.0,Neutral
"Wed, 04 Mar 2026 08:00:00 GMT",Unknown,Strait of Hormuz: Gulf states’ food security is at immediate risk but wider shortages could push up consumer prices globally,0.0,Neutral
"Wed, 04 Mar 2026 08:00:00 GMT",Unknown,"COMMENTARY: Trump's Hormuz shipping plan is too little, too late in race to avert energy shock",-0.24,Negative
"Wed, 04 Mar 2026 08:00:00 GMT",Unknown,Strait of Hormuz: The Oil Bottleneck Threatening the Global Economy,0.0,Neutral
"Wed, 04 Mar 2026 08:00:00 GMT",Unknown,Where Else Can The World Get Energy After Iran’s Blockade Of Hormuz?,0.0,Neutral
"Wed, 04 Mar 2026 08:00:00 GMT",Unknown,"Strait of Hormuz disruption: Which container vessels are trapped, waiting, or diverting?",-0.2,Neutral
"Wed, 04 Mar 2026 08:00:00 GMT",Unknown,What are Europe's oil route alternatives to the Strait of Hormuz?,0.0,Neutral
"Wed, 04 Mar 2026 08:00:00 GMT",Unknown,The Global Costs of Instability in the Strait of Hormuz,0.0,Neutral
"Wed, 04 Mar 2026 08:00:00 GMT",Unknown,Tanker makes secret trip in Strait of Hormuz as another ship is hit,-0.4,Negative
"Wed, 04 Mar 2026 08:00:00 GMT",Unknown,What Happens If the Strait of Hormuz Stays Closed?,-0.1,Neutral
"Wed, 04 Mar 2026 08:00:00 GMT",Unknown,Iran's hold on Strait of Hormuz could cause delays close to home,0.0,Neutral
"Wed, 04 Mar 2026 08:00:00 GMT",Unknown,Shipping Has Collapsed Through Vital Strait of Hormuz,0.1,Neutral
"Wed, 04 Mar 2026 08:00:00 GMT",Unknown,Breakingviews,0.0,Neutral
"Wed, 04 Mar 2026 08:00:00 GMT",Unknown,Strait of Hormuz closure affects chemicals and plastics exports,0.0,Neutral
"Wed, 04 Mar 2026 08:00:00 GMT",Unknown,The High Stakes of Keeping the Strait of Hormuz Open,0.09,Neutral
"Wed, 04 Mar 2026 08:00:00 GMT",Unknown,"Gulf shipping crisis deepens as tankers stranded for fifth day, US sinks Iranian warship",-0.1,Neutral
"Wed, 04 Mar 2026 08:00:00 GMT",Unknown,Bulk Carrier Claiming to Be Chinese Passes Through Hormuz Strait,0.0,Neutral
"Wed, 04 Mar 2026 08:00:00 GMT",Unknown,"Iran Claims It Has ""Complete Control"" Over Strait of Hormuz",-0.17,Neutral
"Wed, 04 Mar 2026 08:00:00 GMT",Unknown,"Hormuz shutdown could force Iraq, Kuwait to curb oil output within days, JP Morgan says",0.0,Neutral
"Wed, 04 Mar 2026 08:00:00 GMT",Unknown,Which European countries' ships are most hit by the Hormuz crisis?,0.25,Positive
"Wed, 04 Mar 2026 08:00:00 GMT",Unknown,Asia refining margins rocket to highest in nearly 4 years on Hormuz supply disruption,0.1,Neutral
"Wed, 04 Mar 2026 08:00:00 GMT",Unknown,Can Trump get tankers passing through the Strait of Hormuz again?,0.0,Neutral
"Wed, 04 Mar 2026 08:00:00 GMT",Unknown,FirstFT: The battle for the Strait of Hormuz,0.0,Neutral
"Wed, 04 Mar 2026 08:00:00 GMT",Unknown,White House: US working on plan to secure Hormuz Strait; dominance over Iran airspace expected 'in the coming hours',0.1,Neutral
"Wed, 04 Mar 2026 08:00:00 GMT",Unknown,"Trump’s Hormuz Assurances Are Only a Partial Fix, Shippers Say",-0.05,Neutral
"Wed, 04 Mar 2026 08:00:00 GMT",Unknown,"Shipping slows through Strait of Hormuz, impacting gas prices",0.0,Neutral
"Wed, 04 Mar 2026 08:00:00 GMT",Unknown,How Iran’s ‘complete control’ of the Strait of Hormuz is wreaking havoc on the world’s oil and gas supply,0.07,Neutral
"Tue, 03 Mar 2026 08:00:00 GMT",Unknown,What to know about the Strait of Hormuz amid the widening Iran war,0.0,Neutral
"Wed, 04 Mar 2026 08:00:00 GMT",Unknown,Iran To Allow Only Chinese Vessels Through Strait Of Hormuz: Sources,0.0,Neutral
"Wed, 04 Mar 2026 08:00:00 GMT",Unknown,Everyone Is Watching Strait Of Hormuz. The Real Warning Is Coming From Korea,0.2,Neutral
"Wed, 04 Mar 2026 08:00:00 GMT",Unknown,Iran’s plan to turn the Strait of Hormuz into a death trap for Trump,0.0,Neutral
"Wed, 04 Mar 2026 08:00:00 GMT",Unknown,Hormuz shutdown worsens after US hits Iranian warship; tankers stranded for fifth day,0.0,Neutral
"Thu, 05 Mar 2026 08:00:00 GMT",Unknown,"Hormuz Shutdown: Impact on Dry Bulk, LNG & Trade Risk",-0.07,Neutral
"Thu, 05 Mar 2026 08:00:00 GMT",Unknown,Op-Ed: What's the Plan for the Strait of Hormuz?,0.0,Neutral
"Thu, 05 Mar 2026 08:00:00 GMT",Unknown,"Iran says targeting Western-linked ships at Hormuz, denies full closure",0.23,Positive
"Thu, 05 Mar 2026 08:00:00 GMT",Unknown,Watch shipping through the Strait of Hormuz grind to a halt amid Iran conflict,0.0,Neutral
"Thu, 05 Mar 2026 08:00:00 GMT",Unknown,"China in talks with Iran to allow safe oil and gas passage through Hormuz, sources say",0.5,Positive
"Thu, 05 Mar 2026 08:00:00 GMT",Unknown,Timelapse shows change in the flow of ships in the Strait of Hormuz,0.0,Neutral
"Thu, 05 Mar 2026 08:00:00 GMT",Unknown,Iranian foreign minister on whether the Strait of Hormuz will close,-0.12,Neutral
"Thu, 05 Mar 2026 08:00:00 GMT",Unknown,Iran could disrupt the Strait of Hormuz with drones for months,0.0,Neutral
"Thu, 05 Mar 2026 08:00:00 GMT",Unknown,Not just oil. What else flows through the Strait of Hormuz,0.0,Neutral
"Thu, 05 Mar 2026 08:00:00 GMT",Unknown,"Hormuz Shipping Chaos, Smelter Shutdowns Threaten Aluminum Supply",0.0,Neutral
"Thu, 05 Mar 2026 08:00:00 GMT",Unknown,"With the Strait of Hormuz blocked, regional trade disruptions could ripple across the globe",0.0,Neutral
"Thu, 05 Mar 2026 08:00:00 GMT",Unknown,See tanker traffic in the Strait of Hormuz come to a standstill,0.0,Neutral
"Thu, 05 Mar 2026 08:00:00 GMT",Unknown,Marine insurers claim war cover available for Strait of Hormuz,0.4,Positive
"Thu, 05 Mar 2026 08:00:00 GMT",Unknown,"With Oil Flows Interrupted Through Hormuz, How China Keeps Its Economy Running | Alhurra",0.0,Neutral
"Thu, 05 Mar 2026 08:00:00 GMT",Unknown,"Strait of Hormuz Shipping Is at Near-Total Halt, JMIC Says",0.0,Neutral
"Thu, 05 Mar 2026 08:00:00 GMT",Unknown,Strait of Hormuz Crisis,0.5,Positive
"Thu, 05 Mar 2026 08:00:00 GMT",Unknown,Trump has a plan to open the Strait of Hormuz. Here are the obstacles it faces.,-0.03,Neutral
"Thu, 05 Mar 2026 08:00:00 GMT",Unknown,"Oil Hope For India? Iran Says Hormuz Strait Only Closed To US, Israel, Europe",-0.05,Neutral
"Thu, 05 Mar 2026 08:00:00 GMT",Unknown,How closure of Strait of Hormuz shows how trade can be weaponised,0.0,Neutral
"Thu, 05 Mar 2026 08:00:00 GMT",Unknown,The billionaire ‘buccaneer’ braving the Strait of Hormuz,0.0,Neutral
"Thu, 05 Mar 2026 08:00:00 GMT",Unknown,"Running out of oil, not ammo, may be Operation Epic Fury’s biggest risk",0.1,Neutral
"Thu, 05 Mar 2026 08:00:00 GMT",Unknown,How the Strait of Hormuz closure affects our oil prices,0.0,Neutral
"Thu, 05 Mar 2026 08:00:00 GMT",Unknown,Oil tanker traffic through Strait of Hormuz down 90% amid war on Iran: Kpler,-0.16,Neutral
"Thu, 05 Mar 2026 08:00:00 GMT",Unknown,Opinion: Trump’s vow to secure Strait of Hormuz implausible after his Venezuelan turnabout,0.4,Positive
"Thu, 05 Mar 2026 08:00:00 GMT",Unknown,Bulk carrier claiming to be Chinese passes through Hormuz Strait,0.0,Neutral
"Thu, 05 Mar 2026 08:00:00 GMT",Unknown,Disruptions in the Strait of Hormuz: 20% of Global Oil Flow at Risk,0.0,Neutral
"Thu, 05 Mar 2026 08:00:00 GMT",Unknown,"""Conflict has reached our backyard, yet PM said nothing"": Rahul Gandhi on US attack on Iranian warship",0.0,Neutral
"Fri, 06 Mar 2026 08:00:00 GMT",Unknown,"No One, Not Even Beijing, Is Getting Through the Strait of Hormuz",-0.05,Neutral
"Fri, 06 Mar 2026 08:00:00 GMT",Unknown,IMO Secretary-General: Seafarer deaths in Strait of Hormuz unacceptable,0.0,Neutral
"Fri, 06 Mar 2026 08:00:00 GMT",Unknown,Iran’s Chokehold on Persian Gulf Waterway Strains Shipping,0.14,Neutral
"Fri, 06 Mar 2026 08:00:00 GMT",Unknown,Iran war: See how tanker traffic collapsed in the Strait of Hormuz,0.0,Neutral
"Fri, 06 Mar 2026 08:00:00 GMT",Unknown,Iran Just Closed the Strait of Hormuz. What Happens Next?,-0.05,Neutral
"Fri, 06 Mar 2026 08:00:00 GMT",Unknown,Oil Tanker Traffic in the Straits of Hormuz,0.0,Neutral
"Fri, 06 Mar 2026 08:00:00 GMT",Unknown,Only nine commercial ships detected crossing Hormuz Strait since Monday,0.0,Neutral
"Fri, 06 Mar 2026 08:00:00 GMT",Unknown,Trump wants U.S. Navy to escort tankers through the Gulf. Why that plan may not work,0.2,Neutral
"Fri, 06 Mar 2026 08:00:00 GMT",Unknown,"Bypassing Hormuz: how technology, not territory, will win the new energy war",0.47,Positive
"Fri, 06 Mar 2026 08:00:00 GMT",Unknown,Watch How One Ship Navigated Hormuz Amid Iran War,0.0,Neutral
"Fri, 06 Mar 2026 08:00:00 GMT",Unknown,Strait of Hormuz closed: Iran’s leverage over global oil and gas,-0.04,Neutral
"Fri, 06 Mar 2026 08:00:00 GMT",Unknown,"US signals readiness to escort tankers through Hormuz as traffic thins, but no mission has been launched",0.0,Neutral
"Fri, 06 Mar 2026 08:00:00 GMT",Unknown,The Billionaire Whose Ships Are Braving Missiles in the Strait of Hormuz,0.0,Neutral
"Fri, 06 Mar 2026 08:00:00 GMT",Unknown,US Charts $20 Billion Reinsurance Plan for Hormuz Traffic,0.0,Neutral
"Fri, 06 Mar 2026 08:00:00 GMT",Unknown,Surge in GPS interference around Strait of Hormuz increases shipping risks,0.0,Neutral
"Fri, 06 Mar 2026 08:00:00 GMT",Unknown,Deadly attack on tug assisting abandoned container ship in Strait of Hormuz,-0.2,Neutral
"Fri, 06 Mar 2026 08:00:00 GMT",Unknown,Japan in bind over possible SDF mission in Strait of Hormuz,0.0,Neutral
"Fri, 06 Mar 2026 08:00:00 GMT",Unknown,Daily Ship Traffic in Strait of Hormuz Plummets From 138 to Just 2,-0.23,Negative
"Fri, 06 Mar 2026 08:00:00 GMT",Unknown,IMO chief condemns deadly Strait of Hormuz tug attack,-0.2,Neutral
"Fri, 06 Mar 2026 08:00:00 GMT",Unknown,Trump’s Strait of Hormuz Problem,0.14,Neutral
"Fri, 06 Mar 2026 08:00:00 GMT",Unknown,The real threat from a Strait of Hormuz closure isn’t an oil shortage – it’s a global food crisis,0.08,Neutral
"Fri, 06 Mar 2026 08:00:00 GMT",Unknown,"As Iran chokes Strait of Hormuz, U.S. vows $20B for maritime reinsurance",0.0,Neutral
"Fri, 06 Mar 2026 08:00:00 GMT",Unknown,"Umuhora wa Hormuz ni iki, ese waba ufite akahe kamaro?",0.0,Neutral
"Fri, 06 Mar 2026 08:00:00 GMT",Unknown,Merchant ships continue to be stranded upstream of Strait of Hormuz,0.0,Neutral
"Fri, 06 Mar 2026 08:00:00 GMT",Unknown,Impact of Strait of Hormuz closure ‘goes beyond the price of oil’: economist,0.0,Neutral
"Fri, 06 Mar 2026 08:00:00 GMT",Unknown,Limited impact from Hormuz Strait closure,-0.07,Neutral
"Fri, 06 Mar 2026 11:05:57 GMT",Unknown,Refusing Transit Through the Strait of Hormuz,0.0,Neutral
"Sat, 07 Mar 2026 08:00:00 GMT",Unknown,Best protection for ships sailing through Strait of Hormuz may be claiming to be a 'Chinese' vessel,0.5,Positive
"Sat, 07 Mar 2026 08:00:00 GMT",Unknown,The view from the Strait of Hormuz: Ground zero for Iran’s war on global commerce,0.0,Neutral
"Sat, 07 Mar 2026 08:00:00 GMT",Unknown,Kuwait cuts oil production as Strait of Hormuz closure disrupts global energy market,0.0,Neutral
"Sat, 07 Mar 2026 08:00:00 GMT",Unknown,Iran's Guards challenges Trump to have US Navy escort oil tankers in Strait of Hormuz,0.0,Neutral
"Sat, 07 Mar 2026 08:00:00 GMT",Unknown,Iran's IRGC claims strike on tanker in Strait of Hormuz,0.0,Neutral
"Sat, 07 Mar 2026 08:00:00 GMT",Unknown,Drone strike torches oil tanker in Strait of Hormuz as Iran’s blockade halts global shipping,0.05,Neutral
"Sat, 07 Mar 2026 08:00:00 GMT",Unknown,Iran again denies reports of closing Strait of Hormuz,0.0,Neutral
"Sun, 08 Mar 2026 08:00:00 GMT",Unknown,Energy Secretary Says Tankers Could Start Moving Soon,0.14,Neutral
"Sun, 08 Mar 2026 08:00:00 GMT",Unknown,"Iraqi oil production collapses with Strait of Hormuz blocked by conflict, sources say",0.0,Neutral
"Sun, 08 Mar 2026 08:00:00 GMT",Unknown,China tries to unblock its shipping in the Strait of Hormuz,-0.1,Neutral
"Sun, 08 Mar 2026 08:00:00 GMT",Unknown,HORMUZ TRACKER: Iran-Linked Ships Are the Only Ones to Transit,0.0,Neutral
"Sun, 08 Mar 2026 08:00:00 GMT",Unknown,"With the Strait of Hormuz Closed, the Long-Feared Persian Gulf Oil Squeeze Is Upon Us",-0.1,Neutral
"Sun, 08 Mar 2026 08:00:00 GMT",Unknown,Wright downplays concerns over closure of key shipping lane’s impact on oil prices,0.0,Neutral
"Sun, 08 Mar 2026 08:00:00 GMT",Unknown,China Bolsters Naval Presence in Strait of Hormuz Amid US Pressure on Iran and Venezuela,0.2,Neutral
"Sun, 08 Mar 2026 08:00:00 GMT",Unknown,"War in Iran cuts tanker traffic through Strait of Hormuz, sending gas prices surging in WA",0.0,Neutral
"Sun, 08 Mar 2026 08:00:00 GMT",Unknown,Russia takes advantage of Hormuz Strait closure,0.0,Neutral
"Sun, 08 Mar 2026 08:00:00 GMT",Unknown,The battle for the Strait of Hormuz is coming. What can Britain do?,0.0,Neutral
"Sun, 08 Mar 2026 08:00:00 GMT",Unknown,Oil prices decline after nearly hitting $120 as Trump says U.S. considering taking over Strait of Hormuz,0.1,Neutral
"Sun, 08 Mar 2026 08:00:00 GMT",Unknown,Strategic Importance of Strait of Hormuz,0.0,Neutral
"Sun, 08 Mar 2026 08:00:00 GMT",Unknown,10 vessels attacked in Hormuz Strait,0.0,Neutral
"Mon, 09 Mar 2026 07:00:00 GMT",Unknown,Why the Strait of Hormuz is so difficult to defend,-0.5,Negative
"Mon, 09 Mar 2026 07:00:00 GMT",Unknown,Ships brandish China-links to weave through Strait of Hormuz,0.0,Neutral
"Mon, 09 Mar 2026 07:00:00 GMT",Unknown,Trump says he’ll strike Iran ‘20 times harder’ than before if oil flow halted in Strait of Hormuz,-0.1,Neutral
"Mon, 09 Mar 2026 07:00:00 GMT",Unknown,No ships in the Strait of Hormuz – brace for global economic shock?,0.1,Neutral
"Mon, 09 Mar 2026 07:00:00 GMT",Unknown,Greek Oil Tanker Exits Strait of Hormuz With Its Signal Off,0.0,Neutral
"Mon, 09 Mar 2026 07:00:00 GMT",Unknown,"Oil tankers transiting Strait of Hormuz 'must be very careful,' Iran Foreign Ministry warns",-0.13,Neutral
"Mon, 09 Mar 2026 07:00:00 GMT",Unknown,France preparing to escort ships in Strait of Hormuz when war calms: Macron,0.0,Neutral
"Mon, 09 Mar 2026 07:00:00 GMT",Unknown,Alternatives to the Strait of Hormuz mean Gulf not completely cut off,-0.18,Neutral
"Mon, 09 Mar 2026 07:00:00 GMT",Unknown,Oil passes $100 a barrel following Strait of Hormuz blockage and Middle East war,0.0,Neutral
"Mon, 09 Mar 2026 07:00:00 GMT",Unknown,"Trump says ""the war is very complete,"" and he's considering taking over Strait of Hormuz",0.13,Neutral
"Mon, 09 Mar 2026 07:00:00 GMT",Unknown,France to lead EU naval mission to protect Strait of Hormuz tankers after ‘hot phase’ of Iran war,0.25,Positive
"Mon, 09 Mar 2026 07:00:00 GMT",Unknown,Philippines – Strait of Hormuz closure: Impact of higher oil prices and more,0.38,Positive
"Mon, 09 Mar 2026 07:00:00 GMT",Unknown,Video: Strait of Hormuz threat impacts global oil prices,0.0,Neutral
"Mon, 09 Mar 2026 07:00:00 GMT",Unknown,Why blocking Hormuz could threaten the world's food supply,0.0,Neutral
"Mon, 09 Mar 2026 07:00:00 GMT",Unknown,Seafarers Are Being Asked to Risk a Deadly Strait,-0.18,Neutral
"Mon, 09 Mar 2026 07:00:00 GMT",Unknown,"Trump threatens ‘Death, Fire and Fury’ if Iran closes Strait of Hormuz",0.0,Neutral
"Mon, 09 Mar 2026 07:00:00 GMT",Unknown,There's another big reason why shipping companies and insurers aren't willing to risk the Strait of Hormuz,0.12,Neutral
"Mon, 09 Mar 2026 07:00:00 GMT",Unknown,"Trump: Oil tanker crews must ‘show some guts,’ sail through Straight of Hormuz",0.2,Neutral
"Mon, 09 Mar 2026 07:00:00 GMT",Unknown,There's another energy market that may get hit harder than oil by Strait of Hormuz closure,-0.1,Neutral
"Mon, 09 Mar 2026 07:00:00 GMT",Unknown,Oil retreats even after Energy Secretary wrongly claims Navy escorted tanker through Strait of Hormuz,-0.5,Negative
"Mon, 09 Mar 2026 07:00:00 GMT",Unknown,Trump says it’s an ‘honor’ to keep Strait of Hormuz open for China and other countries,-0.06,Neutral
"Mon, 09 Mar 2026 07:00:00 GMT",Unknown,Macron announces 'defensive' mission to reopen Strait of Hormuz,0.0,Neutral
"Mon, 09 Mar 2026 07:00:00 GMT",Unknown,"Macron says France, allies preparing ‘defensive’ mission to reopen Strait of Hormuz",0.0,Neutral
"Mon, 09 Mar 2026 07:00:00 GMT",Unknown,France Plans Defensive Mission to Reopen the Strait of Hormuz,0.0,Neutral
"Mon, 09 Mar 2026 07:00:00 GMT",Unknown,Iran's top security official says security in Strait of Hormuz ‘unlikely’ amid continuing regional war,0.0,Neutral
"Mon, 09 Mar 2026 07:00:00 GMT",Unknown,Tracking oil prices and US gas prices amid Iran conflict,0.0,Neutral
"Mon, 09 Mar 2026 07:00:00 GMT",Unknown,Saudi Arabia Offers Rare Spot Crude as Strait of Hormuz Traffic Collapses,-0.19,Neutral
"Mon, 09 Mar 2026 07:00:00 GMT",Unknown,Graphic of the Week: Why is the Strait of Hormuz so important for oil trade?,0.2,Neutral
"Mon, 09 Mar 2026 07:00:00 GMT",Unknown,Trump Tells Ships to ‘Show Some Guts’ in Hormuz as Seafarer Death Toll Rises,0.0,Neutral
"Mon, 09 Mar 2026 07:00:00 GMT",Unknown,10 vessels attacked in Hormuz Strait: Analysts,0.0,Neutral
"Mon, 09 Mar 2026 07:00:00 GMT",Unknown,Strait of Hormuz re-opening ‘critical’ for lower oil and gas prices: business analyst,0.0,Neutral
"Tue, 10 Mar 2026 07:00:00 GMT",Unknown,Strait of Hormuz disruptions: Implications for global trade and development |,0.0,Neutral
"Tue, 10 Mar 2026 07:00:00 GMT",Unknown,How oil tankers stuck in the Strait of Hormuz south of Iran threatens the Gulf ecosystem,0.0,Neutral
"Tue, 10 Mar 2026 07:00:00 GMT",Unknown,"Iran begins laying mines in Strait of Hormuz, sources say",0.0,Neutral
"Tue, 10 Mar 2026 07:00:00 GMT",Unknown,The Legality of Iran’s Closure of the Strait of Hormuz,0.0,Neutral
"Tue, 10 Mar 2026 07:00:00 GMT",Unknown,Iran sends millions of oil barrels to China through Strait of Hormuz even as war chokes the waterway,0.0,Neutral
"Tue, 10 Mar 2026 07:00:00 GMT",Unknown,Could Trump ‘take over’ the Strait of Hormuz as oil prices rise?,0.0,Neutral
"Tue, 10 Mar 2026 07:00:00 GMT",Unknown,Why shadow tankers are the only ships still moving through the Strait of Hormuz,0.0,Neutral
"Tue, 10 Mar 2026 07:00:00 GMT",Unknown,Britain working with allies to support shipping through Strait of Hormuz,0.0,Neutral
"Tue, 10 Mar 2026 07:00:00 GMT",Unknown,Operation Epic Escort: Pentagon Weighs Options on Strait of Hormuz Transits,0.1,Neutral
"Tue, 10 Mar 2026 07:00:00 GMT",Unknown,Oil prices volatile on conflicting reports about Strait of Hormuz,0.0,Neutral
"Tue, 10 Mar 2026 07:00:00 GMT",Unknown,Trump’s ‘free flow of energy’ vow fails to restart shipping in strait of Hormuz,-0.05,Neutral
"Tue, 10 Mar 2026 07:00:00 GMT",Unknown,Iran’s Control of Hormuz Means It’s Exporting More Oil Today Than Before the War,0.5,Positive
"Tue, 10 Mar 2026 07:00:00 GMT",Unknown,Why is it difficult to secure shipping through the Strait of Hormuz?,-0.05,Neutral
"Tue, 10 Mar 2026 07:00:00 GMT",Unknown,US official: ‘Not true’ Navy successfully escorted oil tanker through Strait of Hormuz,0.29,Positive
"Tue, 10 Mar 2026 07:00:00 GMT",Unknown,"Iran begins laying mines in Strait of Hormuz, reports say",0.0,Neutral
"Tue, 10 Mar 2026 07:00:00 GMT",Unknown,Trump Vows Unprecedented Response If Iran Disrupts Strait of Hormuz,0.6,Positive
"Tue, 10 Mar 2026 07:00:00 GMT",Unknown,Iran's Hormuz Control Gives Country Leverage Despite Military Struggles,-0.1,Neutral
"Tue, 10 Mar 2026 07:00:00 GMT",Unknown,U.S. destroys 16 Iranian vessels amid worries of mines in Strait of Hormuz,0.0,Neutral
"Tue, 10 Mar 2026 07:00:00 GMT",Unknown,"Hormuz shipping disruptions raise risks for energy, fertilizers and vulnerable economies",-0.5,Negative
"Tue, 10 Mar 2026 07:00:00 GMT",Unknown,US Navy tells shipping industry Hormuz escorts not possible for now,0.0,Neutral
"Tue, 10 Mar 2026 07:00:00 GMT",Unknown,HORMUZ TRACKER: Strait Shut to Almost All Non-Iran-Linked Ships,0.0,Neutral
"Tue, 10 Mar 2026 07:00:00 GMT",Unknown,White House: 'The U.S. Navy has not escorted a tanker or a vessel at this time',0.0,Neutral
"Tue, 10 Mar 2026 07:00:00 GMT",Unknown,Aramco warns of oil market ‘catastrophe’ unless strait of Hormuz reopens soon,0.0,Neutral
"Tue, 10 Mar 2026 07:00:00 GMT",Unknown,"Iran signaling it may deploy mines to disrupt Strait of Hormuz, U.S. sources say",0.0,Neutral
"Tue, 10 Mar 2026 07:00:00 GMT",Unknown,Can America clear the Strait of Hormuz of Iran’s drones and mines?,0.1,Neutral
"Tue, 10 Mar 2026 07:00:00 GMT",Unknown,Aramco sees 'catastrophic consequences' for oil markets if Hormuz strait remains blocked,0.0,Neutral
"Tue, 10 Mar 2026 07:00:00 GMT",Unknown,Strait of Hormuz timelapse shows fall in shipping traffic,0.0,Neutral
"Tue, 10 Mar 2026 07:00:00 GMT",Unknown,Iran war: Ships brandish China-links to weave through Strait of Hormuz,0.0,Neutral
"Tue, 10 Mar 2026 07:00:00 GMT",Unknown,Iran official: Strait of Hormuz will be for ‘peace and prosperity’ or ‘defeat and suffering’,0.0,Neutral
"Tue, 10 Mar 2026 07:00:00 GMT",Unknown,Top Iranian security official to Trump: ‘Be careful not to get eliminated yourself’,0.2,Neutral
"Tue, 10 Mar 2026 07:00:00 GMT",Unknown,US destroys mine-laying vessels as Trump warns Iran over Strait of Hormuz,0.0,Neutral
"Tue, 10 Mar 2026 07:00:00 GMT",Unknown,"Former Royal Navy officer: Mines in Strait of Hormuz could cause ""serious damage""",-0.17,Neutral
"Tue, 10 Mar 2026 07:00:00 GMT",Unknown,Iran threatens Hormuz lifeline after oil drops on Trump hint,0.0,Neutral
"Tue, 10 Mar 2026 07:00:00 GMT",Unknown,How Much Oil is in the Strait of Hormuz?,0.13,Neutral
"Tue, 10 Mar 2026 07:00:00 GMT",Unknown,Oil Sinks as Trump Warns Iran Not to Mine Strait of Hormuz,-0.1,Neutral
"Tue, 10 Mar 2026 07:00:00 GMT",Unknown,Watch Weird Shipping Data Adds to Confusion in Strait of Hormuz,-0.5,Negative
"Tue, 10 Mar 2026 07:00:00 GMT",Unknown,U.S. Forces Attack Iranian Mine-Laying Ships Near the Strait of Hormuz,0.11,Neutral
"Tue, 10 Mar 2026 07:00:00 GMT",Unknown,EU countries raise alarm over Strait of Hormuz blockade,0.0,Neutral
"Tue, 10 Mar 2026 07:00:00 GMT",Unknown,Oil Supply Risks Mount as Iran Lays Mines in Strait of Hormuz,-0.7,Negative
"Tue, 10 Mar 2026 07:00:00 GMT",Unknown,Panama Canal chief touts logistical capabilities as Iran crisis chokes off Strait of Hormuz shipping route,0.0,Neutral
"Tue, 10 Mar 2026 07:00:00 GMT",Unknown,Bangladeshi oil ships to get safe passage in Strait of Hormuz amid Mideast conflict: Report,0.5,Positive
"Tue, 10 Mar 2026 07:00:00 GMT",Unknown,Strait of Hormuz could be a ‘Strait of defeat’ for U.S.: Larijani,0.0,Neutral
"Tue, 10 Mar 2026 07:00:00 GMT",Unknown,Strait of Hormuz closure will have ‘ripple effect for weeks if not months’,0.0,Neutral
"Tue, 10 Mar 2026 07:00:00 GMT",Unknown,Strait of Hormuz explained: Why the Iran war threatens global energy flows,0.0,Neutral
"Tue, 10 Mar 2026 07:00:00 GMT",Unknown,France wants to unblock the Strait of Hormuz 2026,0.2,Neutral
"Tue, 10 Mar 2026 07:00:00 GMT",Unknown,Hormuz closure brings Australia’s layered fuel vulnerability to the fore,0.0,Neutral
"Tue, 10 Mar 2026 07:00:00 GMT",Unknown,Macron announces plan to move oil tankers through Strait of Hormuz,0.0,Neutral
"Tue, 10 Mar 2026 07:00:00 GMT",Unknown,"Trump Threatens To Take Over Strait Of Hormuz If Iran Tries ""Anything Cute""",0.2,Neutral
"Tue, 10 Mar 2026 07:00:00 GMT",Unknown,White House says US Navy hasn’t escorted any tankers through the Strait of Hormuz,0.0,Neutral
"Tue, 10 Mar 2026 07:00:00 GMT",Unknown,Vast ship clusters and speeding tankers point to Strait of Hormuz jamming amid Middle East conflict,0.0,Neutral
"Tue, 10 Mar 2026 07:00:00 GMT",Unknown,What are the challenges in securing shipping through the Strait of Hormuz?,0.0,Neutral
"Tue, 10 Mar 2026 07:00:00 GMT",Unknown,From the Strait of Hormuz to Australia’s Petrol Pumps: Why Gulf Tensions Matter for the Energy Transition,0.0,Neutral
"Tue, 10 Mar 2026 07:00:00 GMT",Unknown,These prophetic pipelines could end the Iran war oil shock,0.0,Neutral
"Tue, 10 Mar 2026 07:00:00 GMT",Unknown,"Mine-laying boats 'eliminated' near Strait of Hormuz, US says",0.07,Neutral
"Tue, 10 Mar 2026 07:00:00 GMT",Unknown,Iran lays mines in Strait of Hormuz sparking furious response by Trump,0.0,Neutral
"Tue, 10 Mar 2026 07:00:00 GMT",Unknown,"Vast ship clusters, speeding tankers point to Strait of Hormuz jamming amid Iran conflict",0.0,Neutral
"Mon, 09 Mar 2026 07:00:00 GMT",Unknown,"Iraq oil production collapses, Strait of Hormuz blocked",0.0,Neutral
"Wed, 11 Mar 2026 07:00:00 GMT",Unknown,"Iran war has blocked the Strait of Hormuz, a vital oil choke point. Reopening it is a big challenge",0.05,Neutral
"Wed, 11 Mar 2026 07:00:00 GMT",Unknown,Chokepoint: How the War with Iran Threatens Global Food Security,-0.03,Neutral
"Wed, 11 Mar 2026 07:00:00 GMT",Unknown,All you need to know about the Strait of Hormuz,0.0,Neutral
"Wed, 11 Mar 2026 07:00:00 GMT",Unknown,"What to know about the Strait of Hormuz, a key passageway essential for global energy supply",0.0,Neutral
"Wed, 11 Mar 2026 07:00:00 GMT",Unknown,Hormuz: Iran is escalating the war by attacking ships along a key oil route. Here’s what we know.,0.0,Neutral
"Wed, 11 Mar 2026 07:00:00 GMT",Unknown,Why it's so hard to get oil through the Strait of Hormuz right now,-0.0,Neutral
"Wed, 11 Mar 2026 07:00:00 GMT",Unknown,"Iran targets ships in Strait of Hormuz, raising global energy fears",0.0,Neutral
"Wed, 11 Mar 2026 07:00:00 GMT",Unknown,3 Cargo Ships Damaged in Suspected Iranian Attacks in the Strait of Hormuz,0.0,Neutral
"Wed, 11 Mar 2026 07:00:00 GMT",Unknown,Iran Conflict Brief: What It Will Take to Open Up the Strait of Hormuz,0.0,Neutral
"Wed, 11 Mar 2026 07:00:00 GMT",Unknown,"Not ‘a litre of oil’ to pass Strait of Hormuz, expect $200 price tag: Iran",0.0,Neutral
"Wed, 11 Mar 2026 07:00:00 GMT",Unknown,How Strait of Hormuz closure can become tipping point for global economy,0.0,Neutral
"Wed, 11 Mar 2026 07:00:00 GMT",Unknown,The Strait of Hormuz and the Long Shadow of History,-0.05,Neutral
"Wed, 11 Mar 2026 07:00:00 GMT",Unknown,How the Strait of Hormuz Globalizes the Iran War,0.0,Neutral
"Wed, 11 Mar 2026 07:00:00 GMT",Unknown,Can the West keep the Strait of Hormuz open?,0.0,Neutral
"Wed, 11 Mar 2026 07:00:00 GMT",Unknown,The U.S. attacks Iranian mine-laying vessels near the Strait of Hormuz,0.07,Neutral
"Wed, 11 Mar 2026 07:00:00 GMT",Unknown,How the Strait of Hormuz closure affects global oil supply,0.0,Neutral
"Wed, 11 Mar 2026 07:00:00 GMT",Unknown,Calls grow for Strait of Hormuz ship escorts as Iran escalates attacks,0.0,Neutral
"Wed, 11 Mar 2026 07:00:00 GMT",Unknown,How Iran has used the strait of Hormuz to throttle oil and gas – a visual guide,0.0,Neutral
"Wed, 11 Mar 2026 07:00:00 GMT",Unknown,First Thing: US attacks Iran’s mine-laying boats in strait of Hormuz as tensions rise over oil,0.25,Positive
"Wed, 11 Mar 2026 07:00:00 GMT",Unknown,"Iran has laid about a dozen mines in Strait of Hormuz, sources say",0.0,Neutral
"Wed, 11 Mar 2026 07:00:00 GMT",Unknown,Iran’s Stranglehold on the Strait of Hormuz,0.0,Neutral
"Wed, 11 Mar 2026 07:00:00 GMT",Unknown,Petraeus: Iranian mines in Strait of Hormuz create ‘real challenge’ for US,0.2,Neutral
"Wed, 11 Mar 2026 07:00:00 GMT",Unknown,What Is the Strait of Hormuz? Why It's Important and What's At Stake,0.4,Positive
"Wed, 11 Mar 2026 07:00:00 GMT",Unknown,Projectiles hit 3 ships in Strait of Hormuz,0.0,Neutral
"Wed, 11 Mar 2026 07:00:00 GMT",Unknown,"Iran Attacks at Least One Ship in the Strait of Hormuz, a Key Oil Passage",-0.09,Neutral
"Wed, 11 Mar 2026 07:00:00 GMT",Unknown,"Three cargo ships struck off Iran's coast, UK says, including one in Strait of Hormuz",0.0,Neutral
"Wed, 11 Mar 2026 07:00:00 GMT",Unknown,Professor Warns of Oil Shock if Strait of Hormuz Remains Closed,-0.1,Neutral
"Wed, 11 Mar 2026 07:00:00 GMT",Unknown,Video: At Least Three Ships Struck Around Strait of Hormuz,-0.15,Neutral
"Wed, 11 Mar 2026 07:00:00 GMT",Unknown,Trump urges oil tankers to continue using Strait of Hormuz despite Iran threats,0.0,Neutral
"Wed, 11 Mar 2026 07:00:00 GMT",Unknown,How can the Strait of Hormuz be protected?,0.0,Neutral
"Wed, 11 Mar 2026 07:00:00 GMT",Unknown,Strait of Hormuz uncertainties ramp up amid latest military intervention,0.2,Neutral
"Wed, 11 Mar 2026 07:00:00 GMT",Unknown,Brent oil closes at $100 after Iran's new supreme leader says Strait of Hormuz must remain closed,0.02,Neutral
"Wed, 11 Mar 2026 07:00:00 GMT",Unknown,Cargo ship struck in Strait of Hormuz amid Iran war,0.0,Neutral
"Wed, 11 Mar 2026 07:00:00 GMT",Unknown,U.S. Plan to Unblock Strait of Hormuz Collides With Realities of Global Insurance,0.0,Neutral
"Wed, 11 Mar 2026 07:00:00 GMT",Unknown,Chubb set as main U.S. insurer for Persian Gulf shipping amid Iran war,0.17,Neutral
"Wed, 11 Mar 2026 07:00:00 GMT",Unknown,U.S. destroys mine-laying ships near Strait of Hormuz and an audacious plan to refill the Great Salt Lake: Morning Rundown,0.45,Positive
"Wed, 11 Mar 2026 07:00:00 GMT",Unknown,"Iran fires missiles, drones at Gulf nations as ship hit in Strait of Hormuz",0.0,Neutral
"Wed, 11 Mar 2026 07:00:00 GMT",Unknown,Mideast war transforms Strait of Hormuz into critical front line,0.0,Neutral
"Wed, 11 Mar 2026 07:00:00 GMT",Unknown,"Ship on fire in Strait of Hormuz, two more struck",0.5,Positive
"Wed, 11 Mar 2026 07:00:00 GMT",Unknown,Three merchant ships struck as tensions rise in Hormuz strait amid Iran war,0.0,Neutral
"Tue, 10 Mar 2026 07:00:00 GMT",Unknown,US and Iran tensions escalate over oil shipments in Strait of Hormuz,0.0,Neutral
"Wed, 11 Mar 2026 07:00:00 GMT",Unknown,Trump has ‘no answers’ on Strait of Hormuz: Jake Sullivan,0.0,Neutral
"Wed, 11 Mar 2026 07:00:00 GMT",Unknown,Dark ships and shadow fleets – what is crossing 'closed' Strait of Hormuz?,-0.12,Neutral
"Wed, 11 Mar 2026 07:00:00 GMT",Unknown,How Strait of Hormuz Acts as Backdrop for Chinese Support of Iran,0.0,Neutral
"Wed, 11 Mar 2026 07:00:00 GMT",Unknown,By the numbers | Escalating tensions in the Strait of Hormuz risks a global energy crisis,0.0,Neutral
"Wed, 11 Mar 2026 07:00:00 GMT",Unknown,US destroys 16 Iranian mine boats as Strait of Hormuz oil showdown escalates,0.0,Neutral
"Wed, 11 Mar 2026 07:00:00 GMT",Unknown,Energy secretary’s Strait of Hormuz tweet reflects Team Trump’s incompetence,0.0,Neutral
"Wed, 11 Mar 2026 07:00:00 GMT",Unknown,Ships under fire in Strait of Hormuz while US hammers Iranian minelayers,0.0,Neutral
"Wed, 11 Mar 2026 07:00:00 GMT",Unknown,Trump Says Iran Must Remove Any Mines From Strait of Hormuz,0.0,Neutral
"Wed, 11 Mar 2026 07:00:00 GMT",Unknown,Gulf food supplies rerouted as Iran threats hit Hormuz shipping,0.0,Neutral
"Wed, 11 Mar 2026 07:00:00 GMT",Unknown,Iran may have laid sea mines in the Strait of Hormuz. Here's what that could mean for the war,-0.31,Negative
"Wed, 11 Mar 2026 07:00:00 GMT",Unknown,The Strait of Hormuz allows Iran to have the world over a barrel,0.0,Neutral
"Wed, 11 Mar 2026 07:00:00 GMT",Unknown,Sea mines and small boats: Iran’s new plan for the Strait of Hormuz,-0.06,Neutral
"Wed, 11 Mar 2026 07:00:00 GMT",Unknown,"EXCLUSIVE: 10,000 ships crews trapped by Strait of Hormuz blockade",-0.2,Neutral
"Wed, 11 Mar 2026 07:00:00 GMT",Unknown,From Strait of Hormuz to Bangladesh,0.0,Neutral
"Thu, 12 Mar 2026 07:00:00 GMT",Unknown,"Fertilizer isn't getting through the Straight of Hormuz, which could lead to a global food crisis.",0.08,Neutral
"Thu, 12 Mar 2026 07:00:00 GMT",Unknown,Trump administration underestimated Iran war’s impact on Strait of Hormuz,0.0,Neutral
"Fri, 13 Mar 2026 07:00:00 GMT",Unknown,"Iran, the Strait of Hormuz, and an Unprecedented Energy Crunch",0.36,Positive
"Fri, 13 Mar 2026 07:00:00 GMT",Unknown,"Missile Attacks Define Strait of Hormuz Risks, Officials Say",0.0,Neutral
"Fri, 13 Mar 2026 07:00:00 GMT",Unknown,How Iran Blocking the Strait of Hormuz Affects the U.S.,0.0,Neutral
"Thu, 12 Mar 2026 07:00:00 GMT",Unknown,How to open the Strait of Hormuz? It’s hard – and the world is waiting.,-0.12,Neutral
"Thu, 12 Mar 2026 07:00:00 GMT",Unknown,"By threatening the Strait of Hormuz, Iran turns geography into a global economic weapon",0.1,Neutral
"Fri, 13 Mar 2026 07:00:00 GMT",Unknown,Conflict in the Strait of Hormuz is spilling into the Indian Ocean,0.0,Neutral
"Fri, 13 Mar 2026 07:00:00 GMT",Unknown,Iran’s Blockade of the Strait of Hormuz Is Destined to Fail,-0.5,Negative
"Thu, 12 Mar 2026 07:00:00 GMT",Unknown,Iran’s New Supreme Leader Vows to Keep Blocking Strait of Hormuz as Tankers Are Attacked and Oil Prices Soar,0.14,Neutral
"Fri, 13 Mar 2026 07:00:00 GMT",Unknown,"Closure of Hormuz could have ‘immense impact’ on humanitarian operations, UN Relief Chief warns",0.0,Neutral
"Fri, 13 Mar 2026 07:00:00 GMT",Unknown,"Hegseth says don't 'worry' about Strait of Hormuz, but US needs time to counter Iran's stranglehold",0.5,Positive
"Fri, 13 Mar 2026 07:00:00 GMT",Unknown,"The Chokepoint We Missed: Sulfur, Hormuz, and the Threats to Military Readiness",0.0,Neutral
"Thu, 12 Mar 2026 07:00:00 GMT",Unknown,Iran's supreme leader says closure of Strait of Hormuz should be used as leverage,0.0,Neutral
"Fri, 13 Mar 2026 07:00:00 GMT",Unknown,Why Trump Didn’t Plan for the Strait of Hormuz,0.0,Neutral
"Fri, 13 Mar 2026 07:00:00 GMT",Unknown,Pentagon responds to Iran threats over Strait of Hormuz,0.0,Neutral
"Fri, 13 Mar 2026 07:00:00 GMT",Unknown,Defense Secretary Pete Hegseth on Strait of Hormuz: 'Don't need to worry about it',0.0,Neutral
"Thu, 12 Mar 2026 07:00:00 GMT",Unknown,Escalating Hormuz Crisis Raises Specter of Prolonged Closure,0.0,Neutral
"Fri, 13 Mar 2026 07:00:00 GMT",Unknown,Report to Congress on the Iran Conflict and Strait of Hormuz,0.0,Neutral
"Thu, 12 Mar 2026 07:00:00 GMT",Unknown,Tensions continue to escalate in the Strait of Hormuz as 3 commercial ships attacked,0.17,Neutral
"Fri, 13 Mar 2026 07:00:00 GMT",Unknown,"Ship escorts to start in Strait of Hormuz ""soon,"" Trump officials say",0.0,Neutral
"Fri, 13 Mar 2026 07:00:00 GMT",Unknown,Ghost of Gallipoli: US warships cannot control the Strait of Hormuz,0.0,Neutral
"Thu, 12 Mar 2026 07:00:00 GMT",Unknown,"Six vessels attacked in Gulf, Strait of Hormuz as war puts merchant ships on front lines",0.0,Neutral
"Fri, 13 Mar 2026 07:00:00 GMT",Unknown,The Strait of Hormuz: A Timeline of Tensions,0.0,Neutral
"Fri, 13 Mar 2026 07:00:00 GMT",Unknown,"The Strait of Hormuz is an Iranian 'kill box,' preventing the U.S. Navy from securing it right now",0.29,Positive
"Thu, 12 Mar 2026 07:00:00 GMT",Unknown,"Disruption in the Strait of Hormuz is a global inflation, shipping and growth story",0.0,Neutral
"Fri, 13 Mar 2026 07:00:00 GMT",Unknown,"What to know about the Strait of Hormuz, a key passageway essential for the global energy supply",0.0,Neutral
"Fri, 13 Mar 2026 07:00:00 GMT",Unknown,Hormuz has become Iran’s ultimate lever against US. Will Trump ‘blink first’?,0.12,Neutral
"Thu, 12 Mar 2026 07:00:00 GMT",Unknown,"US military ‘not ready’ to escort oil ships through Hormuz, official says",-0.1,Neutral
"Thu, 12 Mar 2026 07:00:00 GMT",Unknown,"Iran escalates war at sea as ships burn in Strait of Hormuz, oil surges past $100",-0.25,Negative
"Thu, 12 Mar 2026 07:00:00 GMT",Unknown,Top 5 carriers diverting containers from Strait of Hormuz,0.5,Positive
"Fri, 13 Mar 2026 07:00:00 GMT",Unknown,How Iran mining the Strait of Hormuz could threaten the world,0.0,Neutral
"Thu, 12 Mar 2026 07:00:00 GMT",Unknown,Why naval escorts through Strait of Hormuz are so risky,0.0,Neutral
"Thu, 12 Mar 2026 07:00:00 GMT",Unknown,Fear of Iranian mines in the Strait of Hormuz could further slow the flow of oil,-0.15,Neutral
"Fri, 13 Mar 2026 07:00:00 GMT",Unknown,"Turkish-owned ship allowed to pass through Strait of Hormuz, minister says",0.0,Neutral
"Fri, 13 Mar 2026 07:00:00 GMT",Unknown,Oil stays above $100 a barrel amid Iran’s stranglehold on Strait of Hormuz,0.0,Neutral
"Thu, 12 Mar 2026 07:00:00 GMT",Unknown,Trump administration underestimated Iran war’s impact on Strait of Hormuz | CNN Politics,0.0,Neutral
"Fri, 13 Mar 2026 07:00:00 GMT",Unknown,Trump Knew the Risk of Iran Blocking the Strait of Hormuz. He Still Went to War.,0.0,Neutral
"Thu, 12 Mar 2026 07:00:00 GMT",Unknown,"Iran vows more attacks, continued Strait of Hormuz closure",0.5,Positive
"Fri, 13 Mar 2026 07:00:00 GMT",Unknown,Why Strait of Hormuz maritime access is also its biggest weakness,0.0,Neutral
"Thu, 12 Mar 2026 07:00:00 GMT",Unknown,Indian source says Iran to allow India-flagged tankers through Hormuz as first tanker arrives,0.25,Positive
"Thu, 12 Mar 2026 07:00:00 GMT",Unknown,"As the Strait of Hormuz stays shut, ships weigh a deadly choice",-0.2,Neutral
"Thu, 12 Mar 2026 07:00:00 GMT",Unknown,Good Question: Are there alternatives to the Strait of Hormuz?,0.7,Positive
"Thu, 12 Mar 2026 07:00:00 GMT",Unknown,Trump faces escalating oil crisis over Iran blocking Strait of Hormuz,0.5,Positive
"Thu, 12 Mar 2026 07:00:00 GMT",Unknown,GPS spoofing is scrambling ships in the Strait of Hormuz,0.0,Neutral
"Fri, 13 Mar 2026 07:00:00 GMT",Unknown,How to Reopen the Strait of Hormuz,0.4,Positive
"Thu, 12 Mar 2026 07:00:00 GMT",Unknown,The two oil pipelines helping Saudi Arabia and UAE bypass the Strait of Hormuz,0.0,Neutral
"Thu, 12 Mar 2026 07:00:00 GMT",Unknown,"With the Strait of Hormuz choked by war, the Panama Canal reaps the benefits",0.0,Neutral
"Thu, 12 Mar 2026 07:00:00 GMT",Unknown,The Hormuz Bottleneck: What the Iran Conflict Means for Industry Beyond the Barrel,0.0,Neutral
"Fri, 13 Mar 2026 07:00:00 GMT",Unknown,"EXCLUSIVE: Iran lets two gas tankers sail to India through Hormuz, sources say",0.0,Neutral
"Thu, 12 Mar 2026 07:00:00 GMT",Unknown,What it will mean for the economy if the Strait of Hormuz stays closed,-0.21,Negative
"Fri, 13 Mar 2026 07:00:00 GMT",Unknown,‘Maximum disruption’ in Strait of Hormuz as 16 vessels are hit during US-Israel war on Iran,0.0,Neutral
"Thu, 12 Mar 2026 07:00:00 GMT",Unknown,"Weakened by War, Iran Hits Back by Strangling a Vital Waterway",0.07,Neutral
"Thu, 12 Mar 2026 07:00:00 GMT",Unknown,How Iran war ship attacks choked off Strait of Hormuz,0.0,Neutral
"Thu, 12 Mar 2026 07:00:00 GMT",Unknown,"Iran not going to close Strait of Hormuz, Iran UN envoy says",0.0,Neutral
"Thu, 12 Mar 2026 07:00:00 GMT",Unknown,Trump says Strait of Hormuz in ‘great shape’ after ships targeted,0.8,Positive
"Fri, 13 Mar 2026 07:00:00 GMT",Unknown,'There's no hiding place on a ship': The sailors stranded near Iran,0.1,Neutral
"Thu, 12 Mar 2026 07:00:00 GMT",Unknown,Iranian oil flows through Strait of Hormuz even as Gulf neighbors' exports shut,0.0,Neutral
"Thu, 12 Mar 2026 07:00:00 GMT",Unknown,"'If the Strait of Hormuz were to remain closed, we would face a major crisis'",-0.02,Neutral
"Thu, 12 Mar 2026 07:00:00 GMT",Unknown,"Iran says its new leader made his 1st address, vowing to keep Strait of Hormuz closed",0.02,Neutral
"Thu, 12 Mar 2026 07:00:00 GMT",Unknown,Oil Market Report,0.0,Neutral
"Thu, 12 Mar 2026 07:00:00 GMT",Unknown,"Iran's new supreme leader vows to keep Hormuz shut, Netanyahu issues threat",0.14,Neutral
"Thu, 12 Mar 2026 07:00:00 GMT",Unknown,Iran vows to keep blocking the Strait of Hormuz,0.0,Neutral
"Fri, 13 Mar 2026 07:00:00 GMT",Unknown,"'Cascading effects' of Strait of Hormuz blockage getting worse by the day, energy and trade experts say",-0.4,Negative
"Fri, 13 Mar 2026 07:00:00 GMT",Unknown,What to know about the Strait of Hormuz and why Iran can close it off so easily,0.29,Positive
"Fri, 13 Mar 2026 07:00:00 GMT",Unknown,US strikes Kharg Island as Trump presses Iran to keep Strait of Hormuz open,0.0,Neutral
"Fri, 13 Mar 2026 07:00:00 GMT",Unknown,"Iran has likely begun laying mines in Strait of Hormuz, U.K. says",0.0,Neutral
"Thu, 12 Mar 2026 07:00:00 GMT",Unknown,"Strait of Hormuz must remain closed as 'tool to pressure enemy,' Iran's new supreme leader says",0.02,Neutral
"Thu, 12 Mar 2026 07:00:00 GMT",Unknown,Iran's new supreme leader vows to block Strait of Hormuz in first statement,0.19,Neutral
"Fri, 13 Mar 2026 07:00:00 GMT",Unknown,More Marines and Warships Head to Middle East as Hormuz Mission Intensifies,0.25,Positive
"Thu, 12 Mar 2026 07:00:00 GMT",Unknown,"Iran Is Laying Mines in the Strait of Hormuz, U.S. Officials Say",0.14,Neutral
"Thu, 12 Mar 2026 07:00:00 GMT",Unknown,"Iran War: U.S. Navy will escort oil tankers through Strait of Hormuz when 'militarily possible,' Bessent tells Sky News",0.0,Neutral
"Thu, 12 Mar 2026 07:00:00 GMT",Unknown,Iran keeps oil flowing to China as Hormuz pressure forces reserve release,0.0,Neutral
"Fri, 13 Mar 2026 07:00:00 GMT",Unknown,CNN’s reporting on Strait of Hormuz riles White House,0.0,Neutral
"Thu, 12 Mar 2026 07:00:00 GMT",Unknown,Iran’s sea mines raise fears of Strait of Hormuz oil disruption,0.0,Neutral
"Fri, 13 Mar 2026 07:00:00 GMT",Unknown,"Iran war: If Hormuz stays closed, the world pays the price",-0.1,Neutral
"Thu, 12 Mar 2026 07:00:00 GMT",Unknown,Three more ships struck in the Persian Gulf as Iran warns of oil prices hitting $200,0.5,Positive
"Thu, 12 Mar 2026 07:00:00 GMT",Unknown,Strait of Hormuz: Wetin go happun if Iran close di global oil corridor as war wit US and Israel continue,0.0,Neutral
"Thu, 12 Mar 2026 07:00:00 GMT",Unknown,"Strike on Thai tanker in Strait of Hormuz may be message to the U.S., analyst says",0.0,Neutral
"Fri, 13 Mar 2026 07:00:00 GMT",Unknown,"France presses on with Hormuz ideas, no secret Iran talks, sources say",0.2,Neutral
"Thu, 12 Mar 2026 07:00:00 GMT",Unknown,What to know about the Strait of Hormuz,0.0,Neutral
"Thu, 12 Mar 2026 07:00:00 GMT",Unknown,"Can Trump's 'gunboat diplomacy' stop Iran from blocking the flow of oil? Not likely, say experts",0.0,Neutral
"Thu, 12 Mar 2026 07:00:00 GMT",Unknown,"‘No right to pass’: Iran reiterates control of Strait of Hormuz, warns US and its partners",-0.14,Neutral
"Thu, 12 Mar 2026 07:00:00 GMT",Unknown,Ships identify themselves as Chinese around Strait of Hormuz during Iran war to avoid attacks,0.0,Neutral
"Fri, 13 Mar 2026 07:00:00 GMT",Unknown,The Strait of Hormuz Crisis Keeps Getting Worse,-0.22,Negative
"Thu, 12 Mar 2026 07:00:00 GMT",Unknown,Iran's new supreme leader vows to keep Strait of Hormuz shut,0.14,Neutral
"Fri, 13 Mar 2026 07:00:00 GMT",Unknown,Crude futures turn positive on continued Hormuz closure,-0.24,Negative
"Fri, 13 Mar 2026 07:00:00 GMT",Unknown,Iran deploys explosive ‘suicide skiffs’ disguised as fishing boats in Strait of Hormuz,0.0,Neutral
"Thu, 12 Mar 2026 07:00:00 GMT",Unknown,Iran’s new supreme leader vows to keep Strait of Hormuz closed,0.01,Neutral
"Fri, 13 Mar 2026 07:00:00 GMT",Unknown,Iran's All-or-Nothing Game in the Strait of Hormuz,-0.5,Negative
"Fri, 13 Mar 2026 07:00:00 GMT",Unknown,The billionaire shipping magnate braving the Strait of Hormuz,0.0,Neutral
"Thu, 12 Mar 2026 07:00:00 GMT",Unknown,How shipping companies are navigating danger in the Strait of Hormuz,0.0,Neutral
"Fri, 13 Mar 2026 07:00:00 GMT",Unknown,What are sea mines? Why do they matter in the Strait of Hormuz?,0.0,Neutral
"Thu, 12 Mar 2026 07:00:00 GMT",Unknown,The Latest: Iran’s supreme leader says closure of Strait of Hormuz should be used as leverage,0.5,Positive
"Thu, 12 Mar 2026 07:00:00 GMT",Unknown,Fertilizer Stocks Jump With Shipments Stuck at the Strait of Hormuz,0.0,Neutral
"Thu, 12 Mar 2026 07:00:00 GMT",Unknown,Strait of Hormuz stoppage snarls fertilizer supplies as Minnesota farmers watch prices,0.0,Neutral
"Fri, 13 Mar 2026 07:00:00 GMT",Unknown,"US Navy to escort oil tankers through Strait of Hormuz, treasury secretary tells Sky News",0.0,Neutral
"Thu, 12 Mar 2026 07:00:00 GMT",Unknown,Iran envoy says Tehran will keep Strait of Hormuz open,0.0,Neutral
"Thu, 12 Mar 2026 07:00:00 GMT",Unknown,"Iran has deployed fewer than 10 naval mines in Strait of Hormuz, report says",0.0,Neutral
"Thu, 12 Mar 2026 07:00:00 GMT",Unknown,"Iran does not want to block Hormuz, Tehran diplomat says",0.0,Neutral
"Sat, 14 Mar 2026 07:00:00 GMT",Unknown,Two Indian ships cross Strait of Hormuz as Iran says it allowed passage,0.0,Neutral
"Sat, 14 Mar 2026 07:00:00 GMT",Unknown,"Hegseth, Trump face perilous options in the Strait of Hormuz",0.0,Neutral
"Sat, 14 Mar 2026 07:00:00 GMT",Unknown,Trump Calls on Other Nations to Secure the Strait of Hormuz: 'We Will Help',0.14,Neutral
"Sat, 14 Mar 2026 07:00:00 GMT",Unknown,Trump urges UK and other nations to send warships to Strait of Hormuz,-0.12,Neutral
"Sat, 14 Mar 2026 07:00:00 GMT",Unknown,It's not just oil. Here comes Hormuz inflation.,0.0,Neutral
"Sat, 14 Mar 2026 07:00:00 GMT",Unknown,Trump claims international coalition will send war ships to reopen the strait of Hormuz,0.0,Neutral
"Sat, 14 Mar 2026 07:00:00 GMT",Unknown,Trump says ‘many countries’ will send warships to Hormuz amid Iran blockade,0.5,Positive
"Sat, 14 Mar 2026 07:00:00 GMT",Unknown,India seeks passage for more vessels stranded around Strait of Hormuz after a few sail through,0.15,Neutral
"Sat, 14 Mar 2026 07:00:00 GMT",Unknown,Trump calls for countries to send warships to reopen Hormuz,0.0,Neutral
"Sat, 14 Mar 2026 07:00:00 GMT",Unknown,Second Dynacom Oil Tanker Passes Hormuz as Other Owners Hold Back,-0.04,Neutral
"Sat, 14 Mar 2026 07:00:00 GMT",Unknown,Why is it so easy for Iran to shut the Strait of Hormuz?,0.43,Positive
"Sat, 14 Mar 2026 07:00:00 GMT",Unknown,Iran says Strait of Hormuz will not be reopened to US ships,0.0,Neutral
"Sat, 14 Mar 2026 07:00:00 GMT",Unknown,Iran war: Trump renews call for securing shipping in Hormuz,0.0,Neutral
"Sat, 14 Mar 2026 07:00:00 GMT",Unknown,Trump urges other nations to help secure shipping through Strait of Hormuz,0.14,Neutral
"Sat, 14 Mar 2026 07:00:00 GMT",Unknown,Iran Allows Some Indian Vessels to Transit Strait of Hormuz,0.0,Neutral
"Sat, 14 Mar 2026 07:00:00 GMT",Unknown,Why Little Was Done to Head Off Oil’s Strait of Hormuz Problem,-0.08,Neutral
"Sat, 14 Mar 2026 07:00:00 GMT",Unknown,A Visual Guide to How Iran Is Holding the Strait of Hormuz Hostage,0.0,Neutral
"Sat, 14 Mar 2026 07:00:00 GMT",Unknown,How US Sending of Marines to Strait of Hormuz Signals Posture Shift,0.0,Neutral
"Sat, 14 Mar 2026 07:00:00 GMT",Unknown,Two LPG Ships Sail Through Hormuz to Shortage-Hit India,0.0,Neutral
"Sat, 14 Mar 2026 07:00:00 GMT",Unknown,Trump says Iran is ready to negotiate a ceasefire but he's not ready to make a deal,0.05,Neutral
"Sat, 14 Mar 2026 07:00:00 GMT",Unknown,Iran considers opening Hormuz Strait for tankers trading oil in Chinese yuan,0.0,Neutral
"Sat, 14 Mar 2026 07:00:00 GMT",Unknown,"Any country except for US and Israel can pass through Strait of Hormuz, Iranian Foreign Minister says",-0.04,Neutral
"Sat, 14 Mar 2026 07:00:00 GMT",Unknown,Why Iran's Kharg Island is central to Strait of Hormuz security,0.0,Neutral
"Sat, 14 Mar 2026 07:00:00 GMT",Unknown,US preparing for littoral warfare in Strait of Hormuz,0.0,Neutral
"Sat, 14 Mar 2026 07:00:00 GMT",Unknown,Trump calls on UK to send warships to keep strait of Hormuz open,0.0,Neutral
"Sat, 14 Mar 2026 07:00:00 GMT",Unknown,Maher swipes at Trump over Iran war: ‘I don’t understand’ why US can’t control Strait of Hormuz,0.0,Neutral
"Sat, 14 Mar 2026 07:00:00 GMT",Unknown,Iran’s Kharg Island is key to its oil exports. Targeting it carries major risks,0.03,Neutral
"Sat, 14 Mar 2026 07:00:00 GMT",Unknown,Trump claims countries will send warships to Strait of Hormuz,0.0,Neutral
"Sat, 14 Mar 2026 07:00:00 GMT",Unknown,Iran allows limited Indian shipping through Strait of Hormuz,-0.07,Neutral
"Sat, 14 Mar 2026 07:00:00 GMT",Unknown,Why is it so easy for Iran to shut Strait of Hormuz?,0.43,Positive
"Sat, 14 Mar 2026 07:00:00 GMT",Unknown,Securing the Strait of Hormuz: Why it’s harder than the U.S. suggests,-0.1,Neutral
"Sat, 14 Mar 2026 07:00:00 GMT",Unknown,The deadly battle to reopen the Strait of Hormuz,-0.2,Neutral
"Sat, 14 Mar 2026 07:00:00 GMT",Unknown,Trump urges other nations to send ships to secure Strait of Hormuz,0.14,Neutral
"Fri, 13 Mar 2026 07:00:00 GMT",Unknown,Trump officials erupt at CNN over report on surprise over Strait of Hormuz closing,0.0,Neutral
"Sat, 14 Mar 2026 07:00:00 GMT",Unknown,STRAIT OF HORMUZ CONFLICT Donald Trump said several countries may send warships alongside the United States to keep the Strait of Hormuz open after Iran allegedly attempted to close it.,-0.03,Neutral
"Sat, 14 Mar 2026 07:00:00 GMT",Unknown,"Iran May Allow Oil Tankers Through Strait Of Hormuz, But There's A China Catch",0.0,Neutral
"Sat, 14 Mar 2026 07:00:00 GMT",Unknown,Trump urges world to help open Strait of Hormuz; U.S. Embassy in Baghdad hit,0.0,Neutral
"Fri, 13 Mar 2026 07:00:00 GMT",Unknown,Is Iran waging underwater war for the Strait of Hormuz? | About That,0.0,Neutral
"Sat, 14 Mar 2026 07:00:00 GMT",Unknown,Donald Trump sends military to open Strait of Hormuz by force,-0.05,Neutral
"Sat, 14 Mar 2026 07:00:00 GMT",Unknown,Experts doubt Hegseth claim no need to ‘worry about’ Hormuz,0.0,Neutral
"Fri, 13 Mar 2026 07:00:00 GMT",Unknown,Iran vows to keep Strait of Hormuz shut in first statement from new Supreme Leader,0.19,Neutral
"Fri, 13 Mar 2026 07:00:00 GMT",Unknown,How the Iran war is disrupting the Strait of Hormuz,0.0,Neutral
"Fri, 13 Mar 2026 07:00:00 GMT",Unknown,"‘Deranged scumbags’: Trump, Khamenei trade strikes and threats",0.0,Neutral
"Sat, 14 Mar 2026 07:00:00 GMT",Unknown,UK 'discussing options' to help US secure Strait of Hormuz | ITV News,0.4,Positive
"Sat, 14 Mar 2026 07:00:00 GMT",Unknown,Trump says US will soon escort ships through Strait of Hormuz as oil prices roil global economy,0.0,Neutral
"Fri, 13 Mar 2026 07:00:00 GMT",Unknown,UK Maritime Organisation says threat environment across Arabian Gulf and Strait of Hormuz remains critical,0.0,Neutral
"Sun, 15 Mar 2026 07:00:00 GMT",Unknown,Legal and Operational Issues in the Strait of Hormuz: Transit Passage Under Fire,0.2,Neutral
"Sun, 15 Mar 2026 07:00:00 GMT",Unknown,Trump wants other countries to help reopen the Strait of Hormuz. That might not be so easy.,0.17,Neutral
"Sun, 15 Mar 2026 07:00:00 GMT",Unknown,Iran's control over the Strait of Hormuz could raise consumer prices across the board,0.0,Neutral
"Sun, 15 Mar 2026 07:00:00 GMT",Unknown,Strait of Hormuz crisis drives demand for commercial geospatial intelligence,0.0,Neutral
"Sun, 15 Mar 2026 07:00:00 GMT",Unknown,Trump says he asked 7 countries for Hormuz help. None answered the call,0.0,Neutral
"Sun, 15 Mar 2026 07:00:00 GMT",Unknown,Starmer speaks to Trump about importance of reopening Strait of Hormuz,0.0,Neutral
"Sun, 15 Mar 2026 07:00:00 GMT",Unknown,Strait of Hormuz not closed but under Iran's control: IRGC commander,0.03,Neutral
"Sun, 15 Mar 2026 07:00:00 GMT",Unknown,Iran is Making Unimpeded Use of the Strait of Hormuz,0.0,Neutral
"Sun, 15 Mar 2026 07:00:00 GMT",Unknown,"Indian foreign minister hails talks with Iran to open Strait of Hormuz, FT reports",-0.06,Neutral
"Sun, 15 Mar 2026 07:00:00 GMT",Unknown,"Trump eyes ""Hormuz Coalition,"" seizure of Iran's Kharg Island oil hub",0.0,Neutral
"Sun, 15 Mar 2026 07:00:00 GMT",Unknown,Iranian attacks in Strait of Hormuz threaten to drive U.S. gas prices to record highs,0.0,Neutral
"Sun, 15 Mar 2026 07:00:00 GMT",Unknown,Trump seeks naval coalition to open Strait of Hormuz: Is anyone joining?,0.0,Neutral
"Sun, 15 Mar 2026 07:00:00 GMT",Unknown,Strait of Hormuz disruption threatens to shake global economy,0.0,Neutral
"Sun, 15 Mar 2026 07:00:00 GMT",Unknown,Trump demands other countries help secure vital Strait of Hormuz as Iran vows defiance,0.12,Neutral
"Sun, 15 Mar 2026 07:00:00 GMT",Unknown,Trump steps up pressure on European allies to help protect strait of Hormuz,0.0,Neutral
"Sun, 15 Mar 2026 07:00:00 GMT",Unknown,Trump urges other countries to send warships to reopen the Strait of Hormuz,-0.12,Neutral
"Sun, 15 Mar 2026 07:00:00 GMT",Unknown,CNN: Iran May Allow Tankers Through Hormuz Only in Chinese Currency,0.0,Neutral
"Sun, 15 Mar 2026 07:00:00 GMT",Unknown,Muted response as Trump urges nations to escort ships through Hormuz Strait,0.0,Neutral
"Sun, 15 Mar 2026 07:00:00 GMT",Unknown,Trump seeks warships from other countries to help secure Strait of Hormuz,0.14,Neutral
"Sun, 15 Mar 2026 07:00:00 GMT",Unknown,"Trump warns NATO, presses China to help reopen Strait of Hormuz, FT reports",0.0,Neutral
"Sun, 15 Mar 2026 07:00:00 GMT",Unknown,HORMUZ TRACKER: Iran Supertanker Pushes Through Strait for China,0.0,Neutral
"Sun, 15 Mar 2026 07:00:00 GMT",Unknown,"Iranian FM: Strait of Hormuz open to all but US, Israel",0.0,Neutral
"Sun, 15 Mar 2026 07:00:00 GMT",Unknown,Strategic oil release may calm markets but cannot fix Hormuz disruption,0.3,Positive
"Sun, 15 Mar 2026 07:00:00 GMT",Unknown,Trump’s call for Japan to send warships to Strait of Hormuz heaps pressure on Takaichi,0.0,Neutral
"Sun, 15 Mar 2026 07:00:00 GMT",Unknown,Trump Says Other Countries ‘Must Take Care’ of Hormuz,-0.12,Neutral
"Sun, 15 Mar 2026 07:00:00 GMT",Unknown,US demanding countries assist with ship escorts in Strait of Hormuz: UN ambassador,0.0,Neutral
"Sun, 15 Mar 2026 07:00:00 GMT",Unknown,Iran shields its oil exports as Hormuz flows falter,0.0,Neutral
"Sun, 15 Mar 2026 07:00:00 GMT",Unknown,Trump demands ‘about 7' countries join coalition to police Iran’s Strait of Hormuz,0.0,Neutral
"Sun, 15 Mar 2026 07:00:00 GMT",Unknown,"Macron urges Iran to cease regional attacks, restore Hormuz navigation",0.0,Neutral
"Sun, 15 Mar 2026 07:00:00 GMT",Unknown,Trump’s call for allied deployment to strait of Hormuz meets muted response,0.0,Neutral
"Sun, 15 Mar 2026 07:00:00 GMT",Unknown,The closed Strait of Hormuz is testing Asia's energy security. The answer lies across the Pacific—in Canada,-0.1,Neutral
"Sun, 15 Mar 2026 07:00:00 GMT",Unknown,US response to the Strait of Hormuz closure is becoming a farce,0.02,Neutral
"Sun, 15 Mar 2026 07:00:00 GMT",Unknown,Energy secretary: Strait of Hormuz not safe for shipping,-0.25,Negative
"Sun, 15 Mar 2026 07:00:00 GMT",Unknown,The Strait of Hormuz and the revenge of geography,-0.16,Neutral
"Sun, 15 Mar 2026 07:00:00 GMT",Unknown,What Are Trump’s Options for Securing the Strait of Hormuz?,0.0,Neutral
"Sun, 15 Mar 2026 07:00:00 GMT",Unknown,"Iranian FM: Supreme leader 'in excellent health,' Strait of Hormuz open to all except US and its friends",0.5,Positive
"Sun, 15 Mar 2026 07:00:00 GMT",Unknown,‘Worst nightmare’: anger and frustration as Gulf states bear brunt of war they did not start,-0.85,Negative
"Sun, 15 Mar 2026 07:00:00 GMT",Unknown,"UK may send ships and mine-hunting drones to help open strait of Hormuz, says Miliband",0.0,Neutral
"Sun, 15 Mar 2026 07:00:00 GMT",Unknown,Who Really Controls the Strait of Hormuz,0.13,Neutral
"Sun, 15 Mar 2026 07:00:00 GMT",Unknown,Iran ‘to allow Chinese ships’ through Strait of Hormuz,0.0,Neutral
"Sun, 15 Mar 2026 07:00:00 GMT",Unknown,"Trump calls for help from allies, China to open besieged oil route",0.0,Neutral
"Sun, 15 Mar 2026 07:00:00 GMT",Unknown,How UK might try to keep the Strait of Hormuz open,0.0,Neutral
"Sun, 15 Mar 2026 07:00:00 GMT",Unknown,South Korea considers Trump request to send warships to Strait of Hormuz,0.0,Neutral
"Sun, 15 Mar 2026 07:00:00 GMT",Unknown,"VIDEO: In 1983, Iran threatened to close the Strait of Hormuz",0.0,Neutral
"Sun, 15 Mar 2026 07:00:00 GMT",Unknown,Trump is rallying nations to send warships to the Strait of Hormuz. Australia is wary,-0.5,Negative
"Sun, 15 Mar 2026 07:00:00 GMT",Unknown,"Strait of Hormuz closed only to US, Israeli vessels: Iran's Foreign Minister Abbas Araghchi | World News",-0.07,Neutral
"Sun, 15 Mar 2026 07:00:00 GMT",Unknown,"Iran state media cites ex-IRGC official Mohsen Rezaee, says Strait of Hormuz 'will remain closed'",-0.1,Neutral
"Mon, 16 Mar 2026 07:00:00 GMT",Unknown,Strait of Hormuz: Which countries’ ships has Iran allowed safe passage to?,0.5,Positive
"Mon, 16 Mar 2026 07:00:00 GMT",Unknown,Trump Calls for Hormuz Coalition,-0.12,Neutral
"Mon, 16 Mar 2026 07:00:00 GMT",Unknown,Trump demands NATO and China police the Strait of Hormuz. So far they aren't joining,0.1,Neutral
"Mon, 16 Mar 2026 07:00:00 GMT",Unknown,'Not our war': U.S. allies balk at Trump's Strait of Hormuz demands,0.0,Neutral
"Mon, 16 Mar 2026 07:00:00 GMT",Unknown,What is the strait of Hormuz and can the US stop Iran from blocking it?,0.0,Neutral
"Mon, 16 Mar 2026 07:00:00 GMT",Unknown,"Trump says he's demanded countries help 'protect their own territory,' police Iran's Strait of Hormuz",0.6,Positive
"Mon, 16 Mar 2026 07:00:00 GMT",Unknown,Why might President Trump find it hard to reopen the Strait of Hormuz?,-0.29,Negative
"Mon, 16 Mar 2026 07:00:00 GMT",Unknown,Iran still exporting millions of barrels of oil through Strait of Hormuz even as other traffic paralyzed | CNN Business,-0.12,Neutral
"Mon, 16 Mar 2026 07:00:00 GMT",Unknown,Could a $1 trillion deal reopen the Strait of Hormuz?,0.0,Neutral
"Mon, 16 Mar 2026 07:00:00 GMT",Unknown,'We will remember': Trump warns countries to help secure Strait of Hormuz as shipping stalls,0.4,Positive
"Mon, 16 Mar 2026 07:00:00 GMT",Unknown,"Strait of Hormuz: Why no one, so far, is rushing to help US open vital passage",0.06,Neutral
"Mon, 16 Mar 2026 07:00:00 GMT",Unknown,Why is the Strait of Hormuz critical to Europe?,0.0,Neutral
"Mon, 16 Mar 2026 07:00:00 GMT",Unknown,Trump threatens NATO allies over Strait of Hormuz help,0.0,Neutral
"Mon, 16 Mar 2026 07:00:00 GMT",Unknown,European leaders reject military involvement in Strait of Hormuz,-0.05,Neutral
"Mon, 16 Mar 2026 07:00:00 GMT",Unknown,European countries reject Trump’s call for help to reopen strait of Hormuz,0.0,Neutral
"Mon, 16 Mar 2026 07:00:00 GMT",Unknown,Strait of Hormuz: India hopes talks with Iran will ease route for ships,0.0,Neutral
"Mon, 16 Mar 2026 07:00:00 GMT",Unknown,Middle East experts discuss Trump’s pressure on NATO to reopen Strait of Hormuz,0.0,Neutral
"Mon, 16 Mar 2026 07:00:00 GMT",Unknown,Reactions to Trump's call for help to secure Strait of Hormuz,0.4,Positive
"Mon, 16 Mar 2026 07:00:00 GMT",Unknown,Iran says Strait of Hormuz not 'closed' but traffic under control,0.03,Neutral
"Mon, 16 Mar 2026 07:00:00 GMT",Unknown,Pakistan-bound oil tanker passes through Hormuz Strait amid Iran war,0.0,Neutral
"Mon, 16 Mar 2026 07:00:00 GMT",Unknown,"Trump side-stepped diplomacy on his way to war in Iran. Now, he's asking China and others for help",0.0,Neutral
"Mon, 16 Mar 2026 07:00:00 GMT",Unknown,How Some Ships Are Sneaking Through the Strait of Hormuz,0.0,Neutral
"Mon, 16 Mar 2026 07:00:00 GMT",Unknown,Gulf importers race to reroute as Hormuz closure jolts supply chains,0.0,Neutral
"Mon, 16 Mar 2026 07:00:00 GMT",Unknown,"U.S. is allowing Iranian oil tankers through Strait of Hormuz, says Bessent",0.0,Neutral
"Mon, 16 Mar 2026 07:00:00 GMT",Unknown,Strait of Hormuz standoff puts supply of America's generic drug prescriptions at risk,0.0,Neutral
"Mon, 16 Mar 2026 07:00:00 GMT",Unknown,"From the strait of Hormuz to Malacca, global trade relies almost entirely on these five narrow waterways",-0.07,Neutral
"Mon, 16 Mar 2026 07:00:00 GMT",Unknown,Iran’s Hormuz blockade is its most powerful card against Trump and Israel. It won’t back down easily | Jack Watling,0.22,Positive
"Mon, 16 Mar 2026 07:00:00 GMT",Unknown,Trump says Hormuz Strait help ‘on the way’ as allies reject military action,0.0,Neutral
"Mon, 16 Mar 2026 07:00:00 GMT",Unknown,Denmark pushes for EU-wide response on Strait of Hormuz,0.0,Neutral
"Mon, 16 Mar 2026 07:00:00 GMT",Unknown,Trump Wants to Secure Hormuz. Here’s What It Would Take.,0.3,Positive
"Mon, 16 Mar 2026 07:00:00 GMT",Unknown,The Memo: Allies balk at Trump’s call for help on Strait of Hormuz,0.0,Neutral
"Mon, 16 Mar 2026 07:00:00 GMT",Unknown,Trump says some countries are not enthusiastic about helping unblock Hormuz strait,-0.3,Negative
"Mon, 16 Mar 2026 07:00:00 GMT",Unknown,Bessent says US fine with some ships transiting Strait of Hormuz for now,0.28,Positive
"Mon, 16 Mar 2026 07:00:00 GMT",Unknown,Trump upset as US partners reject call for Hormuz warship escorts,0.0,Neutral
"Mon, 16 Mar 2026 07:00:00 GMT",Unknown,US allies rebuff Trump's request for support in Strait of Hormuz,0.0,Neutral
"Mon, 16 Mar 2026 07:00:00 GMT",Unknown,Spain rules out participating in military operations in Strait of Hormuz,-0.1,Neutral
"Mon, 16 Mar 2026 07:00:00 GMT",Unknown,"UK'S Starmer rules out joining wider Iran war, says reopening Hormuz strait will not be easy",0.43,Positive
"Mon, 16 Mar 2026 07:00:00 GMT",Unknown,CNBC Daily Open: Trump seeks support on Hormuz as he sets sights on Cuba,0.0,Neutral
"Mon, 16 Mar 2026 07:00:00 GMT",Unknown,EU's Kallas floats Black Sea model to unblock Strait of Hormuz,-0.17,Neutral
"Mon, 16 Mar 2026 07:00:00 GMT",Unknown,Two India carriers secure safe passage through Strait of Hormuz,0.45,Positive
"Mon, 16 Mar 2026 07:00:00 GMT",Unknown,China mum on Trump request for help in reopening Strait of Hormuz,0.0,Neutral
"Mon, 16 Mar 2026 07:00:00 GMT",Unknown,Trump seeks 'Hormuz coalition' as US weighs move on Kharg Island,0.0,Neutral
"Mon, 16 Mar 2026 07:00:00 GMT",Unknown,Trump's 'Art of the Deal' can't reopen the Strait of Hormuz — and it's threatening a recession,0.0,Neutral
"Mon, 16 Mar 2026 07:00:00 GMT",Unknown,"EXCLUSIVE: As India seeks Hormuz safe passage, Tehran asks for return of seized tankers, sources say",0.5,Positive
"Mon, 16 Mar 2026 07:00:00 GMT",Unknown,Hormuz becomes world's costliest waterway after 300% premium surge,0.0,Neutral
"Mon, 16 Mar 2026 07:00:00 GMT",Unknown,Germany’s defense minister rebuffs Trump’s Strait of Hormuz request: ‘This is not our war’,0.0,Neutral
"Mon, 16 Mar 2026 07:00:00 GMT",Unknown,Nations Rebuff Trump’s Call to Send Warships to Strait of Hormuz,0.14,Neutral
"Mon, 16 Mar 2026 07:00:00 GMT",Unknown,How big of a problem is the Strait of Hormuz for Donald Trump?,0.0,Neutral
"Mon, 16 Mar 2026 07:00:00 GMT",Unknown,Donald Trump admin to announce Strait of Hormuz escort coalition,0.0,Neutral
"Mon, 16 Mar 2026 07:00:00 GMT",Unknown,Who is answering Trump’s call for help with Strait of Hormuz?,0.0,Neutral
"Mon, 16 Mar 2026 07:00:00 GMT",Unknown,Why might Trump find it hard to reopen the Strait of Hormuz?,-0.29,Negative
"Mon, 16 Mar 2026 07:00:00 GMT",Unknown,China talks up oil sufficiency as Trump seeks Beijing's help on securing Hormuz energy route,0.0,Neutral
"Mon, 16 Mar 2026 07:00:00 GMT",Unknown,"Strait of Hormuz won't be closed for very long, says Wells Fargo's Scott Wren",-0.08,Neutral
"Mon, 16 Mar 2026 07:00:00 GMT",Unknown,Daily 5 report for March 16: Industry begins adding up the costs of Strait of Hormuz’s closure,0.0,Neutral
"Mon, 16 Mar 2026 07:00:00 GMT",Unknown,The Latest: Trump seeks help opening the Strait of Hormuz as Iran war chokes oil shipping,0.5,Positive
"Mon, 16 Mar 2026 07:00:00 GMT",Unknown,Iran strikes U.S.-owned oil tanker in Strait of Hormuz,0.0,Neutral
"Mon, 16 Mar 2026 07:00:00 GMT",Unknown,Why Hormuz will haunt us long after this war ends,-0.03,Neutral
"Mon, 16 Mar 2026 07:00:00 GMT",Unknown,Opinion | How to solve the Hormuz crisis,0.0,Neutral
"Mon, 16 Mar 2026 07:00:00 GMT",Unknown,Oil prices keep rising as Trump seeks coalition to reopen Strait of Hormuz,0.0,Neutral
"Mon, 16 Mar 2026 07:00:00 GMT",Unknown,Biggest Nato allies reject Donald Trump’s Hormuz armada demand,0.0,Neutral
"Mon, 16 Mar 2026 07:00:00 GMT",Unknown,How might the UK support shipping in the Strait of Hormuz?,0.0,Neutral
"Mon, 16 Mar 2026 07:00:00 GMT",Unknown,Oil prices top $103 as U.S. allies reluctant to escort tankers in Strait of Hormuz,0.5,Positive
"Mon, 16 Mar 2026 07:00:00 GMT",Unknown,UK plans to send minesweeping drones to help reopen strait of Hormuz,0.0,Neutral
"Mon, 16 Mar 2026 07:00:00 GMT",Unknown,Trump insisted he didn’t need allies’ help in Iran. Now he’s demanding they step in,0.0,Neutral
"Mon, 16 Mar 2026 07:00:00 GMT",Unknown,Nobody wants to get involved’ in Strait of Hormuz military operations,0.05,Neutral
"Sun, 15 Mar 2026 07:00:00 GMT",Unknown,"Trump calls on S. Korea, others to send ships to keep Hormuz Strait open",0.0,Neutral
"Mon, 16 Mar 2026 07:00:00 GMT",Unknown,"Naval escorts will not guarantee safe passage through Strait of Hormuz, says IMO chief",0.33,Positive
"Tue, 17 Mar 2026 07:00:00 GMT",Unknown,About 90 ships cross the Strait of Hormuz as Iran exports millions of barrels of oil despite the war,0.0,Neutral
"Tue, 17 Mar 2026 07:00:00 GMT",Unknown,What Is the Strait of Hormuz and Why Does Trump Want to Blockade It?,0.0,Neutral
"Tue, 17 Mar 2026 07:00:00 GMT",Unknown,Bulk Carriers Find New Route Out of Hormuz Strait,0.14,Neutral
"Tue, 17 Mar 2026 07:00:00 GMT",Unknown,Strait of Hormuz disruption raises iron ore costs,0.0,Neutral
"Tue, 17 Mar 2026 07:00:00 GMT",Unknown,What have US allies and China said about sending ships to the Strait of Hormuz?,0.0,Neutral
"Tue, 17 Mar 2026 07:00:00 GMT",Unknown,"Why oil tankers remain hesitant to travel the Strait of Hormuz, according to experts",0.5,Positive
"Tue, 17 Mar 2026 07:00:00 GMT",Unknown,"Most NATO members reject U.S.-led Hormuz Strait coalition, Trump says",0.5,Positive
"Tue, 17 Mar 2026 07:00:00 GMT",Unknown,"DW News. . What if the Strait of Hormuz remains blocked? As the US-Israel war on Iran continues, Iran’s closure of the key Strait of Hormuz is sending global shockwaves. We put our users’ most pressing questions to maritime security expert Noam Raydan fro",0.17,Neutral
"Tue, 17 Mar 2026 07:00:00 GMT",Unknown,Europe Has Helped the U.S. Protect Shipping. The Strait of Hormuz Is Different.,0.05,Neutral
"Tue, 17 Mar 2026 07:00:00 GMT",Unknown,Snorkeling in the Strait of Hormuz,0.0,Neutral
"Tue, 17 Mar 2026 07:00:00 GMT",Unknown,"Trump says US does not ‘need’ Strait of Hormuz help, despite appeal",0.0,Neutral
"Tue, 17 Mar 2026 07:00:00 GMT",Unknown,Ray Dalio warns a brutal ‘final battle’ for the Strait of Hormuz is coming—and losing could end the American empire,-0.29,Negative
"Tue, 17 Mar 2026 07:00:00 GMT",Unknown,Hong Kong Vessel Makes Rare Hormuz Transit Into Persian Gulf,0.3,Positive
"Tue, 17 Mar 2026 07:00:00 GMT",Unknown,Video: Is the Strait of Hormuz really closed?,-0.1,Neutral
"Tue, 17 Mar 2026 07:00:00 GMT",Unknown,"Trump fumes at NATO for refusing to help secure the Strait of Hormuz, and embraces going it alone",0.4,Positive
"Tue, 17 Mar 2026 07:00:00 GMT",Unknown,Gulf states press US to neutralise Iran for good as Hormuz crisis deepens,0.7,Positive
"Tue, 17 Mar 2026 07:00:00 GMT",Unknown,Iraq in talks with Iran to safeguard oil tanker traffic through Hormuz,0.0,Neutral
"Tue, 17 Mar 2026 07:00:00 GMT",Unknown,Another Tanker Is Attacked Near the Strait of Hormuz,0.11,Neutral
"Tue, 17 Mar 2026 07:00:00 GMT",Unknown,The Strait of Hormuz: The military cost of disruption as the Iran war escalates,-0.1,Neutral
"Tue, 17 Mar 2026 07:00:00 GMT",Unknown,Strait of Hormuz – Situation update 30 March,0.0,Neutral
"Tue, 17 Mar 2026 07:00:00 GMT",Unknown,Oil prices jump as Iran warns Strait of Hormuz ‘cannot be the same’ | CNN Business,0.0,Neutral
"Tue, 17 Mar 2026 07:00:00 GMT",Unknown,"Iran blames US, Israel for Hormuz tensions as crisis risks energy supplies",0.0,Neutral
"Tue, 17 Mar 2026 07:00:00 GMT",Unknown,"What to know about the Strait of Hormuz, a key oil shipping waterway",0.07,Neutral
"Tue, 17 Mar 2026 07:00:00 GMT",Unknown,"France will never take part in operations to unblock Hormuz Strait amid hostilities, says Macron",0.0,Neutral
"Tue, 17 Mar 2026 07:00:00 GMT",Unknown,China ignores Trump’s Hormuz request as the Iran war deepens and his Beijing trip slips,0.0,Neutral
"Tue, 17 Mar 2026 07:00:00 GMT",Unknown,Gulf oil producers scramble to bypass Hormuz as Iran locks down the strait,-0.16,Neutral
"Tue, 17 Mar 2026 07:00:00 GMT",Unknown,"UAE could join any US-led effort to secure Strait of Hormuz, says senior official",0.4,Positive
"Tue, 17 Mar 2026 07:00:00 GMT",Unknown,The Hormuz Strait: a vital oil lifeline to the world,0.1,Neutral
"Tue, 17 Mar 2026 07:00:00 GMT",Unknown,"Rebuffed by allies, Trump now says U.S. doesn't need help defending the Strait of Hormuz",0.0,Neutral
"Tue, 17 Mar 2026 07:00:00 GMT",Unknown,Why allies aren't leaping to Trump's aid in Strait of Hormuz,0.0,Neutral
"Tue, 17 Mar 2026 07:00:00 GMT",Unknown,How could America reopen shipping in the Strait of Hormuz?,0.0,Neutral
"Tue, 17 Mar 2026 07:00:00 GMT",Unknown,"Iran targets UAE energy infrastructure as gas field set ablaze, tanker struck near Strait of Hormuz",0.1,Neutral
"Tue, 17 Mar 2026 07:00:00 GMT",Unknown,Trump: 'We don't need any help' with Strait of Hormuz,0.0,Neutral
"Tue, 17 Mar 2026 07:00:00 GMT",Unknown,"Iran war: NATO making 'mistake' on Hormuz, Trump says",0.0,Neutral
"Tue, 17 Mar 2026 07:00:00 GMT",Unknown,"By wresting control of the Strait of Hormuz, Iran has turned the tables on US",0.0,Neutral
"Tue, 17 Mar 2026 07:00:00 GMT",Unknown,Trump seeks help opening the Strait of Hormuz as Iran war chokes oil shipping,0.0,Neutral
"Tue, 17 Mar 2026 07:00:00 GMT",Unknown,Trump Says U.S. Does Not ‘Need or Desire’ Help From Allies on Iran,0.14,Neutral
"Tue, 17 Mar 2026 07:00:00 GMT",Unknown,Strait of Hormuz: Trump needs a coalition. Here’s how to build one,0.0,Neutral
"Tue, 17 Mar 2026 07:00:00 GMT",Unknown,Gas prices continue to climb in the US as Strait of Hormuz remains threatened,0.0,Neutral
"Tue, 17 Mar 2026 07:00:00 GMT",Unknown,Graham tears into European allies over Strait of Hormuz reluctance,0.0,Neutral
"Tue, 17 Mar 2026 07:00:00 GMT",Unknown,European leaders rebuff Trump’s call to open the Strait of Hormuz,0.0,Neutral
"Wed, 18 Mar 2026 07:00:00 GMT",Unknown,"The Strait of Hormuz: It Must Be Open for All or Closed to All (March 18, 2026)",-0.05,Neutral
"Wed, 18 Mar 2026 07:00:00 GMT",Unknown,Securing the Strait of Hormuz in Wartime: Military Options and Strategic Challenges,-0.07,Neutral
"Wed, 18 Mar 2026 07:00:00 GMT",Unknown,Traffic is trickling through Strait of Hormuz: Who's moving and who's stranded,0.0,Neutral
"Wed, 18 Mar 2026 07:00:00 GMT",Unknown,All eyes on Hormuz,0.0,Neutral
"Wed, 18 Mar 2026 07:00:00 GMT",Unknown,"Iran allowing more ships through Strait of Hormuz, data suggest",0.5,Positive
"Wed, 18 Mar 2026 07:00:00 GMT",Unknown,Iran maintains its threat in the Strait of Hormuz despite opening passage to some vessels from non-combatant countries,0.0,Neutral
"Wed, 18 Mar 2026 07:00:00 GMT",Unknown,"Some Win, Some Lose, All Sing the Blues: Global Impacts of Hormuz Closure",0.4,Positive
"Wed, 18 Mar 2026 07:00:00 GMT",Unknown,What U.S. Marines Can Do to Help Reopen the Strait of Hormuz,0.0,Neutral
"Wed, 18 Mar 2026 07:00:00 GMT",Unknown,How Iran defied Trump threats to emerge as Strait of Hormuz gatekeeper,0.0,Neutral
"Wed, 18 Mar 2026 07:00:00 GMT",Unknown,From the Strait of Hormuz to the Panama Canal: The Choke Points of Marine Traffic,0.0,Neutral
"Wed, 18 Mar 2026 07:00:00 GMT",Unknown,What’s really going on in Strait of Hormuz?,0.2,Neutral
"Wed, 18 Mar 2026 07:00:00 GMT",Unknown,France ready to help U.S. secure Strait of Hormuz — but not while drones and missiles are flying,0.3,Positive
"Wed, 18 Mar 2026 07:00:00 GMT",Unknown,How many cargo ships are passing Hormuz strait?,0.5,Positive
"Wed, 18 Mar 2026 07:00:00 GMT",Unknown,"Iranian Oil And Some Ships Are Passing Through Hormuz, Data Shows",0.0,Neutral
"Wed, 18 Mar 2026 07:00:00 GMT",Unknown,Estonia ‘ready to talk’ on Strait of Hormuz backup,0.2,Neutral
"Wed, 18 Mar 2026 07:00:00 GMT",Unknown,The Strait of Hormuz has a long history of disruption,-0.05,Neutral
"Wed, 18 Mar 2026 07:00:00 GMT",Unknown,UK says it remains in talks over escorting ships through strait of Hormuz | US-Israel war on Iran,0.0,Neutral
"Wed, 18 Mar 2026 07:00:00 GMT",Unknown,Strait of Hormuz explained: Why it could spike your next gas fill-up,0.0,Neutral
"Wed, 18 Mar 2026 07:00:00 GMT",Unknown,How risky is it to escort ships through the Strait of Hormuz?,0.0,Neutral
"Wed, 18 Mar 2026 07:00:00 GMT",Unknown,"Iran says nuclear doctrine unlikely to change, Hormuz Strait needs new protocol",-0.18,Neutral
"Wed, 18 Mar 2026 07:00:00 GMT",Unknown,Tankers still cross Strait of Hormuz as Iran controls who gets through,0.0,Neutral
"Wed, 18 Mar 2026 07:00:00 GMT",Unknown,Which countries are allowed to cross the Strait Of Hormuz during Iran war?,0.0,Neutral
"Wed, 18 Mar 2026 07:00:00 GMT",Unknown,Republicans insist Trump has a strategy on the Strait of Hormuz — even as it changes by the hour,0.0,Neutral
"Wed, 18 Mar 2026 07:00:00 GMT",Unknown,Gabbard says U.S. intelligence assessed Iran would use Strait of Hormuz as leverage,0.0,Neutral
"Wed, 18 Mar 2026 07:00:00 GMT",Unknown,Iran’s chokehold on Hormuz threatens India’s beloved samosas and chai,0.7,Positive
"Tue, 17 Mar 2026 07:00:00 GMT",Unknown,Trump says US does not need Nato after being rebuffed over strait of Hormuz,0.0,Neutral
"Wed, 18 Mar 2026 07:00:00 GMT",Unknown,Who blinks first: What Iran’s Strait of Hormuz strategy reveals about its war goals,0.25,Positive
"Wed, 18 Mar 2026 07:00:00 GMT",Unknown,NATO heavyweights balk at Hormuz mission as Trump warns alliance at risk,0.0,Neutral
"Wed, 18 Mar 2026 07:00:00 GMT",Unknown,About 90 ships have crossed the Strait of Hormuz since war began. Here’s how,0.0,Neutral
"Tue, 17 Mar 2026 07:00:00 GMT",Unknown,Attempts to open Strait of Hormuz by force would be ‘almost suicidal’,0.0,Neutral
"Tue, 17 Mar 2026 07:00:00 GMT",Unknown,Multiple allies decline US calls for Strait of Hormuz support amid rising Middle East tensions,0.0,Neutral
"Tue, 17 Mar 2026 07:00:00 GMT",Unknown,Opinion | Why Trump can’t get other countries to help him reopen the Strait of Hormuz,-0.12,Neutral
"Tue, 17 Mar 2026 07:00:00 GMT",Unknown,Why Trump’s Hormuz Problem Is Going Global,0.05,Neutral
"Tue, 17 Mar 2026 07:00:00 GMT",Unknown,"Iran war keeps gas prices high, with Strait of Hormuz paralyzed despite Trump's demands",0.16,Neutral
"Wed, 18 Mar 2026 07:00:00 GMT",Unknown,Saudi Arabia Has Revived Half Its Oil Exports Via Hormuz Bypass,-0.17,Neutral
"Tue, 17 Mar 2026 07:00:00 GMT",Unknown,The Strait of Hormuz shows that some problems cannot be optimized,0.0,Neutral
"Wed, 18 Mar 2026 07:00:00 GMT",Unknown,Trump suggests US could leave allies alone to secure Hormuz,0.4,Positive
"Tue, 17 Mar 2026 07:00:00 GMT",Unknown,Why Trump's 'beautiful armada' cannot take control of the Strait of Hormuz,0.85,Positive
"Tue, 17 Mar 2026 07:00:00 GMT",Unknown,"Iran now knows it can strangle the global economy, thanks to Trump",0.1,Neutral
"Wed, 18 Mar 2026 07:00:00 GMT",Unknown,US military strikes Iranian missile sites near Strait of Hormuz with bunker-buster bombs,0.0,Neutral
"Wed, 18 Mar 2026 07:00:00 GMT",Unknown,Oil tankers 'spoofing' their GPS data to get fuel out of Iran,0.0,Neutral
"Tue, 17 Mar 2026 07:00:00 GMT",Unknown,"The real Battle of Hormuz is about to begin, and Iran has the advantage",0.2,Neutral
"Wed, 18 Mar 2026 07:00:00 GMT",Unknown,Trump’s three options for reopening the Strait of Hormuz,0.0,Neutral
"Tue, 17 Mar 2026 07:00:00 GMT",Unknown,Macron says France could join Hormuz mission once situation 'calmer',0.0,Neutral
"Tue, 17 Mar 2026 07:00:00 GMT",Unknown,Iranian traffic control scheme emerges in the Strait of Hormuz,0.0,Neutral
"Wed, 18 Mar 2026 07:00:00 GMT",Unknown,Israel kills 2 senior Iran leaders as allies reject Trump's call for Strait of Hormuz help,0.0,Neutral
"Tue, 17 Mar 2026 07:00:00 GMT",Unknown,Strait of Hormuz Tensions Raise Concerns Over Global Fuel Supply,0.0,Neutral
"Wed, 18 Mar 2026 07:00:00 GMT",Unknown,US claims oil tankers beginning to cross Strait of Hormuz,0.0,Neutral
"Wed, 18 Mar 2026 07:00:00 GMT",Unknown,British military to help US plan reopening of Strait of Hormuz,-0.05,Neutral
"Wed, 18 Mar 2026 07:00:00 GMT",Unknown,Canadian ships stuck in Persian Gulf as blockade of Strait of Hormuz continues,0.0,Neutral
"Tue, 17 Mar 2026 07:00:00 GMT",Unknown,Why allies aren’t leaping to Trump’s aid in Strait of Hormuz,0.0,Neutral
"Wed, 18 Mar 2026 07:00:00 GMT",Unknown,22 India-bound ships on Hormuz evacuation list,0.0,Neutral
"Tue, 17 Mar 2026 07:00:00 GMT",Unknown,"Unlikely that Finland will help secure Strait of Hormuz, minister says",-0.05,Neutral
"Wed, 18 Mar 2026 07:00:00 GMT",Unknown,"Orpo: Europe should help secure Hormuz Strait, but Iran conflict is US-Israel war",0.4,Positive
"Wed, 18 Mar 2026 07:00:00 GMT",Unknown,"‘Get this strait, it’s only right you help US’",0.14,Neutral
"Thu, 19 Mar 2026 07:00:00 GMT",Unknown,Why Iran’s disruption of the Strait of Hormuz matters,0.0,Neutral
"Thu, 19 Mar 2026 07:00:00 GMT",Unknown,Seven U.S. allies back potential Strait of Hormuz coalition,0.0,Neutral
"Thu, 19 Mar 2026 07:00:00 GMT",Unknown,Scared Strait: Ending Iran’s Threats to Hormuz and the Gulf,0.0,Neutral
"Thu, 19 Mar 2026 07:00:00 GMT",Unknown,Choppy waters in the Strait of Hormuz,-0.13,Neutral
"Thu, 19 Mar 2026 07:00:00 GMT",Unknown,"IMO condemns attacks on shipping, calls for safe-passage framework in Strait of Hormuz",0.0,Neutral
"Wed, 18 Mar 2026 07:00:00 GMT",Unknown,Iran continues exporting millions of barrels of oil as around 90 ships cross the Strait of Hormuz despite the war,0.0,Neutral
"Thu, 19 Mar 2026 07:00:00 GMT",Unknown,"What is the Strait of Hormuz, and Why Does it Matter?",0.0,Neutral
"Thu, 19 Mar 2026 07:00:00 GMT",Unknown,US targets mine-laying vessels in the Strait of Hormuz amid blockade disrupting global oil markets,0.17,Neutral
"Thu, 19 Mar 2026 07:00:00 GMT",Unknown,"European nations, Japan to join ‘appropriate efforts’ to open Hormuz Strait",0.17,Neutral
"Wed, 18 Mar 2026 07:00:00 GMT",Unknown,China dismisses U.S. Hormuz request as Trump's Beijing trip is delayed and Iran war deepens,0.0,Neutral
"Thu, 19 Mar 2026 07:00:00 GMT",Unknown,"Italy steps into the Hormuz equation as Europe, Japan hardens its line on Iran",0.0,Neutral
"Thu, 19 Mar 2026 07:00:00 GMT",Unknown,Which countries are allowed to cross the Strait Of Hormuz amid the Iran war?,0.0,Neutral
"Thu, 19 Mar 2026 07:00:00 GMT",Unknown,What Does the Strait of Hormuz’s Closure Mean?,-0.21,Negative
"Thu, 19 Mar 2026 07:00:00 GMT",Unknown,Iran floats Hormuz transit tolls as Persian Gulf states warn of military response,-0.07,Neutral
"Thu, 19 Mar 2026 07:00:00 GMT",Unknown,"Iran considers levying transit fees on ships in Hormuz Strait, lawmaker says",0.0,Neutral
"Thu, 19 Mar 2026 07:00:00 GMT",Unknown,A-10 Warthogs target Iranian fast-attack craft in Strait of Hormuz,0.0,Neutral
"Thu, 19 Mar 2026 07:00:00 GMT",Unknown,Can British drones help secure the strait of Hormuz for international shipping?,0.13,Neutral
"Thu, 19 Mar 2026 07:00:00 GMT",Unknown,European allies and Japan signal readiness to help secure Strait of Hormuz shipping,0.2,Neutral
"Thu, 19 Mar 2026 07:00:00 GMT",Unknown,"Joint statement on Strait of Hormuz by European nations, Japan, Canada",0.0,Neutral
"Thu, 19 Mar 2026 07:00:00 GMT",Unknown,Kevin O'Leary forecasts global power shift in Strait of Hormuz as Iran conflict rattles oil markets,0.0,Neutral
"Thu, 19 Mar 2026 07:00:00 GMT",Unknown,An Introduction to the Strait of Hormuz and Its Role in the Longstanding US-Iran Conflict,0.0,Neutral
"Thu, 19 Mar 2026 07:00:00 GMT",Unknown,Strait of Hormuz becomes site of asymmetric naval war with uncertain outcome,0.0,Neutral
"Thu, 19 Mar 2026 07:00:00 GMT",Unknown,US Marines could be used to reopen Strait of Hormuz,0.0,Neutral
"Thu, 19 Mar 2026 07:00:00 GMT",Unknown,"Canada, allies say they're ready to help secure Strait of Hormuz, but don't say how",0.3,Positive
"Thu, 19 Mar 2026 07:00:00 GMT",Unknown,Asia scrambles to conserve energy as Iran war disrupts oil and gas supplies,0.0,Neutral
"Thu, 19 Mar 2026 07:00:00 GMT",Unknown,Canada and allies say they could ‘contribute’ efforts on Strait of Hormuz,0.0,Neutral
"Thu, 19 Mar 2026 07:00:00 GMT",Unknown,Iran allows handful of favoured ships through Strait of Hormuz,0.0,Neutral
"Thu, 19 Mar 2026 07:00:00 GMT",Unknown,"Joint statement from the leaders of the United Kingdom, France, Germany, Italy, the Netherlands, Japan, Canada and others on the Strait of Hormuz: 19 March 2026",0.0,Neutral
"Thu, 19 Mar 2026 07:00:00 GMT",Unknown,The perils of the Hormuz escort plan,0.0,Neutral
"Thu, 19 Mar 2026 07:00:00 GMT",Unknown,Iran may impose Strait of Hormuz transit fees as sanction against West,0.0,Neutral
"Thu, 19 Mar 2026 07:00:00 GMT",Unknown,"In Big Step On Hormuz, UK, France Say Ready To ""Contribute"" To Safe Passage",0.23,Positive
"Thu, 19 Mar 2026 07:00:00 GMT",Unknown,"Canada, allies ready to help unblock Strait of Hormuz as oil prices spike",0.2,Neutral
"Thu, 19 Mar 2026 07:00:00 GMT",Unknown,"Iran, six countries, including Italy, ready to reopen the Strait of Hormuz",0.2,Neutral
"Thu, 19 Mar 2026 07:00:00 GMT",Unknown,"Canada, allies say they’re ready to help secure Strait of Hormuz, but don’t say how",0.3,Positive
"Thu, 19 Mar 2026 07:00:00 GMT",Unknown,"After Hormuz, a new choke point threatens world shipping",0.14,Neutral
"Thu, 19 Mar 2026 07:00:00 GMT",Unknown,Six major powers unite against Iran’s Strait of Hormuz blockade as 20 000 seafarers stranded,0.06,Neutral
"Thu, 19 Mar 2026 07:00:00 GMT",Unknown,Strait of Hormuz back in operation; Iran open route to friendly nation,0.12,Neutral
"Thu, 19 Mar 2026 07:00:00 GMT",Unknown,What Cargo Ships Are Passing Hormuz Strait?,0.0,Neutral
"Fri, 20 Mar 2026 07:00:00 GMT",Unknown,FPRI Experts React | Options in the Strait of Hormuz,-0.12,Neutral
"Fri, 20 Mar 2026 07:00:00 GMT",Unknown,What the closure of the Strait of Hormuz means for the global economy,0.0,Neutral
"Fri, 20 Mar 2026 07:00:00 GMT",Unknown,What Are the Implications of the Iran Conflict for Japan?,-0.05,Neutral
"Fri, 20 Mar 2026 07:00:00 GMT",Unknown,How the Hormuz Closure Is Testing the Korean President’s Progressive Agenda,0.0,Neutral
"Fri, 20 Mar 2026 07:00:00 GMT",Unknown,Strait of Hormuz: Which ships are passing through?,0.0,Neutral
"Fri, 20 Mar 2026 07:00:00 GMT",Unknown,High stakes in the Strait of Hormuz: Force majeure and supply chain disruptions,0.16,Neutral
"Fri, 20 Mar 2026 07:00:00 GMT",Unknown,Lessons for ports from the recent Strait of Hormuz closure,0.07,Neutral
"Fri, 20 Mar 2026 07:00:00 GMT",Unknown,Coalitions of the Willing and the Strait of Hormuz,0.12,Neutral
"Fri, 20 Mar 2026 07:00:00 GMT",Unknown,Strait of Hormuz remains shut as Trump pushes U.S. allies to help open the key waterway. Here's what to know.,0.0,Neutral
"Fri, 20 Mar 2026 07:00:00 GMT",Unknown,"With the Strait of Hormuz effectively closed, alternative routes pose little help",-0.01,Neutral
"Fri, 20 Mar 2026 07:00:00 GMT",Unknown,Strait of Hormuz tensions rise as Iran reportedly charges ships for safe passage,0.5,Positive
"Fri, 20 Mar 2026 07:00:00 GMT",Unknown,WATCH: Trump says 'we don't need' Strait of Hormuz after allies won't help U.S. escort ships,0.0,Neutral
"Fri, 20 Mar 2026 07:00:00 GMT",Unknown,Iran developing a ‘vetting system’ for Strait of Hormuz transit: Report,0.0,Neutral
"Fri, 20 Mar 2026 07:00:00 GMT",Unknown,Iran does not need to close the Strait of Hormuz to disrupt it,0.0,Neutral
"Fri, 20 Mar 2026 07:00:00 GMT",Unknown,US furiously seeks to avert potential monthslong closure of Strait of Hormuz,0.0,Neutral
"Fri, 20 Mar 2026 07:00:00 GMT",Unknown,U.S. War Planes and Helicopters Kick Off Battle to Reopen Hormuz,0.0,Neutral
"Fri, 20 Mar 2026 07:00:00 GMT",Unknown,"Trump considers ""winding down"" Iran war without opening Hormuz Strait",-0.16,Neutral
"Fri, 20 Mar 2026 07:00:00 GMT",Unknown,U.S. Military Ramps Up Assaults on Iranian Drones and Vessels to Clear Strait of Hormuz,0.03,Neutral
"Fri, 20 Mar 2026 07:00:00 GMT",Unknown,"More countries sign joint statement on Strait of Hormuz by European nations, others",0.25,Positive
"Fri, 20 Mar 2026 07:00:00 GMT",Unknown,What cargo ships are passing Hormuz strait?,0.0,Neutral
"Fri, 20 Mar 2026 07:00:00 GMT",Unknown,‘Hormuz has to reopen’: Why the oil industry can’t help Trump tame rising gasoline prices,-0.22,Negative
"Fri, 20 Mar 2026 07:00:00 GMT",Unknown,The challenges of securing Hormuz as 6 nations issue joint statement,0.0,Neutral
"Fri, 20 Mar 2026 07:00:00 GMT",Unknown,The Echoes of Suez in the Strait of Hormuz,0.0,Neutral
"Fri, 20 Mar 2026 07:00:00 GMT",Unknown,"Indian gas tankers getting ready to sail through Hormuz, data shows",0.2,Neutral
"Fri, 20 Mar 2026 07:00:00 GMT",Unknown,Experts: Reopening the Strait of Hormuz may require U.S. ground troops,0.0,Neutral
"Fri, 20 Mar 2026 07:00:00 GMT",Unknown,West Point analysis warns that strait of Hormuz blockade will strangle US defense industry,0.0,Neutral
"Fri, 20 Mar 2026 07:00:00 GMT",Unknown,Trump mulls risky Kharg Island takeover to force Iran to open strait,0.0,Neutral
"Fri, 20 Mar 2026 07:00:00 GMT",Unknown,A Look at the Escalating Battle for the Strait of Hormuz,0.14,Neutral
"Fri, 20 Mar 2026 07:00:00 GMT",Unknown,"In the Strait of Hormuz, Iran unleashes a plot against the West years in the making",0.0,Neutral
"Fri, 20 Mar 2026 07:00:00 GMT",Unknown,"Iran ready to let Japanese vessels transit Hormuz, Kyodo reports",0.1,Neutral
"Fri, 20 Mar 2026 07:00:00 GMT",Unknown,Donald Trump ‘very surprised’ Australia declined to send troops to strait of Hormuz amid fuel crisis,0.13,Neutral
"Fri, 20 Mar 2026 07:00:00 GMT",Unknown,"Italy, Germany and France offer help with Hormuz only after ceasefire",0.0,Neutral
"Fri, 20 Mar 2026 07:00:00 GMT",Unknown,"EXCLUSIVE: Iraq declares force majeure on foreign-operated oilfields over Hormuz disruption, sources say",0.0,Neutral
"Fri, 20 Mar 2026 07:00:00 GMT",Unknown,Don't expect a quick and easy oil miracle from the US Navy in the Strait of Hormuz,0.38,Positive
"Fri, 20 Mar 2026 07:00:00 GMT",Unknown,Sailor reveals terror of coming under Iranian fire while navigating the Hormuz strait,0.0,Neutral
"Fri, 20 Mar 2026 07:00:00 GMT",Unknown,"US intensifies campaign to reopen Strait of Hormuz, deploys A-10s, Apaches",0.0,Neutral
"Fri, 20 Mar 2026 07:00:00 GMT",Unknown,Iran lets grain ships through Hormuz to shore up food supply,0.0,Neutral
"Fri, 20 Mar 2026 07:00:00 GMT",Unknown,Oil jumps to highest settlement since July 2022 as more Mideast supply disrupted,0.5,Positive
"Thu, 19 Mar 2026 07:00:00 GMT",Unknown,"European countries and Japan: ready to help on Hormuz, stabilise energy markets",0.1,Neutral
"Fri, 20 Mar 2026 07:00:00 GMT",Unknown,Five European nations and Japan ready to 'contribute' to securing Hormuz,0.1,Neutral
"Fri, 20 Mar 2026 07:00:00 GMT",Unknown,A Few Ships Are Trickling Through the Strait of Hormuz With Iran’s Approval,-0.09,Neutral
"Fri, 20 Mar 2026 07:00:00 GMT",Unknown,‘COWARDS’: Trump blasts NATO allies over Hormuz,0.0,Neutral
"Fri, 20 Mar 2026 07:00:00 GMT",Unknown,"In the war-hit Strait of Hormuz, it pays to be Chinese",0.0,Neutral
"Fri, 20 Mar 2026 07:00:00 GMT",Unknown,Trump hints at wind down of war as US prepares to send more troops to Gulf,0.17,Neutral
"Fri, 20 Mar 2026 07:00:00 GMT",Unknown,"France exploring UN route to unblock Strait of Hormuz, Macron says",0.0,Neutral
"Fri, 20 Mar 2026 07:00:00 GMT",Unknown,"European leaders, Japan offer to help Trump unblock Strait of Hormuz",0.0,Neutral
"Fri, 20 Mar 2026 07:00:00 GMT",Unknown,Six allies ready to help ‘efforts to ensure safe passage’ through Hormuz Strait,0.35,Positive
"Fri, 20 Mar 2026 07:00:00 GMT",Unknown,How countries are cutting deals with Iran to move oil through the Strait of Hormuz – and undermine Trump,-0.4,Negative
"Fri, 20 Mar 2026 07:00:00 GMT",Unknown,Trump ‘considers risky ground offensive to free Strait of Hormuz’ after branding Nato ‘cowards’,0.27,Positive
"Fri, 20 Mar 2026 07:00:00 GMT",Unknown,"Trump Mulls Kharg Island Takeover to Force Iran to Open Hormuz Strait, Axios Reports",0.0,Neutral
"Fri, 20 Mar 2026 07:00:00 GMT",Unknown,"An alternative route to Strait of Hormuz? Iran sets up 'corridor', offers ships safe passage for a price",0.3,Positive
"Fri, 20 Mar 2026 07:00:00 GMT",Unknown,Australia open to joining allies’ Hormuz push,0.0,Neutral
"Fri, 20 Mar 2026 07:00:00 GMT",Unknown,Trump risks looking like a loser over Hormuz,0.0,Neutral
"Fri, 20 Mar 2026 07:00:00 GMT",Unknown,Joint statement from the leaders on the Strait of Hormuz (englanniksi),0.0,Neutral
"Fri, 20 Mar 2026 07:00:00 GMT",Unknown,Strait of Hormuz crisis sends fuel costs soaring,0.0,Neutral
"Sat, 21 Mar 2026 07:00:00 GMT",Unknown,Iran's Chokehold On Hormuz And The Limits Of Military Force,0.07,Neutral
"Sat, 21 Mar 2026 07:00:00 GMT",Unknown,The Strait of Hormuz is about more than just oil. It feeds 100 million people | CNN Business,0.5,Positive
"Sat, 21 Mar 2026 07:00:00 GMT",Unknown,Empires Have Battled Over the Strait of Hormuz for Centuries,0.0,Neutral
"Sat, 21 Mar 2026 07:00:00 GMT",Unknown,Trump threatens to 'obliterate' Iran's power plants if Strait of Hormuz isn't opened in 48 hours,0.0,Neutral
"Sat, 21 Mar 2026 07:00:00 GMT",Unknown,Iran says it will allow Japanese ships to transit the Strait of Hormuz,0.0,Neutral
"Sat, 21 Mar 2026 07:00:00 GMT",Unknown,How the Strait of Hormuz poses an existential threat to Asia’s economies,0.0,Neutral
"Sat, 21 Mar 2026 07:00:00 GMT",Unknown,"Iranian Navy Guided Indian Tanker Through Hormuz, Crew Member Says",0.0,Neutral
"Sat, 21 Mar 2026 07:00:00 GMT",Unknown,The Strait of Hormuz Was Supposed to Be Too Big to Fail,-0.17,Neutral
"Sat, 21 Mar 2026 07:00:00 GMT",Unknown,US says it has crippled Iranian threat in Strait of Hormuz,0.0,Neutral
"Sat, 21 Mar 2026 07:00:00 GMT",Unknown,Iran Unwilling to Talk About Hormuz as Regime Digs In,0.0,Neutral
"Sat, 21 Mar 2026 07:00:00 GMT",Unknown,US Says It Took Out Iran’s Facilities Threatening Hormuz Strait,0.0,Neutral
"Sat, 21 Mar 2026 07:00:00 GMT",Unknown,How Do You Open the Strait of Hormuz?,0.0,Neutral
"Sat, 21 Mar 2026 07:00:00 GMT",Unknown,Number of countries offering to ‘contribute’ to opening Strait of Hormuz grows to 22,0.14,Neutral
"Sat, 21 Mar 2026 07:00:00 GMT",Unknown,"G7 ready to act to protect global energy supplies, backs Hormuz Strait security",0.1,Neutral
"Sat, 21 Mar 2026 07:00:00 GMT",Unknown,Japan Says Not Considering Unilateral Talks With Iran on Hormuz,-0.5,Negative
"Sat, 21 Mar 2026 07:00:00 GMT",Unknown,The Legality of the UK Permitting the US to Use British Bases to Stop Iranian Attacks on Shipping in the Strait of Hormuz,0.0,Neutral
"Sat, 21 Mar 2026 07:00:00 GMT",Unknown,"Trump gives Iran 48 hours on Hormuz, threatens power plants",0.0,Neutral
"Fri, 20 Mar 2026 07:00:00 GMT",Unknown,"What is the Strait of Hormuz, and why does it matter?",0.0,Neutral
"Sat, 21 Mar 2026 07:00:00 GMT",Unknown,UK allows US to use bases to strike Strait of Hormuz targets,0.0,Neutral
"Sat, 21 Mar 2026 07:00:00 GMT",Unknown,"Iran parliament ready to approve Hormuz fees, lawmaker says",0.13,Neutral
"Sat, 21 Mar 2026 07:00:00 GMT",Unknown,"'War is not close to ending,' Israeli general says after Iran strikes areas near nuclear site | CBC News",0.08,Neutral
"Sat, 21 Mar 2026 07:00:00 GMT",Unknown,Hidden codes keep Iranian oil flowing through Strait of Hormuz,-0.17,Neutral
"Sat, 21 Mar 2026 07:00:00 GMT",Unknown,Czechia joins international effort to protect shipping in Strait of Hormuz,0.0,Neutral
"Sat, 21 Mar 2026 07:00:00 GMT",Unknown,"Iran ready to open Hormuz to Japanese vessels, as the US deploys more troops",0.17,Neutral
"Sat, 21 Mar 2026 07:00:00 GMT",Unknown,Canada & 6 nations call on Iran to reopen Strait of Hormuz,0.0,Neutral
"Sat, 21 Mar 2026 07:00:00 GMT",Unknown,Iran’s midget submarines could seal Hormuz,0.0,Neutral
"Sat, 21 Mar 2026 07:00:00 GMT",Unknown,Ready to help keep Hormuz Strait open? Who said what,0.1,Neutral
"Sat, 21 Mar 2026 07:00:00 GMT",Unknown,"Strait of Hormuz is blocked, Asia faces a surge in energy prices",0.0,Neutral
"Sat, 21 Mar 2026 07:00:00 GMT",Unknown,Korea coordinates with Iran to normalise shipping route through Strait of Hormuz,0.0,Neutral
"Sat, 21 Mar 2026 07:00:00 GMT",Unknown,"Finland, 19 other nations release joint statement condemning Iranian attacks on commercial shipping in Strait of Hormuz",-0.06,Neutral
"Sun, 22 Mar 2026 07:00:00 GMT",Unknown,Trump's changing course on Strait of Hormuz strategy raises questions about US war preparation,0.0,Neutral
"Sun, 22 Mar 2026 07:00:00 GMT",Unknown,Iran threatens to 'completely' close Strait of Hormuz and hit power plants following Trump's ultimatum,0.05,Neutral
"Sun, 22 Mar 2026 07:00:00 GMT",Unknown,"Trump issues 48-hour Hormuz Strait ultimatum, threatens Iran’s power plants",0.0,Neutral
"Sun, 22 Mar 2026 07:00:00 GMT",Unknown,Iran says Hormuz open to all but ‘enemy-linked’ ships,0.0,Neutral
"Sun, 22 Mar 2026 07:00:00 GMT",Unknown,Trump issues ultimatum to Iran over Strait of Hormuz closure,0.0,Neutral
"Sun, 22 Mar 2026 07:00:00 GMT",Unknown,The economy has a Strait of Hormuz deadline for Trump: Two weeks,0.0,Neutral
"Sun, 22 Mar 2026 07:00:00 GMT",Unknown,7 Things You Need to Know About the Strait of Hormuz – That Trump Didn’t!,0.0,Neutral
"Sun, 22 Mar 2026 07:00:00 GMT",Unknown,Iran says Hormuz open to all but ‘enemies' after Trump ultimatum,0.0,Neutral
"Sun, 22 Mar 2026 07:00:00 GMT",Unknown,"Strait of Hormuz open to all ships except ‘enemy’ vessels, Iran says after Trump ultimatum",0.0,Neutral
"Sun, 22 Mar 2026 07:00:00 GMT",Unknown,Iran offers cooperation with UN maritime agency amid Hormuz tensions,0.1,Neutral
"Sun, 22 Mar 2026 07:00:00 GMT",Unknown,"Hormuz Strait Closure Forcing Trump, Importers to Seek Solution",0.0,Neutral
"Sun, 22 Mar 2026 07:00:00 GMT",Unknown,Iran warns Trump after he issues two-day ultimatum to open Hormuz,0.0,Neutral
"Sun, 22 Mar 2026 07:00:00 GMT",Unknown,The Tanker War: How history is repeating itself on the Strait of Hormuz,0.0,Neutral
"Sun, 22 Mar 2026 07:00:00 GMT",Unknown,"Iran to completely close Hormuz if Trump executes threats on Iranian energy, Revolutionary Guards say",0.1,Neutral
"Sun, 22 Mar 2026 07:00:00 GMT",Unknown,"Japan could consider Hormuz minesweeping if ceasefire reached, minister says",0.0,Neutral
"Sun, 22 Mar 2026 07:00:00 GMT",Unknown,"Iran threatens to ‘completely close’ Hormuz Strait, Israel strikes Lebanon bridges",0.1,Neutral
"Sun, 22 Mar 2026 07:00:00 GMT",Unknown,Five Options Under Consideration to Reopen the Strait of Hormuz,0.0,Neutral
"Sun, 22 Mar 2026 07:00:00 GMT",Unknown,Iran says Hormuz open to all but ‘enemy-linked’ ships amid US threat,0.0,Neutral
"Sun, 22 Mar 2026 07:00:00 GMT",Unknown,"As Trump eyes Hormuz battle, he could give Iran a 'taste of their own medicine' with oil blockade",0.6,Positive
"Sun, 22 Mar 2026 07:00:00 GMT",Unknown,Trump tells Iran it has 48 hours to open Hormuz or US will ‘obliterate’ its power plants,0.0,Neutral
"Sun, 22 Mar 2026 07:00:00 GMT",Unknown,Iran war: Tehran vows response to Trump's Hormuz threats,0.0,Neutral
"Sun, 22 Mar 2026 07:00:00 GMT",Unknown,"Trump threats, U.S. troop build-up raise specter of battle for Hormuz",0.0,Neutral
"Sun, 22 Mar 2026 07:00:00 GMT",Unknown,Waltz: US allies starting to ‘come around’ to reopening Strait of Hormuz,0.0,Neutral
"Sun, 22 Mar 2026 07:00:00 GMT",Unknown,Trump to Iran: Open Hormuz in 48 hours or U.S. bombs power plants,0.0,Neutral
"Sun, 22 Mar 2026 07:00:00 GMT",Unknown,Oil prices volatile after Trump's Strait of Hormuz threat,0.0,Neutral
"Sun, 22 Mar 2026 07:00:00 GMT",Unknown,CNBC Daily Open: Trump issues Strait of Hormuz ultimatum,0.0,Neutral
"Sun, 22 Mar 2026 07:00:00 GMT",Unknown,"Iran says Hormuz ‘not closed,’ ships hesitate over war risks",0.03,Neutral
"Sun, 22 Mar 2026 07:00:00 GMT",Unknown,"Iran prepared to let Japanese ships transit Hormuz, FM says",0.0,Neutral
"Sun, 22 Mar 2026 07:00:00 GMT",Unknown,"Iran chokes Strait of Hormuz with reported $2M tanker toll, regime threatens global oil supply",0.0,Neutral
"Sun, 22 Mar 2026 07:00:00 GMT",Unknown,‘Opening Strait of Hormuz will probably require US boots on the ground’,0.0,Neutral
"Sun, 22 Mar 2026 07:00:00 GMT",Unknown,Trump threatens to ‘obliterate’ Iran power plants unless Hormuz Strait open,0.0,Neutral
"Sun, 22 Mar 2026 07:00:00 GMT",Unknown,Little Change at Strait of Hormuz After Trump's 48-Hour Threat,-0.19,Neutral
"Sun, 22 Mar 2026 07:00:00 GMT",Unknown,"Trump, Starmer agree Strait of Hormuz must reopen as Middle East conflict escalates",0.0,Neutral
"Sun, 22 Mar 2026 07:00:00 GMT",Unknown,Britain must do what it can to open the Strait of Hormuz,0.0,Neutral
"Sun, 22 Mar 2026 07:00:00 GMT",Unknown,Strait of Hormuz: Trump’s ultimatum to Iran,0.0,Neutral
"Sun, 22 Mar 2026 07:00:00 GMT",Unknown,Trump gives Iran deadline to open Hormuz as mixed messages spur crisis,0.0,Neutral
"Sun, 22 Mar 2026 07:00:00 GMT",Unknown,Iran hits back after Trump's chilling deadline,-0.25,Negative
"Sun, 22 Mar 2026 07:00:00 GMT",Unknown,"Bahrain, Egypt call for int'l cooperation to protect Strait of Hormuz",0.0,Neutral
"Sun, 22 Mar 2026 07:00:00 GMT",Unknown,Trump’s 48-hour ultimatum escalates Hormuz battle: Why forcing the strait open is high risk,0.08,Neutral
"Sun, 22 Mar 2026 07:00:00 GMT",Unknown,"Strait of Hormuz open to all but 'enemies', says Tehran",0.0,Neutral
"Sun, 22 Mar 2026 07:00:00 GMT",Unknown,US military says Iran threat to Hormuz 'degraded',-0.1,Neutral
"Sun, 22 Mar 2026 07:00:00 GMT",Unknown,Iran parliament mulls 'safe passage' fees in Strait of Hormuz,0.5,Positive
"Mon, 23 Mar 2026 07:00:00 GMT",Unknown,Military Options for Reopening the Strait of Hormuz: Limitations and Imperatives,-0.1,Neutral
"Mon, 23 Mar 2026 07:00:00 GMT",Unknown,The Strait of Hormuz and the Limits of Maritime Law,0.0,Neutral
"Sun, 22 Mar 2026 07:00:00 GMT",Unknown,Why Can’t We Secure the Strait of Hormuz?,0.4,Positive
"Mon, 23 Mar 2026 07:00:00 GMT",Unknown,Strait of Hormuz Closure and Fertilizer Supply Risks for U.S. Agriculture,0.0,Neutral
"Mon, 23 Mar 2026 07:00:00 GMT",Unknown,Hormuz hold’em: How to stop the US-Iran crisis in the strait,0.0,Neutral
"Mon, 23 Mar 2026 07:00:00 GMT",Unknown,Dire fertiliser shortage a lurking threat due to Hormuz crisis,-0.12,Neutral
"Mon, 23 Mar 2026 07:00:00 GMT",Unknown,"'Big concern': How the Iran war and Strait of Hormuz closure could drive up prices for helium, fertilizer and other goods",0.05,Neutral
"Mon, 23 Mar 2026 07:00:00 GMT",Unknown,"The Strait of Hormuz crisis will ripple across plastics and food supply chains, helping Beijing and Moscow, hurting Americans",0.0,Neutral
"Mon, 23 Mar 2026 07:00:00 GMT",Unknown,"Iran military says Strait of Hormuz will be ""completely closed"" if U.S. delivers on Trump threat",-0.1,Neutral
"Mon, 23 Mar 2026 07:00:00 GMT",Unknown,Iran Says Strait of Hormuz Remains Open Amid Wartime Restrictions on “Aggressor” Vessels,0.0,Neutral
"Mon, 23 Mar 2026 07:00:00 GMT",Unknown,Iran Threatens to Close Strait of Hormuz 'Completely' if Trump Attacks Power Plants,0.1,Neutral
"Mon, 23 Mar 2026 07:00:00 GMT",Unknown,"Iran vows full Hormuz Strait closure, strikes on energy sites after Trump ultimatum",0.35,Positive
"Mon, 23 Mar 2026 07:00:00 GMT",Unknown,"U.S. won't strike Iran's power plants for 5 days, Trump says in turnaround on Strait of Hormuz deadline",0.0,Neutral
"Mon, 23 Mar 2026 07:00:00 GMT",Unknown,"Amid Iran talks, Strait of Hormuz dotted with about a dozen Iranian mines, U.S. officials say",0.0,Neutral
"Mon, 23 Mar 2026 07:00:00 GMT",Unknown,"Trump says the U.S. is in talks with Iran to end the war, which Iran denies",0.0,Neutral
"Mon, 23 Mar 2026 07:00:00 GMT",Unknown,China’s Free Ride at Hormuz,0.27,Positive
"Mon, 23 Mar 2026 07:00:00 GMT",Unknown,"Ending Iran war now would cede Hormuz to the enemy, Trump’s former Defense secretary says",0.0,Neutral
"Mon, 23 Mar 2026 07:00:00 GMT",Unknown,Trump suggests Strait of Hormuz may stay closed during peace talks with Iran in coming days,-0.1,Neutral
"Mon, 23 Mar 2026 07:00:00 GMT",Unknown,Zombie Oil Tanker Exits Hormuz as Trump and Iran Trade Threats,0.0,Neutral
"Mon, 23 Mar 2026 07:00:00 GMT",Unknown,How Do Disruptions in the Hormuz Strait Affect Europe? A Spotlight on Italy,0.0,Neutral
"Mon, 23 Mar 2026 07:00:00 GMT",Unknown,Two India tankers pass through Hormuz as Trump-Iran standoff simmers,0.0,Neutral
"Mon, 23 Mar 2026 07:00:00 GMT",Unknown,"Iran attacks in Strait of Hormuz are 'economic terrorism against every nation,' UAE oil CEO says",0.2,Neutral
"Mon, 23 Mar 2026 07:00:00 GMT",Unknown,"Iran claims 'full control' of Hormuz, warns against interference",0.35,Positive
"Mon, 23 Mar 2026 07:00:00 GMT",Unknown,"Trump delays strikes on Iran's power plants for 5 days. And, ICE deploys to airports",0.0,Neutral
"Mon, 23 Mar 2026 07:00:00 GMT",Unknown,Two Indian LPG Carriers Are in Transit Through Strait of Hormuz,0.0,Neutral
"Mon, 23 Mar 2026 07:00:00 GMT",Unknown,Unblocking the Strait of Hormuz is complicated. Here’s why,-0.5,Negative
"Mon, 23 Mar 2026 07:00:00 GMT",Unknown,Iran Controls Hormuz Transit as Zombie LNG Carrier Appears,0.0,Neutral
"Mon, 23 Mar 2026 07:00:00 GMT",Unknown,Trump postpones Iran power plant threat over Strait of Hormuz,0.0,Neutral
"Mon, 23 Mar 2026 07:00:00 GMT",Unknown,Rob Handfield Explains Strait of Hormuz Concerns for ABC News,0.0,Neutral
"Mon, 23 Mar 2026 07:00:00 GMT",Unknown,Oil tumbles nearly 11% after Trump puts hold on U.S. strikes against Iran energy infrastructure for five days,0.1,Neutral
"Mon, 23 Mar 2026 07:00:00 GMT",Unknown,Donald Trump pitches shared US-Iran control over Strait of Hormuz,0.0,Neutral
"Mon, 23 Mar 2026 07:00:00 GMT",Unknown,How the Strait of Hormuz closure could affect your finances,0.0,Neutral
"Mon, 23 Mar 2026 07:00:00 GMT",Unknown,Trump backtracks on Iran's deadline to reopen Strait of Hormuz,0.0,Neutral
"Mon, 23 Mar 2026 07:00:00 GMT",Unknown,CNBC Daily Open: clock ticks on Trump's Hormuz ultimatum,0.0,Neutral
"Mon, 23 Mar 2026 07:00:00 GMT",Unknown,"Iranian attacks on Strait of Hormuz an ‘act of terrorism’, says head of UAE’s Adnoc",0.0,Neutral
"Mon, 23 Mar 2026 07:00:00 GMT",Unknown,Two ships scrapped for parts have suddenly reappeared in the Strait of Hormuz,0.0,Neutral
"Mon, 23 Mar 2026 07:00:00 GMT",Unknown,Chevron's CEO says oil prices are still too low—and the effects of the Strait of Hormuz closure are not 'fully priced in',0.0,Neutral
"Mon, 23 Mar 2026 07:00:00 GMT",Unknown,US said planning weeks-long operation to reopen Hormuz Strait; IDF strikes Tehran overnight,0.0,Neutral
"Mon, 23 Mar 2026 07:00:00 GMT",Unknown,Securing Hormuz… Why Are Gulf States Hesitant?,0.0,Neutral
"Mon, 23 Mar 2026 07:00:00 GMT",Unknown,Trump extends deadline for Iran to reopen Strait of Hormuz,0.0,Neutral
"Mon, 23 Mar 2026 07:00:00 GMT",Unknown,Iran threatens to hit Middle East power plants as Hormuz crisis grows,0.0,Neutral
"Mon, 23 Mar 2026 07:00:00 GMT",Unknown,CO26054 | Problems and Prospects for Naval Escorts in the Strait of Hormuz,0.0,Neutral
"Mon, 23 Mar 2026 07:00:00 GMT",Unknown,Trump says Strait of Hormuz will ‘open very soon’,0.1,Neutral
"Mon, 23 Mar 2026 07:00:00 GMT",Unknown,Joint statement from the leaders on the Strait of Hormuz,0.0,Neutral
"Mon, 23 Mar 2026 07:00:00 GMT",Unknown,"After Trump’s 48-hour ultimatum, Iran says ships can pass Hormuz Strait — except ‘enemy’ vessels",0.0,Neutral
"Mon, 23 Mar 2026 07:00:00 GMT",Unknown,Trump U-turn on Hormuz could be due to 'pressure' from Gulf nations,-0.12,Neutral
"Mon, 23 Mar 2026 07:00:00 GMT",Unknown,Oil price soars again as TACO Tuesday proves unpalatable,0.2,Neutral
"Mon, 23 Mar 2026 07:00:00 GMT",Unknown,"Iran offers to reopen access to the Strait of Hormuz, will U.S. agree?",0.1,Neutral
"Mon, 23 Mar 2026 07:00:00 GMT",Unknown,WATCH: Strait of Hormuz open to SA,0.0,Neutral
"Tue, 24 Mar 2026 07:00:00 GMT",Unknown,The Strait of Hormuz Problem: What ‘Securing’ the Waterway Actually Requires,0.0,Neutral
"Tue, 24 Mar 2026 07:00:00 GMT",Unknown,Beyond Oil: Hormuz Closure Puts Russia in the Lead in the Fertilizer Market,0.0,Neutral
"Tue, 24 Mar 2026 07:00:00 GMT",Unknown,Bahrain's UN proposal calling for 'all necessary means' to open Strait of Hormuz faces opposition,0.0,Neutral
"Tue, 24 Mar 2026 07:00:00 GMT",Unknown,Why It’s So Hard to Reopen the Strait of Hormuz,-0.15,Neutral
"Tue, 24 Mar 2026 07:00:00 GMT",Unknown,"The ‘simple maneuver’ of opening Hormuz strait carries great risks, analysts say",0.4,Positive
"Tue, 24 Mar 2026 07:00:00 GMT",Unknown,Trump calls off Strait of Hormuz ultimatum as Iran receives U.S. message from mediators,0.0,Neutral
"Tue, 24 Mar 2026 07:00:00 GMT",Unknown,"US must reopen Strait of Hormuz to cut spiking energy prices, oil chief says",0.0,Neutral
"Tue, 24 Mar 2026 07:00:00 GMT",Unknown,Strait of Hormuz closure means this port could be a key lifeline for the Persian Gulf,0.0,Neutral
"Tue, 24 Mar 2026 07:00:00 GMT",Unknown,Iran tells UN: 'non-hostile' ships can transit Strait of Hormuz,0.0,Neutral
"Tue, 24 Mar 2026 07:00:00 GMT",Unknown,Iran Says ‘Non-Hostile’ Ships Can Sail Through the Strait of Hormuz,0.14,Neutral
"Tue, 24 Mar 2026 07:00:00 GMT",Unknown,Trump says Iran gave US 'gift' linked to Strait of Hormuz,0.0,Neutral
"Tue, 24 Mar 2026 07:00:00 GMT",Unknown,5 Stocks to Buy Now That The Strait of Hormuz is Closed,-0.1,Neutral
"Tue, 24 Mar 2026 07:00:00 GMT",Unknown,Iran will allow ‘non-hostile vessels’ to pass through Strait of Hormuz,0.0,Neutral
"Tue, 24 Mar 2026 07:00:00 GMT",Unknown,Iran Allows Strait of Hormuz Transit Under Strict Conditions,0.0,Neutral
"Tue, 24 Mar 2026 07:00:00 GMT",Unknown,"Kuwait says Strait of Hormuz closure is beyond catastrophic, will trigger domino effect across global economy",0.0,Neutral
"Tue, 24 Mar 2026 07:00:00 GMT",Unknown,What a battle to reopen the Strait of Hormuz would look like,0.0,Neutral
"Tue, 24 Mar 2026 07:00:00 GMT",Unknown,"Strait of Hormuz tanker traffic won't return to normal for months, Kalshi bettors predict",0.15,Neutral
"Tue, 24 Mar 2026 07:00:00 GMT",Unknown,Iran warns Strait of Hormuz ‘completely closed’ due to US threats,-0.11,Neutral
"Tue, 24 Mar 2026 07:00:00 GMT",Unknown,UK offers to host international summit on reopening strait of Hormuz,0.05,Neutral
"Tue, 24 Mar 2026 07:00:00 GMT",Unknown,Iran War: Tehran Charges Some Ships Hormuz Transit Fees for Safe Passage,0.5,Positive
"Tue, 24 Mar 2026 07:00:00 GMT",Unknown,US cautious on Hormuz action amid risks of escalation,0.1,Neutral
"Tue, 24 Mar 2026 07:00:00 GMT",Unknown,Bahrain pushes UN-backed action for Hormuz shipping; France tables rival text,0.1,Neutral
"Tue, 24 Mar 2026 07:00:00 GMT",Unknown,Watch What Traffic Is Flowing Through the Strait of Hormuz,0.0,Neutral
"Tue, 24 Mar 2026 07:00:00 GMT",Unknown,WATCH: Trump says Iran's new leaders 'gave us a present' related to oil and Strait of Hormuz,0.05,Neutral
"Tue, 24 Mar 2026 07:00:00 GMT",Unknown,"Von der Leyen urges US and Iran to resolve Hormuz crisis, warning distance offers no protection to Australia",0.1,Neutral
"Tue, 24 Mar 2026 07:00:00 GMT",Unknown,Chinese boxship pays Iran for Hormuz passage as corridor traffic grows,0.0,Neutral
"Mon, 23 Mar 2026 07:00:00 GMT",Unknown,Trump’s shifting Strait of Hormuz strategies raise questions about US war preparation,0.0,Neutral
"Tue, 24 Mar 2026 07:00:00 GMT",Unknown,Iran says ‘non-hostile’ ships can transit Strait of Hormuz,0.0,Neutral
"Tue, 24 Mar 2026 07:00:00 GMT",Unknown,Mattis says ending war now would cede Strait of Hormuz to Iran: ‘We’re in a tough spot’,-0.39,Negative
"Tue, 24 Mar 2026 07:00:00 GMT",Unknown,Only 10 Tankers Transited Hormuz Strait Over the Past Week,-0.12,Neutral
"Tue, 24 Mar 2026 07:00:00 GMT",Unknown,Thai tanker passes through the Strait of Hormuz,0.0,Neutral
"Tue, 24 Mar 2026 07:00:00 GMT",Unknown,US could open Strait of Hormuz by force if Trump feels that negotiations aren't progressing,0.0,Neutral
"Tue, 24 Mar 2026 07:00:00 GMT",Unknown,Iran starts charging ships up to $2m for Strait of Hormuz passage: Bloomberg,0.0,Neutral
"Tue, 24 Mar 2026 07:00:00 GMT",Unknown,Iran is testing a selective Strait of Hormuz strategy that could deliver another shock to oil markets,0.0,Neutral
"Tue, 24 Mar 2026 07:00:00 GMT",Unknown,Iran vows to ‘completely’ close Strait of Hormuz if U.S. hits power plants,0.07,Neutral
"Tue, 24 Mar 2026 07:00:00 GMT",Unknown,"No permission required to sail through Strait of Hormuz, says govt official",0.0,Neutral
"Tue, 24 Mar 2026 07:00:00 GMT",Unknown,Ships are escaping the Strait of Hormuz and one is headed for Australia,0.0,Neutral
"Tue, 24 Mar 2026 07:00:00 GMT",Unknown,Oil tankers that did not transit the Strait of Hormuz to arrive in Japan soon,0.0,Neutral
"Tue, 24 Mar 2026 07:00:00 GMT",Unknown,Iran lays mines in Strait of Hormuz,0.0,Neutral
"Tue, 24 Mar 2026 07:00:00 GMT",Unknown,"""Sole way for non-hostile vessels to cruise through Strait of Hormuz is to coordinate with Iran"": Iranian Defence Council",0.0,Neutral
"Tue, 24 Mar 2026 07:00:00 GMT",Unknown,Hormuz tankers redirected through $2m ‘Tehran toll booth’,0.0,Neutral
"Tue, 24 Mar 2026 07:00:00 GMT",Unknown,Iran says it maintains 'firm control' over Strait of Hormuz,-0.2,Neutral
"Wed, 25 Mar 2026 07:00:00 GMT",Unknown,Iran says ‘non-hostile’ ships can pass safely through Strait of Hormuz,0.5,Positive
"Wed, 25 Mar 2026 07:00:00 GMT",Unknown,Chinese shipping giant Cosco resumes shipment bookings to Gulf countries,0.0,Neutral
"Tue, 24 Mar 2026 07:00:00 GMT",Unknown,"At least 1,000 US troops from 82nd Airborne set to deploy to Mideast, AP sources say",-0.3,Negative
"Tue, 24 Mar 2026 07:00:00 GMT",Unknown,Large pro-government rallies held in Tehran,0.21,Positive
"Wed, 25 Mar 2026 07:00:00 GMT",Unknown,"Amid West Asia Crisis, Indias Oil Reserves Can Last For Just Six Days: Report",0.0,Neutral
"Thu, 26 Mar 2026 07:00:00 GMT",Unknown,Tehran’s ‘toll booth’: How Iran picks who to let through Strait of Hormuz,0.0,Neutral
"Thu, 26 Mar 2026 07:00:00 GMT",Unknown,The Hormuz Strait: Which Sectors and Regions Are Impacted Most?,0.5,Positive
"Wed, 25 Mar 2026 07:00:00 GMT",Unknown,Everything you need to know about the Strait of Hormuz | On Point with Meghna Chakrabarti,0.0,Neutral
"Thu, 26 Mar 2026 07:00:00 GMT",Unknown,Iran has been threatening to close the Strait of Hormuz for years – it’s a key part of Tehran’s defence strategy,0.0,Neutral
"Thu, 26 Mar 2026 07:00:00 GMT",Unknown,Iran's 'Tehran toll booth' forces some tankers to pay millions to leave Strait of Hormuz,0.0,Neutral
"Thu, 26 Mar 2026 07:00:00 GMT",Unknown,Hormuz is not the only weak spot for global trade,-0.12,Neutral
"Thu, 26 Mar 2026 07:00:00 GMT",Unknown,Iran and the U.S. harden their positions as Tehran tightens its grip on the Strait of Hormuz,0.0,Neutral
"Wed, 25 Mar 2026 07:00:00 GMT",Unknown,The Choking of Hormuz,0.14,Neutral
"Thu, 26 Mar 2026 07:00:00 GMT",Unknown,FAO Chief Economist warns of severe global food security risks from disruption to Strait of Hormuz trade corridor,0.0,Neutral
"Wed, 25 Mar 2026 07:00:00 GMT",Unknown,"MIDDLE EAST LIVE 25 March: All eyes on Strait of Hormuz; war is ‘out of control’, UN chief warns",0.07,Neutral
"Thu, 26 Mar 2026 07:00:00 GMT",Unknown,"Mines, missiles and miles of coastline: Why Iran has the upper hand in the Strait of Hormuz",0.0,Neutral
"Thu, 26 Mar 2026 07:00:00 GMT",Unknown,Trump grants Iran another extension on a deadline to reopen the Strait of Hormuz,0.0,Neutral
"Thu, 26 Mar 2026 07:00:00 GMT",Unknown,Japan’s Response to the De Facto Blockade of the Strait of Hormuz,0.0,Neutral
"Thu, 26 Mar 2026 07:00:00 GMT",Unknown,"UAE willing to join international force to reopen Strait of Hormuz, FT reports",0.12,Neutral
"Thu, 26 Mar 2026 07:00:00 GMT",Unknown,Trump says Iran let 10 oil ships through Strait of Hormuz as a 'present' to U.S.,0.0,Neutral
"Thu, 26 Mar 2026 07:00:00 GMT",Unknown,Energy Lessons of the Strait of Hormuz Standoff,0.0,Neutral
"Wed, 25 Mar 2026 07:00:00 GMT",Unknown,Is Iran cashing in millions from Strait of Hormuz blockade?,0.0,Neutral
"Thu, 26 Mar 2026 07:00:00 GMT",Unknown,Iran was always going to close the Strait of Hormuz,0.0,Neutral
"Wed, 25 Mar 2026 07:00:00 GMT",Unknown,Iran’s closure of the Strait of Hormuz is an international crisis,0.0,Neutral
"Thu, 26 Mar 2026 07:00:00 GMT",Unknown,Maritime Terms Explained: The Iran War & Strait of Hormuz Crisis,0.0,Neutral
"Thu, 26 Mar 2026 07:00:00 GMT",Unknown,"Iran plans to charge ships for safe passage through Strait of Hormuz, report says",0.5,Positive
"Wed, 25 Mar 2026 07:00:00 GMT",Unknown,"UN says 20,000 seafarers stranded due to Strait of Hormuz closure, despite Iran claiming it's open",0.05,Neutral
"Wed, 25 Mar 2026 07:00:00 GMT",Unknown,"As Iran keeps the Strait of Hormuz locked down, it's borrowing from Ukraine's playbook",-0.16,Neutral
"Thu, 26 Mar 2026 07:00:00 GMT",Unknown,Iran reopens the Strait of Hormuz to ‘non-hostile vessels’,0.0,Neutral
"Wed, 25 Mar 2026 07:00:00 GMT",Unknown,Will Oil Price Fall After Iran's Strait of Hormuz Opening?,0.0,Neutral
"Thu, 26 Mar 2026 07:00:00 GMT",Unknown,Trump extends his deadline for Iran to reopen the Strait of Hormuz to April 6,0.0,Neutral
"Wed, 25 Mar 2026 07:00:00 GMT",Unknown,Oil Market Monitor,0.0,Neutral
"Wed, 25 Mar 2026 07:00:00 GMT",Unknown,Controlling the Strait of Hormuz is Iran’s Real Nuclear Option,0.2,Neutral
"Thu, 26 Mar 2026 07:00:00 GMT",Unknown,"President Trump extends Iran deadline, says Hormuz ‘present’ proves talks are progressing",0.15,Neutral
"Thu, 26 Mar 2026 07:00:00 GMT",Unknown,Trump reveals Iran’s ‘present’: 10 oil tankers through the Strait of Hormuz,0.0,Neutral
"Thu, 26 Mar 2026 07:00:00 GMT",Unknown,‘Tehran’s tollbooth’: a visual guide to how a trickle of ships still passes through strait of Hormuz,0.0,Neutral
"Thu, 26 Mar 2026 07:00:00 GMT",Unknown,"Iran is already charging a toll, in Yuan, for oil sold through Strait of Hormuz as American ground troops prepare to enter",0.0,Neutral
"Wed, 25 Mar 2026 07:00:00 GMT",Unknown,"Trump’s military options to secure Hormuz and end the war, explained",0.15,Neutral
"Thu, 26 Mar 2026 07:00:00 GMT",Unknown,CNBC Daily Open: Could the Strait of Hormuz be close to reopening? Markets cast doubt,0.0,Neutral
"Wed, 25 Mar 2026 07:00:00 GMT",Unknown,A closer look at shipping traffic through the Strait of Hormuz with Gulf oil exports slowed by war,0.0,Neutral
"Wed, 25 Mar 2026 07:00:00 GMT",Unknown,ADNOC CEO calls any Iran curbs on Hormuz passage 'economic terrorism',0.2,Neutral
"Thu, 26 Mar 2026 07:00:00 GMT",Unknown,France says it approached 35 countries over future Hormuz mission,0.0,Neutral
"Thu, 26 Mar 2026 07:00:00 GMT",Unknown,Israel says it killed Iran’s navy chief overseeing Strait of Hormuz Blockade,-0.2,Neutral
"Thu, 26 Mar 2026 07:00:00 GMT",Unknown,Thai Tanker Transits Strait of Hormuz After Agreement Between Bangkok and Tehran,0.0,Neutral
"Wed, 25 Mar 2026 07:00:00 GMT",Unknown,Why it’s so hard to reopen the Strait of Hormuz,-0.29,Negative
"Thu, 26 Mar 2026 07:00:00 GMT",Unknown,"How Europe might help re-opening Strait of Hormuz, after the ‘hot war’",0.25,Positive
"Thu, 26 Mar 2026 07:00:00 GMT",Unknown,"Malaysian vessels permitted to travel through strait of Hormuz, country’s PM says after Iran talks",0.0,Neutral
"Thu, 26 Mar 2026 07:00:00 GMT",Unknown,Trump says Iran’s 'gift' was allowing 10 oil ships through Hormuz,0.0,Neutral
"Thu, 26 Mar 2026 07:00:00 GMT",Unknown,Is Iran allowing Spanish ships to transit Hormuz due to war stance?,-0.06,Neutral
"Thu, 26 Mar 2026 07:00:00 GMT",Unknown,Trump suggests that Iran let ten oil tankers through Strait of Hormuz,0.0,Neutral
"Thu, 26 Mar 2026 07:00:00 GMT",Unknown,Israel says it has killed Iran's navy chief overseeing Strait of Hormuz blockade,-0.2,Neutral
"Thu, 26 Mar 2026 07:00:00 GMT",Unknown,Trump says Iran’s ‘present’ was oil ships through the Strait of Hormuz,0.0,Neutral
"Thu, 26 Mar 2026 07:00:00 GMT",Unknown,Will the New Deadline Resolve the Strait of Hormuz Crisis?,0.14,Neutral
"Wed, 25 Mar 2026 07:00:00 GMT",Unknown,Iran Drafts Law to Impose Tolls for Transiting Strait of Hormuz,0.0,Neutral
"Wed, 25 Mar 2026 07:00:00 GMT",Unknown,Reopened Trade Routes: Ships Pass Through Strait of Hormuz,0.0,Neutral
"Thu, 26 Mar 2026 07:00:00 GMT",Unknown,Trump extends deadline for Iran to open strait of Hormuz by 10 days,0.0,Neutral
"Thu, 26 Mar 2026 07:00:00 GMT",Unknown,Iran Earning $139 Million a Day From Oil as Hormuz Crisis Locks Out Rivals,-0.7,Negative
"Wed, 25 Mar 2026 07:00:00 GMT",Unknown,‘Zombie’ ships appear in the Strait of Hormuz after they were scrapped for parts,0.0,Neutral
"Thu, 26 Mar 2026 07:00:00 GMT",Unknown,Israel says it has killed Iran naval chief overseeing Strait of Hormuz blockade,-0.2,Neutral
"Thu, 26 Mar 2026 07:00:00 GMT",Unknown,"Trump extends deadline for Iran to open Strait of Hormuz, reportedly after request from Tehran",0.0,Neutral
"Thu, 26 Mar 2026 07:00:00 GMT",Unknown,Oil prices close at highest level since 2022 as Iran negotiations fail to ease supply fears,-0.5,Negative
"Wed, 25 Mar 2026 07:00:00 GMT",Unknown,Iron Maiden escapes the Strait of Hormuz to Western Australia,0.0,Neutral
"Wed, 25 Mar 2026 07:00:00 GMT",Unknown,Opinion | How to make the Strait of Hormuz irrelevant,-0.5,Negative
"Thu, 26 Mar 2026 07:00:00 GMT",Unknown,Israeli strike kills IRGC Navy chief 'behind blocking of Strait of Hormuz',-0.4,Negative
"Wed, 25 Mar 2026 07:00:00 GMT",Unknown,Certain oil tankers are safely transiting the Strait of Hormuz — here’s how,0.31,Positive
"Wed, 25 Mar 2026 07:00:00 GMT",Unknown,Iran has no intention to hold talks with U.S; foreign minister says Trump proposal to end war being reviewed,-0.12,Neutral
"Thu, 26 Mar 2026 07:00:00 GMT",Unknown,"Thai ship hit in Hormuz runs aground off Iran's Qeshm Island, Iran's Tasnim says",0.0,Neutral
"Wed, 25 Mar 2026 07:00:00 GMT",Unknown,"Iran Demands Crew, Cargo Details to Send Ships Through Hormuz",0.0,Neutral
"Wed, 25 Mar 2026 07:00:00 GMT",Unknown,Iran permits safe passage through Strait of Hormuz to vessels not involved in 'aggression',0.5,Positive
"Thu, 26 Mar 2026 07:00:00 GMT",Unknown,Video. Timelapse shows shrinking vessel traffic in the Strait of Hormuz,0.0,Neutral
"Thu, 26 Mar 2026 07:00:00 GMT",Unknown,Shipping operators to shun 'Tehran Tollbooth' for Strait of Hormuz,0.0,Neutral
"Thu, 26 Mar 2026 07:00:00 GMT",Unknown,Trump’s way out is to secure the Strait of Hormuz and declare victory,0.4,Positive
"Wed, 25 Mar 2026 07:00:00 GMT",Unknown,How Iran choked Strait of Hormuz & why it’s not easy to break the blockade,-0.22,Negative
"Thu, 26 Mar 2026 07:00:00 GMT",Unknown,India among five nations granted passage through Strait of Hormuz by Iran,0.0,Neutral
"Thu, 26 Mar 2026 07:00:00 GMT",Unknown,Iran’s ‘Tehran toll booth’: Legally risky route for shippers through Strait of Hormuz,0.2,Neutral
"Wed, 25 Mar 2026 07:00:00 GMT",Unknown,Iran tells UN: ‘Non-hostile’ ships can transit Strait of Hormuz,0.0,Neutral
"Thu, 26 Mar 2026 07:00:00 GMT",Unknown,"Iranian Foreign Minister Says Iran Allows India, China, Russia Access to Strait of Hormuz",-0.12,Neutral
"Wed, 25 Mar 2026 07:00:00 GMT",Unknown,"Rs 18 crore toll, Iran nod: Why crossing Strait of Hormuz is not so straight",0.2,Neutral
"Wed, 25 Mar 2026 07:00:00 GMT",Unknown,Western powers were unable to secure shipping in the Red Sea. Hormuz will be harder,-0.04,Neutral
"Thu, 26 Mar 2026 07:00:00 GMT",Unknown,Carney: Canada might help vessels sail Strait of Hormuz if there is a ceasefire,0.0,Neutral
"Wed, 25 Mar 2026 07:00:00 GMT",Unknown,Thai tanker safely transits Strait of Hormuz after talks with Iran,0.5,Positive
"Wed, 25 Mar 2026 07:00:00 GMT",Unknown,Strait of Hormuz crisis an opportunity to explore cleaner maritime fuel: MPA chief executive,0.0,Neutral
"Thu, 26 Mar 2026 07:00:00 GMT",Unknown,"'Iran's enemies' preparing ground invasion of island, says top politician",0.5,Positive
"Thu, 26 Mar 2026 07:00:00 GMT",Unknown,Iran starts to formalise its chokehold on the Strait of Hormuz with a 'toll booth' regime,0.0,Neutral
"Thu, 26 Mar 2026 07:00:00 GMT",Unknown,Iran controlling Strait of Hormuz with 'toll-booth' system,0.0,Neutral
"Thu, 26 Mar 2026 07:00:00 GMT",Unknown,Iran insists on control of the Strait of Hormuz,0.0,Neutral
"Thu, 26 Mar 2026 07:00:00 GMT",Unknown,"Iran allowing Malaysian vessels to pass Hormuz Strait, says Anwar",0.0,Neutral
"Fri, 27 Mar 2026 07:00:00 GMT",Unknown,The world’s most important 21 miles,0.45,Positive
"Fri, 27 Mar 2026 07:00:00 GMT",Unknown,"IRGC Opens Tolled Passage for Merchant Ships in Strait of Hormuz, Transit Continues to Trickle Through",0.0,Neutral
"Fri, 27 Mar 2026 07:00:00 GMT",Unknown,UN / STRAIT OF HORMUZ TASK FORCE,0.0,Neutral
"Fri, 27 Mar 2026 07:00:00 GMT",Unknown,Why hasn’t the US military used force to secure the Strait of Hormuz?,0.15,Neutral
"Fri, 27 Mar 2026 07:00:00 GMT",Unknown,Trump calls Strait of Hormuz the 'Strait of Trump',0.0,Neutral
"Fri, 27 Mar 2026 07:00:00 GMT",Unknown,"As Iran keeps Strait of Hormuz closed, it's also threatening to target another vital Mideast shipping lane",0.0,Neutral
"Fri, 27 Mar 2026 07:00:00 GMT",Unknown,"The Strait of Hormuz Is Burning, But China Is Not Panicking",0.0,Neutral
"Fri, 27 Mar 2026 07:00:00 GMT",Unknown,UN moves to create mechanism to safeguard Hormuz trade in face of Iran war,0.0,Neutral
"Fri, 27 Mar 2026 07:00:00 GMT",Unknown,Three Islands That Could Be Key In Keeping The Strait Of Hormuz Open,0.08,Neutral
"Fri, 27 Mar 2026 07:00:00 GMT",Unknown,Iran starts to formalize its chokehold on the Strait of Hormuz with a ‘toll booth’ regime,0.0,Neutral
"Fri, 27 Mar 2026 07:00:00 GMT",Unknown,The Strait of Hormuz is not just an oil chokepoint,0.0,Neutral
"Fri, 27 Mar 2026 07:00:00 GMT",Unknown,'We don't sleep': Sailors stranded in Persian Gulf as rockets fly over their heads,0.8,Positive
"Fri, 27 Mar 2026 07:00:00 GMT",Unknown,Iran Blocks 2 Chinese Vessels From Transiting Strait of Hormuz,0.0,Neutral
"Fri, 27 Mar 2026 07:00:00 GMT",Unknown,Former Navy secretary: ‘No doubt’ US could run Strait of Hormuz,0.0,Neutral
"Fri, 27 Mar 2026 07:00:00 GMT",Unknown,A Playbook to Clear the Strait of Hormuz,0.03,Neutral
"Fri, 27 Mar 2026 07:00:00 GMT",Unknown,Chinese ships halt attempt to exit Hormuz despite Iran safe passage assurances,0.25,Positive
"Fri, 27 Mar 2026 07:00:00 GMT",Unknown,"Saudi, UAE, Iraq: Can three pipelines help oil escape Strait of Hormuz?",0.0,Neutral
"Fri, 27 Mar 2026 07:00:00 GMT",Unknown,Rubio warns Europe that Iran could impose ‘tolling system’ on Strait of Hormuz,0.0,Neutral
"Fri, 27 Mar 2026 07:00:00 GMT",Unknown,"Malaysia’s ships allowed to pass Strait of Hormuz, PM Anwar says",0.0,Neutral
"Fri, 27 Mar 2026 07:00:00 GMT",Unknown,"US diplomat Marco Rubio denounces settler violence, tolls in Hormuz strait",0.0,Neutral
"Fri, 27 Mar 2026 07:00:00 GMT",Unknown,Iran Moves to Formalize Toll Plan in Strait of Hormuz,0.14,Neutral
"Fri, 27 Mar 2026 07:00:00 GMT",Unknown,Watch: Why is it so hard to pass through the Strait of Hormuz?,-0.29,Negative
"Fri, 27 Mar 2026 07:00:00 GMT",Unknown,How some ships are still getting through the Strait of Hormuz as Iran war drags on,0.0,Neutral
"Fri, 27 Mar 2026 07:00:00 GMT",Unknown,Hormuz Blockade: Impact on Grain and Food Security,0.0,Neutral
"Fri, 27 Mar 2026 07:00:00 GMT",Unknown,Iran still depends on Hormuz despite years of workarounds,0.0,Neutral
"Fri, 27 Mar 2026 07:00:00 GMT",Unknown,Manufacturers brace for price increases from Strait of Hormuz closure,0.0,Neutral
"Fri, 27 Mar 2026 07:00:00 GMT",Unknown,"In Sleepy Town on Strait of Hormuz, War Rages Just Over Horizon",0.14,Neutral
"Fri, 27 Mar 2026 07:00:00 GMT",Unknown,Only 7 commercial vessels transited Strait of Hormuz over past 2 days,-0.08,Neutral
"Fri, 27 Mar 2026 07:00:00 GMT",Unknown,How Trump went from saying Strait of Hormuz 'will open itself' to acknowledging Iran's power to control the waterway,0.0,Neutral
"Fri, 27 Mar 2026 07:00:00 GMT",Unknown,"Strait of Hormuz: How closure could affect food, medicines and smartphones",0.0,Neutral
"Fri, 27 Mar 2026 07:00:00 GMT",Unknown,Taking Kharg Island is seen as key to opening Hormuz. There are better options,0.25,Positive
"Fri, 27 Mar 2026 07:00:00 GMT",Unknown,The Supply Lines Worst Hit by the Strait of Hormuz Closure,-1.0,Negative
"Fri, 27 Mar 2026 07:00:00 GMT",Unknown,Trade Zone: How the Strait of Hormuz restrictions are impacting more than just oil,0.5,Positive
"Fri, 27 Mar 2026 07:00:00 GMT",Unknown,Iran Moves to Assert Control Over Strait While Trading Strikes With Israel,0.14,Neutral
"Fri, 27 Mar 2026 07:00:00 GMT",Unknown,U.S.-Israel-Iran war: List of countries allowed to cross the Strait of Hormuz,0.0,Neutral
"Fri, 27 Mar 2026 07:00:00 GMT",Unknown,Iran Earning $139 Million A Day From Oil Amid Hormuz Crisis: Report,0.0,Neutral
"Fri, 27 Mar 2026 07:00:00 GMT",Unknown,'Trump extends Hormuz deadline' and 'One hour of screen a day',0.0,Neutral
"Thu, 26 Mar 2026 07:00:00 GMT",Unknown,Iran drafts law to impose tolls for transiting Strait of Hormuz,0.0,Neutral
"Fri, 27 Mar 2026 07:00:00 GMT",Unknown,Chinese ships halt attempt to exit Strait of Hormuz despite Iran safe passage assurances,0.25,Positive
"Fri, 27 Mar 2026 07:00:00 GMT",Unknown,Iran’s move to toll Hormuz raises the stakes for NZ,0.0,Neutral
"Sat, 28 Mar 2026 07:00:00 GMT",Unknown,Iran has a new demand to end the war – and it could bring in billions,0.14,Neutral
"Sat, 28 Mar 2026 07:00:00 GMT",Unknown,Saudi pipeline to bypass Hormuz hits 7 million barrel goal,0.0,Neutral
"Sat, 28 Mar 2026 07:00:00 GMT",Unknown,Analysis: A new oil shock is building. The next few weeks of war will be decisive for the economy.,-0.02,Neutral
"Sat, 28 Mar 2026 07:00:00 GMT",Unknown,Seven islands that hold the keys to the Strait of Hormuz,0.0,Neutral
"Sat, 28 Mar 2026 07:00:00 GMT",Unknown,"Two India-bound LPG tankers crossing Strait of Hormuz out of Gulf, data shows",0.0,Neutral
"Fri, 27 Mar 2026 07:00:00 GMT",Unknown,"UAE Willing to Join International Force to Reopen Strait of Hormuz, FT Reports",0.12,Neutral
"Sat, 28 Mar 2026 07:00:00 GMT",Unknown,HORMUZ TRACKER: Ships Exit Persian Gulf Through Iranian Corridor,0.0,Neutral
"Sat, 28 Mar 2026 07:00:00 GMT",Unknown,Shipping Interrupted: Tracking the Impact of Disruptions in the Strait of Hormuz,0.0,Neutral
"Sat, 28 Mar 2026 07:00:00 GMT",Unknown,Iran Allows 20 More Pakistani-Flagged Ships Through Strait of Hormuz,0.5,Positive
"Sat, 28 Mar 2026 07:00:00 GMT",Unknown,'You're going to run the strait': The financial incentive for braving Iran's blockade,0.0,Neutral
"Sat, 28 Mar 2026 07:00:00 GMT",Unknown,Worried about Strait of Hormuz inflation to come? The world economy has one word for you: Plastics,0.0,Neutral
"Sat, 28 Mar 2026 07:00:00 GMT",Unknown,Commentary: The Iran war is now all about the future of Hormuz,0.0,Neutral
"Sun, 29 Mar 2026 07:00:00 GMT",Unknown,The Strait of Hormuz Oil Shock Is Now Heading West,0.0,Neutral
"Sat, 28 Mar 2026 07:00:00 GMT",Unknown,Pakistan secures Iran deal to send 20 ships through Strait of Hormuz,0.0,Neutral
"Sun, 29 Mar 2026 07:00:00 GMT",Unknown,Here's what needs to happen before oil starts flowing through the Strait of Hormuz again,0.0,Neutral
"Sun, 29 Mar 2026 07:00:00 GMT",Unknown,Multiple Chinese vessels retreat at Strait of Hormuz after Iran warnings in rare ally move,0.1,Neutral
"Sun, 29 Mar 2026 07:00:00 GMT",Unknown,What is the Strait of Hormuz?,0.0,Neutral
"Sun, 29 Mar 2026 07:00:00 GMT",Unknown,‘Trump has to open the Strait of Hormuz’ with ground forces,0.0,Neutral
"Sun, 29 Mar 2026 07:00:00 GMT",Unknown,Vietnam seeks priority passage for vessels through the Strait of Hormuz,0.0,Neutral
"Mon, 30 Mar 2026 07:00:00 GMT",Unknown,Rubio says Strait of Hormuz to reopen ‘one way or another’ amid Iran war,0.0,Neutral
"Mon, 30 Mar 2026 07:00:00 GMT",Unknown,Trump again warns Iran to open Strait of Hormuz,0.0,Neutral
"Mon, 30 Mar 2026 07:00:00 GMT",Unknown,"Trump says U.S. will destroy Iran’s oil wells, Kharg Island without deal to 'immediately' reopen Hormuz Strait",-0.2,Neutral
"Mon, 30 Mar 2026 07:00:00 GMT",Unknown,How could US forcibly reopen strait of Hormuz and what are the risks?,0.5,Positive
"Mon, 30 Mar 2026 07:00:00 GMT",Unknown,Iran Acts as Gatekeeper of Hormuz as War Drags On,0.14,Neutral
"Mon, 30 Mar 2026 07:00:00 GMT",Unknown,Iran's 'safe passage' signals a new global divide,0.18,Neutral
"Mon, 30 Mar 2026 07:00:00 GMT",Unknown,Canadian YouTuber captures congestion of dozens of ships in Hormuz Strait,0.0,Neutral
"Mon, 30 Mar 2026 07:00:00 GMT",Unknown,A Hormuz Initiative to Protect Global Food Security,0.0,Neutral
"Tue, 31 Mar 2026 07:00:00 GMT",Unknown,"After Strait of Hormuz opens, turmoil would still last months, analysts say",0.0,Neutral
"Tue, 31 Mar 2026 07:00:00 GMT",Unknown,"Trump lashes out at allies, says securing the Strait of Hormuz is ‘not for us’",0.0,Neutral
"Tue, 31 Mar 2026 07:00:00 GMT",Unknown,"On reopening the Strait of Hormuz, Trump tries to shift responsibility away from US",0.1,Neutral
"Tue, 31 Mar 2026 07:00:00 GMT",Unknown,Hegseth Downplays Risk of Sailing Through Strait of Hormuz as Merchant Traffic Sees Small Increase,-0.25,Negative
"Tue, 31 Mar 2026 07:00:00 GMT",Unknown,The Strait of Hormuz crisis is drawing eyes to another point nearby: ‘the Gate of Tears’,0.0,Neutral
"Tue, 31 Mar 2026 07:00:00 GMT",Unknown,Why reopening the Strait of Hormuz by force is so dangerous,-0.6,Negative
"Tue, 31 Mar 2026 07:00:00 GMT",Unknown,White House: Reopening Strait of Hormuz Not Vital to Ending Iran War,-0.03,Neutral
"Tue, 31 Mar 2026 07:00:00 GMT",Unknown,Strait of Hormuz disruptions: Implications for global trade and development,0.0,Neutral
"Tue, 31 Mar 2026 07:00:00 GMT",Unknown,Why the US Navy won't blast the Iranians and 'open' Strait of Hormuz,0.0,Neutral
"Mon, 30 Mar 2026 07:00:00 GMT",Unknown,Energy Crisis: Iran’s Grip on Hormuz is Tighter Than Ever After a Month of War,0.0,Neutral
"Tue, 31 Mar 2026 07:00:00 GMT",Unknown,Trump says Strait of Hormuz is the world’s problem: ‘Go get your own oil!’,0.75,Positive
"Tue, 31 Mar 2026 07:00:00 GMT",Unknown,Hegseth calls on US allies to 'step up' over Strait of Hormuz,0.0,Neutral
"Tue, 31 Mar 2026 07:00:00 GMT",Unknown,Exclusive | Trump Tells Aides He’s Willing to End War Without Reopening Hormuz,0.25,Positive
"Tue, 31 Mar 2026 07:00:00 GMT",Unknown,Three scenarios for the Strait of Hormuz,0.0,Neutral
"Mon, 30 Mar 2026 07:00:00 GMT",Unknown,"Bessent Says US to ‘Retake’ Hormuz Strait Control, Eyes Escorts",0.0,Neutral
"Mon, 30 Mar 2026 07:00:00 GMT",Unknown,Thailand Brokers Deal With Iran Allowing Vessels to Pass Strait of Hormuz,0.0,Neutral
"Tue, 31 Mar 2026 07:00:00 GMT",Unknown,China and Pakistan present new Iran deal: Ceasefire for opening Hormuz,0.07,Neutral
"Tue, 31 Mar 2026 07:00:00 GMT",Unknown,Strait of Hormuz: Trump administration believes it will have to end Iran war with oil chokepoint still closed,-0.1,Neutral
"Tue, 31 Mar 2026 07:00:00 GMT",Unknown,"Strait of Hormuz shutdown: What implications for Europe, for how long and how high can prices go?",0.06,Neutral
"Tue, 31 Mar 2026 07:00:00 GMT",Unknown,Iran war: EU calls Tehran to discuss Strait of Hormuz,0.0,Neutral
"Tue, 31 Mar 2026 07:00:00 GMT",Unknown,Controlling the Strait of Hormuz is the top priority in Iran and Trump may abandon it. Here’s what that would look like,0.5,Positive
"Tue, 31 Mar 2026 07:00:00 GMT",Unknown,Trump and Hegseth tell US allies to help open Strait of Hormuz,0.0,Neutral
"Tue, 31 Mar 2026 07:00:00 GMT",Unknown,Trump piles on pressure on EU allies over securing Strait of Hormuz,0.0,Neutral
"Tue, 31 Mar 2026 07:00:00 GMT",Unknown,‘Learn How to Fight for Yourself’: Trump Says U.K. and Others Should Go to Strait of Hormuz and 'Take' Oil,0.0,Neutral
"Mon, 30 Mar 2026 07:00:00 GMT",Unknown,Why the Strait of Hormuz has been a global commerce chokepoint for centuries,0.0,Neutral
"Mon, 30 Mar 2026 07:00:00 GMT",Unknown,"‘Strait of Hormuz will reopen one way or another’, Rubio tells Al Jazeera",0.0,Neutral
"Mon, 30 Mar 2026 07:00:00 GMT",Unknown,Iran are now 'calling the shots' over the Strait of Hormuz,0.0,Neutral
"Mon, 30 Mar 2026 07:00:00 GMT",Unknown,"Malaysian ships set to sail through Hormuz ""free of charge"" under Iran's assurance [WATCH]",0.4,Positive
"Wed, 01 Apr 2026 07:00:00 GMT",Unknown,Beyond oil: 9 commodities impacted by the Strait of Hormuz crisis,0.2,Neutral
"Wed, 01 Apr 2026 07:00:00 GMT",Unknown,"Hormuz disruption deepens global economic strain across trade, prices and finance",0.1,Neutral
"Wed, 01 Apr 2026 07:00:00 GMT",Unknown,The Strait of Hormuz offers a lesson in air denial,0.1,Neutral
"Wed, 01 Apr 2026 07:00:00 GMT",Unknown,War and fishing in the Strait of Hormuz,0.0,Neutral
"Wed, 01 Apr 2026 07:00:00 GMT",Unknown,Oil's worst-case scenario: $200 if Hormuz remains closed,-0.1,Neutral
"Wed, 01 Apr 2026 07:00:00 GMT",Unknown,President Trump on Oil Prices and Strait of Hormuz,0.0,Neutral
"Wed, 01 Apr 2026 07:00:00 GMT",Unknown,Why Reopening the Strait of Hormuz Matters for the U.S. Economy,0.14,Neutral
"Wed, 01 Apr 2026 07:00:00 GMT",Unknown,"Japan, France agree to step up coordination on Hormuz, Iran war",0.0,Neutral
"Wed, 01 Apr 2026 07:00:00 GMT",Unknown,Strait of Hormuz disruptions: Growth and financial implications |,0.0,Neutral
"Wed, 01 Apr 2026 07:00:00 GMT",Unknown,Hormuz disruption will change trade — and defense — at other chokepoints,-0.12,Neutral
"Wed, 01 Apr 2026 07:00:00 GMT",Unknown,Trump says war in Iran will not end until Strait of Hormuz is reopened,0.0,Neutral
"Wed, 01 Apr 2026 07:00:00 GMT",Unknown,What Iran’s Control of the Strait of Hormuz Means for the Global Economy,0.0,Neutral
"Wed, 01 Apr 2026 07:00:00 GMT",Unknown,Secret Codes and Yuan Fees Get Ships Through Iran’s Hormuz Tollbooth,-0.4,Negative
"Wed, 01 Apr 2026 07:00:00 GMT",Unknown,How an Indian LPG tanker escaped Hormuz via an unusual route,0.2,Neutral
"Tue, 31 Mar 2026 07:00:00 GMT",Unknown,Iran’s grip on Strait of Hormuz tighter than ever after first month of war,0.25,Positive
"Wed, 01 Apr 2026 07:00:00 GMT",Unknown,Exclusive | U.A.E. Wants to Force Hormuz Open and Is Willing to Join the Fight,0.15,Neutral
"Wed, 01 Apr 2026 07:00:00 GMT",Unknown,The Islands That Give Iran a Stranglehold on the Strait of Hormuz,0.0,Neutral
"Wed, 01 Apr 2026 07:00:00 GMT",Unknown,Opinion | The Strait of Hormuz is the U.S.’ problem now — whether Trump likes it or not,0.0,Neutral
"Wed, 01 Apr 2026 07:00:00 GMT",Unknown,Trump mulls Iran exit without re-opening Strait of Hormuz; new attack on tanker,0.14,Neutral
"Wed, 01 Apr 2026 07:00:00 GMT",Unknown,"Britain to host 35 countries for strait of Hormuz talks, says Starmer",0.0,Neutral
"Wed, 01 Apr 2026 07:00:00 GMT",Unknown,Trump urges countries to take control of the Strait of Hormuz,0.0,Neutral
"Wed, 01 Apr 2026 07:00:00 GMT",Unknown,UK to host meeting of 35 countries on reopening Strait of Hormuz,0.0,Neutral
"Wed, 01 Apr 2026 07:00:00 GMT",Unknown,"By Choking the Strait of Hormuz, Iran Found America’s Weak Spot",-0.38,Negative
"Wed, 01 Apr 2026 07:00:00 GMT",Unknown,Dire Strait: US tells Europe that Hormuz is 'not our problem',0.0,Neutral
"Wed, 01 Apr 2026 07:00:00 GMT",Unknown,Trump: Strait of Hormuz will ‘open up naturally’ after war with Iran ends,0.05,Neutral
"Wed, 01 Apr 2026 07:00:00 GMT",Unknown,Bahrain's Hormuz resolution runs into fresh obstacles at UN,0.12,Neutral
"Wed, 01 Apr 2026 07:00:00 GMT",Unknown,Shutting Hormuz is a template for China in Taiwan,0.0,Neutral
"Wed, 01 Apr 2026 07:00:00 GMT",Unknown,Trump suggests the Strait of Hormuz could open up 'naturally',0.05,Neutral
"Wed, 01 Apr 2026 07:00:00 GMT",Unknown,Gulf states consider new pipelines to avoid Strait of Hormuz,0.09,Neutral
"Wed, 01 Apr 2026 07:00:00 GMT",Unknown,"UAE said pushing for military op to reopen Strait of Hormuz, is willing to take part",0.07,Neutral
"Wed, 01 Apr 2026 07:00:00 GMT",Unknown,Trump threatened to stop weapons for Ukraine unless Europe joined Hormuz coalition,0.0,Neutral
"Wed, 01 Apr 2026 07:00:00 GMT",Unknown,Blocking the Strait of Hormuz: What consequences for Chinese economic growth?,0.1,Neutral
"Wed, 01 Apr 2026 07:00:00 GMT",Unknown,"Trump says Iran's president asked for ceasefire, but U.S. wants Hormuz Strait open first",0.15,Neutral
"Wed, 01 Apr 2026 07:00:00 GMT",Unknown,How Iran turned a tiny island into an oil 'toll booth' as Tehran cements grip on global energy flows,0.0,Neutral
"Wed, 01 Apr 2026 07:00:00 GMT",Unknown,‘That’s not for us’: Trump prepared to exit Iran with Strait of Hormuz still closed,-0.1,Neutral
"Wed, 01 Apr 2026 07:00:00 GMT",Unknown,Australia to attend global meeting on Strait of Hormuz — without the US,0.0,Neutral
"Thu, 02 Apr 2026 07:00:00 GMT",Unknown,UK gathers more than 40 countries to press Iran to reopen the Strait of Hormuz,0.5,Positive
"Thu, 02 Apr 2026 07:00:00 GMT",Unknown,Will the Strait of Hormuz Sink NATO?,0.0,Neutral
"Thu, 02 Apr 2026 07:00:00 GMT",Unknown,Why the Strait of Hormuz is a geological wonder,0.0,Neutral
"Thu, 02 Apr 2026 07:00:00 GMT",Unknown,Philippines Holds Talks With Iran on Safe Passage Through Strait of Hormuz,0.33,Positive
"Thu, 02 Apr 2026 07:00:00 GMT",Unknown,Iran and Oman drafting protocol to 'monitor' Hormuz Strait traffic: IRNA,0.0,Neutral
"Thu, 02 Apr 2026 07:00:00 GMT",Unknown,Can Starmer’s 40-nation coalition open the Strait of Hormuz?,0.0,Neutral
"Thu, 02 Apr 2026 07:00:00 GMT",Unknown,Iran’s ‘Tollbooth’ Tightens Grip on Hormuz as Ships Offered Safe Passage—For a Price,0.5,Positive
"Thu, 02 Apr 2026 07:00:00 GMT",Unknown,Bahrain waters down UN proposal over opposition to allowing force to open Strait of Hormuz,-0.08,Neutral
"Thu, 02 Apr 2026 07:00:00 GMT",Unknown,"Iran Says It Will Oversee Strait of Hormuz Traffic, Even in Peacetime",0.14,Neutral
"Thu, 02 Apr 2026 07:00:00 GMT",Unknown,Bypass the Strait of Hormuz with nuclear explosives? The US studied that in Panama and Colombia in the 1960s,0.0,Neutral
"Thu, 02 Apr 2026 07:00:00 GMT",Unknown,Britain Says It Will Host Military Talks on Securing Strait of Hormuz,-0.02,Neutral
"Thu, 02 Apr 2026 07:00:00 GMT",Unknown,UK-led coalition of 40 countries vows action on Hormuz Strait closure,0.1,Neutral
"Thu, 02 Apr 2026 07:00:00 GMT",Unknown,Britain says 40 countries discuss reopening Strait of Hormuz after Iran blockade,0.0,Neutral
"Thu, 02 Apr 2026 07:00:00 GMT",Unknown,Coalition of countries discuss ‘every possible measure’ to pressure Iran into reopening strait of Hormuz,0.0,Neutral
"Thu, 02 Apr 2026 07:00:00 GMT",Unknown,"Iran moves to take permanent control of Strait of Hormuz, a vital shipping choke point",0.1,Neutral
"Thu, 02 Apr 2026 07:00:00 GMT",Unknown,UK and allies discuss sanctions to stop Iran blocking Strait of Hormuz,0.0,Neutral
"Thu, 02 Apr 2026 07:00:00 GMT",Unknown,Over 40 countries launch coalition to secure Strait of Hormuz,0.4,Positive
"Thu, 02 Apr 2026 07:00:00 GMT",Unknown,Gulf states consider bypassing Strait of Hormuz with new oil pipelines via Haifa,0.14,Neutral
"Thu, 02 Apr 2026 07:00:00 GMT",Unknown,Macron says it is unrealistic to open Hormuz Strait by force,-0.25,Negative
"Thu, 02 Apr 2026 07:00:00 GMT",Unknown,How could strait of Hormuz closure affect UK food and medicine supplies?,0.0,Neutral
"Thu, 02 Apr 2026 07:00:00 GMT",Unknown,"As Trump doubles down on Iran war, markets shudder and oil prices climb",-0.16,Neutral
"Thu, 02 Apr 2026 07:00:00 GMT",Unknown,Navigating Conflict: Legal Dimensions of Iran’s Control over the Strait of Hormuz,0.2,Neutral
"Thu, 02 Apr 2026 07:00:00 GMT",Unknown,Chair’s statement on the meeting on the Strait of Hormuz,0.0,Neutral
"Thu, 02 Apr 2026 07:00:00 GMT",Unknown,Asia-Pacific markets mostly rise in Easter trade on hopes for Hormuz reopening,0.5,Positive
"Thu, 02 Apr 2026 07:00:00 GMT",Unknown,A Bid to Use Force to Open Strait of Hormuz Hits Roadblocks at U.N. Security Council,0.05,Neutral
"Thu, 02 Apr 2026 07:00:00 GMT",Unknown,"Strait of Hormuz blockade will cause months of instability, expert warns",0.0,Neutral
"Thu, 02 Apr 2026 07:00:00 GMT",Unknown,Online Meeting of Foreign Ministers on the Strait of Hormuz,-0.12,Neutral
"Thu, 02 Apr 2026 07:00:00 GMT",Unknown,Strait of Hormuz tensions may linger for months after US exit from Iran,0.0,Neutral
"Thu, 02 Apr 2026 07:00:00 GMT",Unknown,Iran 'holding global economy hostage' as Australia joins urgent Hormuz talks,0.0,Neutral
"Thu, 02 Apr 2026 07:00:00 GMT",Unknown,Qatar Participates in Ministerial Meeting on Developments Related to Strait of Hormuz,0.0,Neutral
"Fri, 03 Apr 2026 07:00:00 GMT",Unknown,Why the Strait of Hormuz Is More Than an Energy Crisis,0.3,Positive
"Fri, 03 Apr 2026 07:00:00 GMT",Unknown,Shipping Industry Uncertain As Hormuz Crisis Carries On,0.0,Neutral
"Fri, 03 Apr 2026 07:00:00 GMT",Unknown,Strait of Hormuz Under Threat of Mines: Are Littoral Combat Ships the Solution?,0.0,Neutral
"Fri, 03 Apr 2026 07:00:00 GMT",Unknown,A Long Gulf War Can Starve the World. A Hormuz Transit Deal Could Save Millions.,-0.05,Neutral
"Fri, 03 Apr 2026 07:00:00 GMT",Unknown,Control Over Strait of Hormuz Will Determine Who Wins the War,0.3,Positive
"Fri, 03 Apr 2026 07:00:00 GMT",Unknown,"EXCLUSIVE: US intelligence warns Iran unlikely to ease Hormuz Strait chokehold soon, sources say",-0.5,Negative
"Fri, 03 Apr 2026 07:00:00 GMT",Unknown,"Omani, French and Japanese vessels transit the Strait of Hormuz",0.0,Neutral
"Fri, 03 Apr 2026 07:00:00 GMT",Unknown,"French, Japanese ships cross Strait of Hormuz in first since war",0.06,Neutral
"Fri, 03 Apr 2026 07:00:00 GMT",Unknown,French-owned ship passes through Strait of Hormuz,0.0,Neutral
"Fri, 03 Apr 2026 07:00:00 GMT",Unknown,World anxious to open Hormuz Strait while Trump and Iran trade threats,-0.12,Neutral
"Fri, 03 Apr 2026 07:00:00 GMT",Unknown,Competing Strategies Emerge for Opening the Strait of Hormuz,0.0,Neutral
"Fri, 03 Apr 2026 07:00:00 GMT",Unknown,Trump and the Myth of American Oil Independence,0.0,Neutral
"Fri, 03 Apr 2026 07:00:00 GMT",Unknown,Three Ships Appear to Exit Hormuz by New Oman Coast Route,0.14,Neutral
"Fri, 03 Apr 2026 07:00:00 GMT",Unknown,"Iran ‘toll booth’ on Strait of Hormuz underscores its leverage on Trump, US",0.0,Neutral
"Fri, 03 Apr 2026 07:00:00 GMT",Unknown,Will force be used to reopen Strait of Hormuz?,0.0,Neutral
"Fri, 03 Apr 2026 07:00:00 GMT",Unknown,Trump says US can take Strait of Hormuz with more time,0.5,Positive
"Fri, 03 Apr 2026 07:00:00 GMT",Unknown,US Doubles Hormuz Guarantees to $40 Billion With New Partners,0.14,Neutral
"Fri, 03 Apr 2026 07:00:00 GMT",Unknown,"Several vessels, including French container ship, pass through strait of Hormuz",0.0,Neutral
"Fri, 03 Apr 2026 07:00:00 GMT",Unknown,Trump’s Mission Impossible for Allies: Reopening the Strait of Hormuz,-0.67,Negative
"Fri, 03 Apr 2026 07:00:00 GMT",Unknown,France sends first Western European ship through Hormuz,0.08,Neutral
"Fri, 03 Apr 2026 07:00:00 GMT",Unknown,Container ship declaring French ownership passes through Strait of Hormuz,0.0,Neutral
"Fri, 03 Apr 2026 07:00:00 GMT",Unknown,UN Hormuz vote now expected next week; China opposes authorization of force,-0.05,Neutral
"Fri, 03 Apr 2026 07:00:00 GMT",Unknown,Trump says US can open Hormuz with 'a little more time' and asks Congress for $1.5tr for defence,0.1,Neutral
"Fri, 03 Apr 2026 07:00:00 GMT",Unknown,"The 20,000 sailors who have become sitting ducks in the Gulf",0.0,Neutral
"Fri, 03 Apr 2026 07:00:00 GMT",Unknown,‘Genius masterstroke’: Gulf states eye new pipelines to bypass Hormuz,0.14,Neutral
"Fri, 03 Apr 2026 07:00:00 GMT",Unknown,Iran confirms South African vessels can pass through Strait of Hormuz amid tensions,0.0,Neutral
"Fri, 03 Apr 2026 12:59:00 GMT",Unknown,The Perilous Options in the Strait of Hormuz | Proceedings,0.0,Neutral
"Sat, 04 Apr 2026 07:00:00 GMT",Unknown,Iran won't give up control of Hormuz any time soon,0.0,Neutral
"Sat, 04 Apr 2026 07:00:00 GMT",Unknown,World leaders bypass Trump to tackle Strait of Hormuz crisis,0.0,Neutral
"Sat, 04 Apr 2026 07:00:00 GMT",Unknown,Which Countries Are Getting Through the Strait of Hormuz—and How,0.0,Neutral
"Sat, 04 Apr 2026 07:00:00 GMT",Unknown,"Oil, strait of Hormuz and empty threats: a timeline of Trump’s flip-flopping on the Iran war",-0.1,Neutral
"Sat, 04 Apr 2026 07:00:00 GMT",Unknown,"Trump threatens Iran with ""hell"" if Hormuz strait isn't open in 48 hours",0.0,Neutral
"Sat, 04 Apr 2026 07:00:00 GMT",Unknown,"Iran allows essential goods vessels to its ports via Hormuz strait, Tasnim says",0.0,Neutral
"Sat, 04 Apr 2026 07:00:00 GMT",Unknown,Trump gives Iran 48 hours to open Strait of Hormuz as search continues for missing US pilot,-0.1,Neutral
"Sat, 04 Apr 2026 07:00:00 GMT",Unknown,Opinion | Trump’s fantasy of seizing the Strait of Hormuz for a ‘gusher’ of oil is a dangerous one,-0.6,Negative
"Sat, 04 Apr 2026 07:00:00 GMT",Unknown,Italy pitches Hormuz corridor as food crisis fears mount,0.0,Neutral
"Sat, 04 Apr 2026 07:00:00 GMT",Unknown,Iran says Iraq exempt from any Strait of Hormuz restrictions,0.0,Neutral
"Sat, 04 Apr 2026 07:00:00 GMT",Unknown,"Europe’s Options in the Strait of Hormuz: Few, and Risky",-0.09,Neutral
"Sat, 04 Apr 2026 07:00:00 GMT",Unknown,Iran offers a simple solution to Hormuz Strait blockade: ‘Be polite and…’ | World News,0.05,Neutral
"Sat, 04 Apr 2026 07:00:00 GMT",Unknown,Sailors trapped by Iran's Strait of Hormuz blockade plead for help,-0.2,Neutral
"Sun, 05 Apr 2026 07:00:00 GMT",Unknown,Iran says Iraqi ships can pass Strait of Hormuz as transits tick up,0.0,Neutral
"Sun, 05 Apr 2026 07:00:00 GMT",Unknown,Iran allows 15 ships through Strait of Hormuz,0.0,Neutral
"Sun, 05 Apr 2026 07:00:00 GMT",Unknown,"Ahead of his latest Strait of Hormuz deadline, Trump threatens Iran's energy infrastructure",0.5,Positive
"Sat, 04 Apr 2026 07:00:00 GMT",Unknown,French and Japanese vessels cross Strait of Hormuz in first since war,0.06,Neutral
"Sun, 05 Apr 2026 07:00:00 GMT",Unknown,The Strait of Hormuz Crisis Is Driving a Wave of Global Energy Rationing,0.0,Neutral
"Sun, 05 Apr 2026 07:00:00 GMT",Unknown,Why Trump Thinks He Can Walk Away From the Strait of Hormuz,0.0,Neutral
"Sun, 05 Apr 2026 07:00:00 GMT",Unknown,The Strait Of Hormuz Couldn’t Care Less About The Federal Reserve,-0.17,Neutral
"Sun, 05 Apr 2026 07:00:00 GMT",Unknown,Strait of Hormuz: A Citrini Field Trip,0.0,Neutral
"Sun, 05 Apr 2026 07:00:00 GMT",Unknown,UAE says the use of Hormuz must be guaranteed in any US-Iran deal,0.0,Neutral
"Sun, 05 Apr 2026 07:00:00 GMT",Unknown,Trump warns Iran to reopen strait of Hormuz by Tuesday or face ‘hell’ | US-Israel war on Iran,0.0,Neutral
"Sun, 05 Apr 2026 07:00:00 GMT",Unknown,"Oman, Iran discuss smooth transit in Strait of Hormuz, Muscat says",0.4,Positive
"Sun, 05 Apr 2026 07:00:00 GMT",Unknown,'We are at the edge of a battlefield': BBC reports near Strait of Hormuz,0.1,Neutral
"Sun, 05 Apr 2026 07:00:00 GMT",Unknown,Petronas-chartered tanker loaded with Iraqi crude passes through Hormuz,-0.7,Negative
"Sun, 05 Apr 2026 07:00:00 GMT",Unknown,One ship paid $US2m to pass Iran. Now we're looking at a new era,0.09,Neutral
"Sun, 05 Apr 2026 07:00:00 GMT",Unknown,Trump issues an expletive-filled threat against Iran as details of US aviator’s rescue emerge,0.0,Neutral
"Sun, 05 Apr 2026 07:00:00 GMT",Unknown,The Islands Behind Iran’s Grip on the Strait of Hormuz,-0.4,Negative
"Sun, 05 Apr 2026 07:00:00 GMT",Unknown,Trump gives Iran 48-hour deadline to reopen Strait of Hormuz or face new strikes,0.14,Neutral
"Sun, 05 Apr 2026 07:00:00 GMT",Unknown,Iran allows Iraqi ships through Strait of Hormuz,0.0,Neutral
"Sun, 05 Apr 2026 07:00:00 GMT",Unknown,No price drop soon despite Hormuz pass for PH-bound oil,0.0,Neutral
"Sun, 05 Apr 2026 07:00:00 GMT",Unknown,Iran says Iraqi ships are allowed to use Strait of Hormuz,0.0,Neutral
"Sat, 04 Apr 2026 07:00:00 GMT",Unknown,US intelligence warns Iran unlikely to ease Hormuz Strait chokehold soon: Sources,-0.5,Negative
"Sun, 05 Apr 2026 07:00:00 GMT",Unknown,Trump issues expletive-laden threat to Iran over Hormuz Strait blockage,0.0,Neutral
"Sun, 05 Apr 2026 07:00:00 GMT",Unknown,SA given the green light to pass through the Strait of Hormuz,0.1,Neutral
"Mon, 06 Apr 2026 07:00:00 GMT",Unknown,Revenge of Rumsfeld’s Fourth Quadrant—Closing the Strait of Hormuz,0.0,Neutral
"Mon, 06 Apr 2026 07:00:00 GMT",Unknown,Who Controls the Strait? The Question Mahan Never Asked,0.0,Neutral
"Mon, 06 Apr 2026 07:00:00 GMT",Unknown,Which Asian countries' ships are passing through the Strait of Hormuz?,0.0,Neutral
"Mon, 06 Apr 2026 07:00:00 GMT",Unknown,How might the Strait of Hormuz be reopened? Here are 3 scenarios,0.0,Neutral
"Mon, 06 Apr 2026 07:00:00 GMT",Unknown,From France to India: Who is Iran allowing through the Strait of Hormuz?,0.0,Neutral
"Mon, 06 Apr 2026 07:00:00 GMT",Unknown,A toll in the Strait of Hormuz: Iran’s condition for peace that could raise oil prices indefinitely,0.0,Neutral
"Mon, 06 Apr 2026 07:00:00 GMT",Unknown,Trump suggests US could charge toll for Strait of Hormuz passage,0.0,Neutral
"Mon, 06 Apr 2026 07:00:00 GMT",Unknown,Hormuz closure divides the fortunes of Middle Eastern oil states,0.0,Neutral
"Mon, 06 Apr 2026 07:00:00 GMT",Unknown,"Strait of Hormuz to remain closed until Iran is compensated for war damages, Iranian official says",-0.1,Neutral
"Mon, 06 Apr 2026 07:00:00 GMT",Unknown,The Islands That Give Iran Sway Over Hormuz,0.14,Neutral
"Mon, 06 Apr 2026 07:00:00 GMT",Unknown,A new regional order for the Strait of Hormuz,0.14,Neutral
"Mon, 06 Apr 2026 07:00:00 GMT",Unknown,Hormuz closure threatens the global food supply – why grocery price hikes are coming,0.0,Neutral
"Mon, 06 Apr 2026 07:00:00 GMT",Unknown,Trump says US could charge for Strait of Hormuz passage amid Iran war,0.0,Neutral
"Mon, 06 Apr 2026 07:00:00 GMT",Unknown,Offbeat Wall Street research firm says it sent an analyst to Strait of Hormuz. Here's what they learned,-0.35,Negative
"Mon, 06 Apr 2026 07:00:00 GMT",Unknown,Hormuz Traffic Rises to Highest in Weeks as More Transits Agreed,0.5,Positive
"Mon, 06 Apr 2026 07:00:00 GMT",Unknown,Pakistan offers ‘two-phased’ truce deal to end US-Israel war on Iran,0.1,Neutral
"Mon, 06 Apr 2026 07:00:00 GMT",Unknown,Life and Death Aboard Ships Stranded Near the Strait of Hormuz,0.1,Neutral
"Mon, 06 Apr 2026 07:00:00 GMT",Unknown,Ships With Qatar LNG Attempt First Hormuz Exit Since War Started,0.25,Positive
"Mon, 06 Apr 2026 07:00:00 GMT",Unknown,Trump says Iran ceasefire proposal 'significant' but 'not good enough' as Hormuz Strait deadline nears,0.01,Neutral
"Mon, 06 Apr 2026 07:00:00 GMT",Unknown,Trump hurls more threats at Iran even as traffic in Strait of Hormuz increases,0.5,Positive
"Mon, 06 Apr 2026 07:00:00 GMT",Unknown,Video: Opinion | Why the Strait of Hormuz Is Iran’s Trump Card,0.14,Neutral
"Mon, 06 Apr 2026 07:00:00 GMT",Unknown,Iran says won’t open Hormuz for temporary truce after Pakistan proposes 45-day ceasefire,0.0,Neutral
"Mon, 06 Apr 2026 07:00:00 GMT",Unknown,Strait of Hormuz will never return to previous status: Iran’s IRGC,-0.17,Neutral
"Mon, 06 Apr 2026 07:00:00 GMT",Unknown,Oil price surge shifts Trump’s tone on Strait of Hormuz,0.0,Neutral
"Mon, 06 Apr 2026 07:00:00 GMT",Unknown,Iran rejects Trump’s peace plan – and hands him 10-point counter-offer,0.0,Neutral
"Mon, 06 Apr 2026 07:00:00 GMT",Unknown,Strait of Hormuz: The tollbooth in the middle of the world,0.0,Neutral
"Tue, 07 Apr 2026 07:00:00 GMT",Unknown,How the Strait of Hormuz became Iran's secret weapon in the war with the US and Israel,-0.4,Negative
"Tue, 07 Apr 2026 07:00:00 GMT",Unknown,Iran war: Which countries are allowed through Strait of Hormuz?,0.14,Neutral
"Tue, 07 Apr 2026 07:00:00 GMT",Unknown,Security Council: Russia and China veto resolution on Strait of Hormuz,0.0,Neutral
"Tue, 07 Apr 2026 07:00:00 GMT",Unknown,What to Know About Iran’s ‘Selective’ Closure of the Strait of Hormuz—and Why It Matters,0.0,Neutral
"Tue, 07 Apr 2026 07:00:00 GMT",Unknown,"Trump, Iran agree to two-week ceasefire, plan to open Strait of Hormuz",0.0,Neutral
"Tue, 07 Apr 2026 07:00:00 GMT",Unknown,Warships being sent to Strait of Hormuz,0.0,Neutral
"Tue, 07 Apr 2026 07:00:00 GMT",Unknown,The War Will End With a Hormuz Toll Booth,0.2,Neutral
"Tue, 07 Apr 2026 07:00:00 GMT",Unknown,Russia and China veto watered-down UN resolution aimed at reopening the Strait of Hormuz,0.0,Neutral
"Tue, 07 Apr 2026 07:00:00 GMT",Unknown,4 ways Trump has suggested the Strait of Hormuz could be reopened — and why they're a tough lift,-0.39,Negative
"Tue, 07 Apr 2026 07:00:00 GMT",Unknown,At Least 10 Countries Still Sending Ships Through Strait of Hormuz,-0.43,Negative
"Tue, 07 Apr 2026 07:00:00 GMT",Unknown,Trump announces two-week ceasefire as Iran agrees to reopen Hormuz Strait,0.0,Neutral
"Tue, 07 Apr 2026 07:00:00 GMT",Unknown,"Iran war will throttle oil flows even if Strait of Hormuz reopens soon, analysis predicts",0.0,Neutral
"Tue, 07 Apr 2026 07:00:00 GMT",Unknown,CNBC Daily Open: Markets cheer as Trump and Tehran agree to 2-week ceasefire,0.0,Neutral
"Tue, 07 Apr 2026 07:00:00 GMT",Unknown,Russia and China block UN resolution on Strait of Hormuz,0.0,Neutral
"Tue, 07 Apr 2026 07:00:00 GMT",Unknown,Iran war: Trump amps up threats ahead of Hormuz deadline,0.0,Neutral
"Tue, 07 Apr 2026 07:00:00 GMT",Unknown,The Hormuz War Will End,0.0,Neutral
"Tue, 07 Apr 2026 07:00:00 GMT",Unknown,Report from Tehran: “Hormuz Is Not a Tool to End the War But How Iran Wins the Aftermath”,0.34,Positive
"Tue, 07 Apr 2026 07:00:00 GMT",Unknown,Iran poised to keep stranglehold on Strait of Hormuz,0.0,Neutral
"Tue, 07 Apr 2026 07:00:00 GMT",Unknown,"Pakistan appeals to Trump to extend deadline, Iran to reopen Hormuz Strait",0.0,Neutral
"Tue, 07 Apr 2026 07:00:00 GMT",Unknown,"Russia, China veto UN resolution aimed at reopening Strait of Hormuz, hours before Trump deadline",0.0,Neutral
"Tue, 07 Apr 2026 07:00:00 GMT",Unknown,Oil jumps above $117 as Trump's Strait of Hormuz deadline approaches,0.0,Neutral
"Tue, 07 Apr 2026 07:00:00 GMT",Unknown,How Tolls in the Strait of Hormuz Would Undercut International Law,0.05,Neutral
"Tue, 07 Apr 2026 07:00:00 GMT",Unknown,U.S. crude oil posts biggest one-day drop since 2020 on U.S.-Iran ceasefire agreement,-0.7,Negative
"Tue, 07 Apr 2026 07:00:00 GMT",Unknown,Freedom of Navigation May Not Return to the Strait of Hormuz,0.0,Neutral
"Tue, 07 Apr 2026 07:00:00 GMT",Unknown,China and Russia veto UN resolution on Strait of Hormuz,0.0,Neutral
"Tue, 07 Apr 2026 07:00:00 GMT",Unknown,Trump agrees to pause attacks on Iran if Strait of Hormuz opens,0.0,Neutral
"Tue, 07 Apr 2026 07:00:00 GMT",Unknown,"China, Russia sink UN vote on Strait of Hormuz; 10 countries join US in support",0.0,Neutral
"Tue, 07 Apr 2026 07:00:00 GMT",Unknown,"Russia, China veto UN Security Council measure to reopen Strait of Hormuz",0.0,Neutral
"Tue, 07 Apr 2026 07:00:00 GMT",Unknown,"Helium, Hormuz, and Hospitals: The Hidden Geopolitics of Medical Gas",-0.08,Neutral
"Tue, 07 Apr 2026 07:00:00 GMT",Unknown,S’pore will not negotiate for safe passage through Strait of Hormuz as matter of principle: Vivian,0.5,Positive
"Tue, 07 Apr 2026 07:00:00 GMT",Unknown,"US-Iran ceasefire agreed on, Strait of Hormuz to reopen",0.0,Neutral
"Wed, 08 Apr 2026 07:00:00 GMT",Unknown,Continuing Crisis in Strait of Hormuz: Why Iran’s Hold is Illegal and U.S. Military Force Alone Fails,-0.37,Negative
"Wed, 08 Apr 2026 07:00:00 GMT",Unknown,Iran ceasefire raises hopes for re-opening key Strait of Hormuz,0.0,Neutral
"Wed, 08 Apr 2026 07:00:00 GMT",Unknown,Iran’s proposal to collect tolls in the Strait of Hormuz violates trade norms,0.0,Neutral
"Wed, 08 Apr 2026 07:00:00 GMT",Unknown,Hormuz traffic may climb to 25% of pre-war total over next week: CAS,0.0,Neutral
"Wed, 08 Apr 2026 07:00:00 GMT",Unknown,How could commodity shortages beyond oil hit home?,0.0,Neutral
"Wed, 08 Apr 2026 07:00:00 GMT",Unknown,Oil industry pleads its Hormuz case with White House,0.0,Neutral
"Wed, 08 Apr 2026 07:00:00 GMT",Unknown,U.S.-Iran ceasefire tested by Strait of Hormuz tension and Israel’s war in Lebanon,0.0,Neutral
"Wed, 08 Apr 2026 07:00:00 GMT",Unknown,Iran Tightens Its Grip on Hormuz Despite Cease-Fire,0.0,Neutral
"Wed, 08 Apr 2026 07:00:00 GMT",Unknown,Trump says he’s considering ‘joint venture’ with Iran for Strait of Hormuz tolls,0.0,Neutral
"Wed, 08 Apr 2026 07:00:00 GMT",Unknown,"WATCH: White House addresses Strait of Hormuz opening, Trump's 'civilization' threat",0.0,Neutral
"Wed, 08 Apr 2026 07:00:00 GMT",Unknown,Iranian Crypto Tolls in Strait of Hormuz,0.0,Neutral
"Wed, 08 Apr 2026 07:00:00 GMT",Unknown,Iran announces alternative routes in Strait of Hormuz,0.0,Neutral
"Wed, 08 Apr 2026 07:00:00 GMT",Unknown,"In Strait of Hormuz, Iran and China take aim at US dollar hegemony",0.0,Neutral
"Wed, 08 Apr 2026 07:00:00 GMT",Unknown,"Iran demands $1 per barrel of oil passing through Strait of Hormuz, paid in crypto",0.0,Neutral
"Wed, 08 Apr 2026 07:00:00 GMT",Unknown,Strait of Hormuz – Situation update 22 April,0.0,Neutral
"Wed, 08 Apr 2026 07:00:00 GMT",Unknown,"Trump Baselessly Suggests That Iran, US Will Jointly Manage Strait of Hormuz",0.0,Neutral
"Wed, 08 Apr 2026 07:00:00 GMT",Unknown,Shipowners Eye Hormuz Truce With 800 Vessels Still Trapped,-0.2,Neutral
"Wed, 08 Apr 2026 07:00:00 GMT",Unknown,"Trump wants Strait of Hormuz open 'without limitation, including tolls' during Iran ceasefire: White House",0.07,Neutral
"Wed, 08 Apr 2026 07:00:00 GMT",Unknown,"Strait of Hormuz Closure 'Completely Unacceptable' Under Ceasefire, Leavitt Says",0.1,Neutral
"Wed, 08 Apr 2026 07:00:00 GMT",Unknown,Shippers seek clarity on Hormuz passage as Iran issues fresh warnings,0.3,Positive
"Wed, 08 Apr 2026 07:00:00 GMT",Unknown,"Ceasefire changes little for shipping in strait of Hormuz, experts say",-0.19,Neutral
"Wed, 08 Apr 2026 07:00:00 GMT",Unknown,Chart shows Iran might have put sea mines in Strait of Hormuz,0.0,Neutral
"Wed, 08 Apr 2026 07:00:00 GMT",Unknown,"Iran Closes Strait of Hormuz Again in Response to Israel Attacks in Lebanon, Threatening Ceasefire",0.4,Positive
"Wed, 08 Apr 2026 07:00:00 GMT",Unknown,Questions surround Strait of Hormuz opening as Iran contradicts US,0.0,Neutral
"Wed, 08 Apr 2026 07:00:00 GMT",Unknown,Starmer says UK wants to help with opening of Hormuz strait on Gulf visit,0.2,Neutral
"Wed, 08 Apr 2026 07:00:00 GMT",Unknown,"Is Strait of Hormuz Open Again? Maybe, but Few Ships Are Using It.",-0.05,Neutral
"Wed, 08 Apr 2026 07:00:00 GMT",Unknown,Will shipping in the strait of Hormuz – and oil prices – return to normal?,0.15,Neutral
"Wed, 08 Apr 2026 07:00:00 GMT",Unknown,Malaysian Tanker With Iraqi Crude Passes Through Hormuz,-0.7,Negative
"Wed, 08 Apr 2026 07:00:00 GMT",Unknown,Iran closes Strait of Hormuz over Israeli barrage in Lebanon,0.0,Neutral
"Wed, 08 Apr 2026 07:00:00 GMT",Unknown,"After Cease-Fire, Ship Traffic in Strait of Hormuz Remains Throttled",0.14,Neutral
"Wed, 08 Apr 2026 07:00:00 GMT",Unknown,Hormuz Stays Blocked for Now as Hundreds of Ships Seek Exit,0.0,Neutral
"Wed, 08 Apr 2026 07:00:00 GMT",Unknown,Is Hormuz open or closed? Shiptracking data reveals true picture,0.07,Neutral
"Wed, 08 Apr 2026 07:00:00 GMT",Unknown,What happens with the Strait of Hormuz now?,0.0,Neutral
"Wed, 08 Apr 2026 07:00:00 GMT",Unknown,Iran agrees to open Strait of Hormuz for two-week US ceasefire,0.0,Neutral
"Wed, 08 Apr 2026 07:00:00 GMT",Unknown,China and Russia veto UN resolution on protecting Hormuz shipping,0.0,Neutral
"Wed, 08 Apr 2026 07:00:00 GMT",Unknown,"Iran could open Strait of Hormuz in a controlled way ahead of meeting with US, senior Iranian official says",0.0,Neutral
"Wed, 08 Apr 2026 07:00:00 GMT",Unknown,Hormuz is just one point of failure. Australia’s sea-lanes are suffering a slow squeeze,-0.31,Negative
"Wed, 08 Apr 2026 07:00:00 GMT",Unknown,Trump’s ceasefire gives Iran control of the Strait of Hormuz—and Mojtaba Khamenei is reportedly alive,0.1,Neutral
"Wed, 08 Apr 2026 07:00:00 GMT",Unknown,Opinion | The Strait of Hormuz disproves an armchair narrative about globalization,0.0,Neutral
"Wed, 08 Apr 2026 07:00:00 GMT",Unknown,"No sign Iran ceding control of Strait of Hormuz in ceasefire, with logjam expected to continue for weeks",-0.1,Neutral
"Wed, 08 Apr 2026 07:00:00 GMT",Unknown,"Strait of Hormuz, Lebanon emerge as obstacles for Iran ceasefire",-0.05,Neutral
"Wed, 08 Apr 2026 07:00:00 GMT",Unknown,"Reports of Iran closing Strait of Hormuz 'completely unacceptable,' White House says",0.05,Neutral
"Wed, 08 Apr 2026 07:00:00 GMT",Unknown,Traffic through Strait of Hormuz as Iran closes key waterway,0.0,Neutral
"Wed, 08 Apr 2026 07:00:00 GMT",Unknown,Putin adviser calls Strait of Hormuz Iran’s nuclear weapon: ‘Its potential is inexhaustible’,0.0,Neutral
"Wed, 08 Apr 2026 07:00:00 GMT",Unknown,"As the Strait of Hormuz Reopens, Global Shipping Will Take Months to Recover",0.0,Neutral
"Wed, 08 Apr 2026 07:00:00 GMT",Unknown,The Cease-Fire Was Supposed to Open the Strait of Hormuz. Shippers Are Still Stuck.,0.0,Neutral
"Wed, 08 Apr 2026 07:00:00 GMT",Unknown,Iran says Strait of Hormuz is closed due to Israeli strikes on Lebanon,-0.11,Neutral
"Wed, 08 Apr 2026 07:00:00 GMT",Unknown,Senate Democrat: Strait of Hormuz tolls would be ‘extraordinary win for Iran’,0.57,Positive
"Wed, 08 Apr 2026 07:00:00 GMT",Unknown,Strait of Hormuz Stays Blocked for Now,0.0,Neutral
"Wed, 08 Apr 2026 07:00:00 GMT",Unknown,Iran moves to put the brakes on reopening the Strait of Hormuz,0.0,Neutral
"Wed, 08 Apr 2026 07:00:00 GMT",Unknown,Iran halts passage of oil tankers through Strait of Hormuz,0.0,Neutral
"Wed, 08 Apr 2026 07:00:00 GMT",Unknown,Trump says charging countries to use Strait of Hormuz could be ‘joint venture’ with Iran: ‘It’s a beautiful thing’,0.57,Positive
"Wed, 08 Apr 2026 07:00:00 GMT",Unknown,White House disputes reports that Strait of Hormuz is closed,-0.05,Neutral
"Wed, 08 Apr 2026 07:00:00 GMT",Unknown,"""Iran Agreed To Open Hormuz"": Trump Pauses Strikes On Iran For 2 Weeks",0.0,Neutral
"Wed, 08 Apr 2026 07:00:00 GMT",Unknown,White House disputes reports Strait of Hormuz is closed,-0.05,Neutral
"Wed, 08 Apr 2026 07:00:00 GMT",Unknown,Strait of Hormuz: How many ships are getting through?,0.5,Positive
"Wed, 08 Apr 2026 07:00:00 GMT",Unknown,Iran says Strait of Hormuz closed again; White House denies it,-0.05,Neutral
"Wed, 08 Apr 2026 07:00:00 GMT",Unknown,"Ships passing through Strait of Hormuz must be inspected, pay tolls, Iran says",0.0,Neutral
"Wed, 08 Apr 2026 07:00:00 GMT",Unknown,Oil prices fall as Iran agrees to reopen Strait of Hormuz during ceasefire,0.0,Neutral
"Wed, 08 Apr 2026 07:00:00 GMT",Unknown,Iran agrees to safe passage through Hormuz strait for two weeks 'if attacks halted',0.5,Positive
"Wed, 08 Apr 2026 07:00:00 GMT",Unknown,Three scenarios for unblocking the Strait of Hormuz – and keeping it open,0.0,Neutral
"Wed, 08 Apr 2026 07:00:00 GMT",Unknown,Iran: Strait of Hormuz will remain open under military oversight during two‑week ceasefire — Araghchi's full statement,0.08,Neutral
"Wed, 08 Apr 2026 07:00:00 GMT",Unknown,Iran closes Strait of Hormuz due to ongoing Israeli attacks in Lebanon: Iranian state media,-0.12,Neutral
"Wed, 08 Apr 2026 07:00:00 GMT",Unknown,First ships pass through Strait of Hormuz after US-Iran ceasefire,0.25,Positive
"Wed, 08 Apr 2026 07:00:00 GMT",Unknown,Maersk cautious on Strait of Hormuz shipping despite US-Iran ceasefire,0.0,Neutral
"Wed, 08 Apr 2026 07:00:00 GMT",Unknown,Iran closes again the Strait of Hormuz in response to Israel's attacks on Lebanon,0.0,Neutral
"Wed, 08 Apr 2026 07:00:00 GMT",Unknown,Iran announces alternative routes in Hormuz Strait,0.0,Neutral
"Thu, 09 Apr 2026 07:00:00 GMT",Unknown,Vessels Trickle Past Iran as Questions Remain Over Strait of Hormuz Status,-0.25,Negative
"Thu, 09 Apr 2026 07:00:00 GMT",Unknown,"The Strait of Hormuz, Gate to the Great Sea: The Fifteenth Newsletter (2026)",0.54,Positive
"Thu, 09 Apr 2026 07:00:00 GMT",Unknown,Strait of Hormuz shipping traffic is effectively at a standstill despite Iran ceasefire,0.6,Positive
"Thu, 09 Apr 2026 07:00:00 GMT",Unknown,Hormuz at near standstill as Iran warns ships to keep to its waters,0.1,Neutral
"Thu, 09 Apr 2026 07:00:00 GMT",Unknown,What is Iran’s Strait of Hormuz protocol and will other nations accept it?,-0.12,Neutral
"Thu, 09 Apr 2026 07:00:00 GMT",Unknown,Iran war ceasefire teeters over disagreements on Lebanon and the Strait of Hormuz,0.0,Neutral
"Thu, 09 Apr 2026 07:00:00 GMT",Unknown,Why Gulf Nations Would Bear the Brunt of Hormuz Tolls,0.0,Neutral
"Thu, 09 Apr 2026 07:00:00 GMT",Unknown,"Hormuz After the Ceasefire: Controlled Access, Not Reopening",0.0,Neutral
"Thu, 09 Apr 2026 07:00:00 GMT",Unknown,"Strait of Hormuz remains all but closed, Trump demands Iran stop tolls",-0.1,Neutral
"Thu, 09 Apr 2026 07:00:00 GMT",Unknown,Strait of Hormuz still seeing significantly lower traffic despite Iran war ceasefire,0.38,Positive
"Thu, 09 Apr 2026 07:00:00 GMT",Unknown,What will it take to get ships going through the Strait of Hormuz again?,0.0,Neutral
"Thu, 09 Apr 2026 07:00:00 GMT",Unknown,"Only five ships crossed the Strait of Hormuz Thursday, far below Iran’s pledge as negotiations begin",0.05,Neutral
"Thu, 09 Apr 2026 07:00:00 GMT",Unknown,What to Know About the Strait of Hormuz Under the Cease-Fire,0.14,Neutral
"Thu, 09 Apr 2026 07:00:00 GMT",Unknown,What’s Happening in the Strait of Hormuz Since the Cease-Fire?,0.0,Neutral
"Thu, 09 Apr 2026 07:00:00 GMT",Unknown,"The Strait of Hormuz is not open as Iran controls access after ceasefire, UAE oil CEO says",0.0,Neutral
"Thu, 09 Apr 2026 07:00:00 GMT",Unknown,"‘Weeks, if not months’: Strait of Hormuz tanker traffic won't normalize anytime soon",0.0,Neutral
"Thu, 09 Apr 2026 07:00:00 GMT",Unknown,International trade: Iran’s response to US-Israeli strikes paralyses Strait of Hormuz,0.0,Neutral
"Thu, 09 Apr 2026 07:00:00 GMT",Unknown,"Strait of Hormuz confusion, Iran says closed to tankers",-0.1,Neutral
"Thu, 09 Apr 2026 07:00:00 GMT",Unknown,Strait of Hormuz oil traffic way down after ceasefire; Hassett says even one tanker is big deal,-0.08,Neutral
"Thu, 09 Apr 2026 07:00:00 GMT",Unknown,"Despite a temporary ceasefire, the Hormuz Straits remain de facto closed for transit",-0.07,Neutral
"Thu, 09 Apr 2026 07:00:00 GMT",Unknown,Iran War: US Asks Allies for Quick Plans to Secure Hormuz After Ceasefire,0.37,Positive
"Thu, 09 Apr 2026 07:00:00 GMT",Unknown,Hormuz traffic still blocked as Iran tries to formalize control,-0.1,Neutral
"Thu, 09 Apr 2026 07:00:00 GMT",Unknown,Trump says Iran is not living up to ceasefire agreement in Strait of Hormuz,0.0,Neutral
"Thu, 09 Apr 2026 07:00:00 GMT",Unknown,China Tankers Join Line to Test Hormuz Exit and Iran Truce,0.0,Neutral
"Thu, 09 Apr 2026 07:00:00 GMT",Unknown,Status of Strait of Hormuz unclear after conflicting Iranian reports,0.0,Neutral
"Thu, 09 Apr 2026 07:00:00 GMT",Unknown,"For Gulf states, Hormuz uncertainty casts shadow over US-Iran ceasefire",0.0,Neutral
"Thu, 09 Apr 2026 07:00:00 GMT",Unknown,Time-lapse shows first ships crossing Strait of Hormuz,0.25,Positive
"Thu, 09 Apr 2026 07:00:00 GMT",Unknown,First non-Iranian oil tanker crosses Strait of Hormuz since ceasefire,0.25,Positive
"Thu, 09 Apr 2026 07:00:00 GMT",Unknown,"Strait of Hormuz toll would set 'dangerous precedent,' UN shipping agency warns",-0.6,Negative
"Thu, 09 Apr 2026 07:00:00 GMT",Unknown,Iran: Strait of Hormuz open with restrictions,0.0,Neutral
"Thu, 09 Apr 2026 07:00:00 GMT",Unknown,"Hormuz Shipping Is Barely Moving, Despite the US-Iran Ceasefire",0.05,Neutral
"Thu, 09 Apr 2026 07:00:00 GMT",Unknown,Trump says Iran 'better stop now' if it's charging oil tankers fees to go through Strait of Hormuz,0.5,Positive
"Thu, 09 Apr 2026 07:00:00 GMT",Unknown,Strait of Hormuz has immediately become the first major flash point of Trump's 'fragile' ceasefire,0.1,Neutral
"Thu, 09 Apr 2026 07:00:00 GMT",Unknown,"NATO's Rutte told allies Trump wants Hormuz commitments within days, diplomats say",0.2,Neutral
"Thu, 09 Apr 2026 07:00:00 GMT",Unknown,"Strait of Hormuz is shut, must reopen without conditions, UAE oil giant ADNOC's CEO says",0.0,Neutral
"Thu, 09 Apr 2026 07:00:00 GMT",Unknown,‘Worth more than the nuclear program’: Iran flexes its new power over Strait of Hormuz,0.31,Positive
"Thu, 09 Apr 2026 07:00:00 GMT",Unknown,"As Trump claims victory, Iran emerges bruised but powerful with leverage over Hormuz",0.3,Positive
"Thu, 09 Apr 2026 07:00:00 GMT",Unknown,Confusion reigns over Hormuz reopening as Iran issues new conditions,0.14,Neutral
"Thu, 09 Apr 2026 07:00:00 GMT",Unknown,"Britain to call for toll-free Strait of Hormuz, says Lebanon must be part of Iran ceasefire",0.0,Neutral
"Thu, 09 Apr 2026 07:00:00 GMT",Unknown,Ships stranded in Strait of Hormuz as Iran orders coordination with IRGC Navy: Reports,0.0,Neutral
"Thu, 09 Apr 2026 07:00:00 GMT",Unknown,"Strait of Hormuz not open, Abu Dhabi’s oil chief says as crude prices rise",-0.35,Negative
"Thu, 09 Apr 2026 07:00:00 GMT",Unknown,Chinese Oil Tankers Attempt to Exit the Strait of Hormuz,-0.23,Negative
"Thu, 09 Apr 2026 07:00:00 GMT",Unknown,Iran Says It Will Will Reopen Hormuz Once U.S. Ends ‘Aggression’ (Live),0.14,Neutral
"Thu, 09 Apr 2026 07:00:00 GMT",Unknown,UK rejects tolls on Strait of Hormuz,0.0,Neutral
"Thu, 09 Apr 2026 07:00:00 GMT",Unknown,"Israeli strikes on Lebanon are wrong and should stop, PM says",-0.5,Negative
"Thu, 09 Apr 2026 07:00:00 GMT",Unknown,EU rejects Trump's 'joint venture' with Iran to charge ships through Strait of Hormuz,0.0,Neutral
"Fri, 10 Apr 2026 07:00:00 GMT",Unknown,Operation Overflow: How to break Iran’s grip over the Strait of Hormuz,0.0,Neutral
"Fri, 10 Apr 2026 07:00:00 GMT",Unknown,The Legal Question of Tolling Hormuz,0.1,Neutral
"Fri, 10 Apr 2026 07:00:00 GMT",Unknown,"A Strait of Hormuz ""toll"" would pose major economic and geopolitical risks, experts say",0.13,Neutral
"Fri, 10 Apr 2026 07:00:00 GMT",Unknown,A Temporary Corridor Strategy for Hormuz,-0.05,Neutral
"Fri, 10 Apr 2026 07:00:00 GMT",Unknown,How to keep the Strait of Hormuz open in the long term,-0.03,Neutral
"Fri, 10 Apr 2026 07:00:00 GMT",Unknown,"After the war, how open will the Strait of Hormuz be?",0.0,Neutral
"Fri, 10 Apr 2026 07:00:00 GMT",Unknown,"With Iran Setting Limits, Strait of Hormuz Remains Thorny Politically",0.05,Neutral
"Fri, 10 Apr 2026 07:00:00 GMT",Unknown,Mapping the Strait of Hormuz at near standstill after ceasefire,0.1,Neutral
"Fri, 10 Apr 2026 07:00:00 GMT",Unknown,Shipping in Strait of Hormuz at a standstill despite US-Iran ceasefire,0.0,Neutral
"Fri, 10 Apr 2026 07:00:00 GMT",Unknown,Trump cautions Iran against charging tolls to go through Strait of Hormuz as fragile ceasefire holds,0.0,Neutral
"Fri, 10 Apr 2026 07:00:00 GMT",Unknown,"'That is not the agreement we have,' Trump calls out Iran over Strait of Hormuz interference",0.0,Neutral
"Fri, 10 Apr 2026 07:00:00 GMT",Unknown,Trump says US will have Strait of Hormuz 'open fairly soon',0.35,Positive
"Fri, 10 Apr 2026 07:00:00 GMT",Unknown,Strait of Hormuz traffic slow despite ceasefire and design flaw raises re-entry risk for Artemis II: Morning Rundown,-0.3,Negative
"Fri, 10 Apr 2026 07:00:00 GMT",Unknown,Hormuz choke point persists as Iran halts oil traffic despite Trump ceasefire,0.0,Neutral
"Thu, 09 Apr 2026 07:00:00 GMT",Unknown,"First, Iran and Hormuz, second, China and Taiwan? The dangerous implications of a tollbooth on the open sea",-0.09,Neutral
"Fri, 10 Apr 2026 07:00:00 GMT",Unknown,"Iran delegates arrive in Islamabad for talks with U.S., as ceasefire terms remain in dispute",0.0,Neutral
"Fri, 10 Apr 2026 07:00:00 GMT",Unknown,"Iran Unable to Find Mines It Planted in Strait of Hormuz, U.S. Says",-0.29,Negative
"Fri, 10 Apr 2026 07:00:00 GMT",Unknown,Trump: Iran ‘better not be’ charging tolls in Strait of Hormuz,0.5,Positive
"Fri, 10 Apr 2026 07:00:00 GMT",Unknown,"Inflation rises in US amid Hormuz blockade, consumer sentiment plunges",0.0,Neutral
"Fri, 10 Apr 2026 07:00:00 GMT",Unknown,UK's Starmer and Trump discussed military options for Strait of Hormuz,-0.1,Neutral
"Fri, 10 Apr 2026 07:00:00 GMT",Unknown,Iran is demanding tankers in the Strait of Hormuz pay tolls in crypto: What we know so far,0.1,Neutral
"Fri, 10 Apr 2026 07:00:00 GMT",Unknown,The Strait of Hormuz: A Recurrent Flashpoint in Global Power Rivalries,0.0,Neutral
"Fri, 10 Apr 2026 07:00:00 GMT",Unknown,Trump says Iran's handling of Strait of Hormuz is 'not the agreement we have',0.0,Neutral
"Fri, 10 Apr 2026 07:00:00 GMT",Unknown,Tankers urged not to pay fee to Iran to use Strait of Hormuz,0.0,Neutral
"Fri, 10 Apr 2026 07:00:00 GMT",Unknown,Few Ships Are Passing Through the Strait of Hormuz. Why Traffic Is Still Blocked.,-0.2,Neutral
"Fri, 10 Apr 2026 07:00:00 GMT",Unknown,"Strait of Hormuz falls outside NATO's remit, Spain says after Trump's ultimatum",0.0,Neutral
"Fri, 10 Apr 2026 07:00:00 GMT",Unknown,Trump warns Iran on Hormuz tolls as frozen traffic spurs Japan to release more oil,0.5,Positive
"Fri, 10 Apr 2026 07:00:00 GMT",Unknown,Trump demanded a 'complete' reopening of the Strait of Hormuz. Here's where things actually stand.,0.05,Neutral
"Fri, 10 Apr 2026 07:00:00 GMT",Unknown,“New Phase” for Strait of Hormuz: Mojtaba Khamenei’s First Message Points at Hardline Shift,0.19,Neutral
"Fri, 10 Apr 2026 07:00:00 GMT",Unknown,Trump issues NATO ultimatum to reopen Strait of Hormuz 'within days',0.0,Neutral
"Fri, 10 Apr 2026 07:00:00 GMT",Unknown,A look at the sea mines Iran claims are in the Strait of Hormuz,0.0,Neutral
"Thu, 09 Apr 2026 07:00:00 GMT",Unknown,Singapore’s refusal to negotiate over Hormuz creates waves in Malaysia,0.0,Neutral
"Thu, 09 Apr 2026 07:00:00 GMT",Unknown,"Iran's Approval, 15 Ships A Day: Strait Of Hormuz Opening Comes With Caveats",0.0,Neutral
"Thu, 09 Apr 2026 07:00:00 GMT",Unknown,Iranian media claims Strait of Hormuz is closed again; maritime data shows oil tanker has been turned away,-0.1,Neutral
"Thu, 09 Apr 2026 07:00:00 GMT",Unknown,Can Iran tax ships passing through Hormuz? Experts weigh in,0.0,Neutral
"Fri, 10 Apr 2026 07:00:00 GMT",Unknown,"Strait of Hormuz traffic still a trickle despite ceasefire, no new attacks",-0.07,Neutral
"Fri, 10 Apr 2026 07:00:00 GMT",Unknown,Why US-Iran ceasefire has not led to Hormuz reopening,0.0,Neutral
"Thu, 09 Apr 2026 07:00:00 GMT",Unknown,Iran announces alternative routes for ships travelling through Strait of Hormuz as West Asia crisis escalates,0.0,Neutral
"Thu, 09 Apr 2026 07:00:00 GMT",Unknown,Trump issues new threat to Iran as ‘fragile’ ceasefire tested by Israeli strikes,0.07,Neutral
"Thu, 09 Apr 2026 07:00:00 GMT",Unknown,"Iran shuts Strait of Hormuz, threatens to withdraw from peace talks",0.0,Neutral
"Thu, 09 Apr 2026 07:00:00 GMT",Unknown,"New Hormuz toll fee? A 'beautiful thing’, says Trump — could change global rules",0.33,Positive
"Thu, 09 Apr 2026 07:00:00 GMT",Unknown,'No strings attached': UAE minister calls for Strait of Hormuz to be opened unconditionally,0.0,Neutral
"Thu, 09 Apr 2026 07:00:00 GMT",Unknown,"Strait of Hormuz ship traffic remains at standstill despite Iran, US and Israel ceasefire",0.0,Neutral
"Fri, 10 Apr 2026 07:00:00 GMT",Unknown,Middle East producers prepare for oil export resumption via Hormuz: sources,0.0,Neutral
"Thu, 09 Apr 2026 07:00:00 GMT",Unknown,Iran clamping down in Strait of Hormuz amid tenuous ceasefire,-0.16,Neutral
"Fri, 10 Apr 2026 07:00:00 GMT",Unknown,[UPDATED] Anwar: Singapore's stance on Strait of Hormuz is its prerogative,0.0,Neutral
"Thu, 09 Apr 2026 07:00:00 GMT",Unknown,"Iran War: Pakistan’s mistake caused ceasefire confusion, led to new Israeli attacks, Hormuz closure? | Videos",0.14,Neutral
"Sat, 11 Apr 2026 07:00:00 GMT",Unknown,UPDATED: Two U.S. Warships Sail Through Strait of Hormuz to Establish New Route for Merchant Ships,0.14,Neutral
"Sat, 11 Apr 2026 07:00:00 GMT",Unknown,Navy to use underwater drones to help clear Iranian mines from Strait of Hormuz,0.1,Neutral
"Sat, 11 Apr 2026 07:00:00 GMT",Unknown,Three oil supertankers sail through the Strait of Hormuz,0.0,Neutral
"Fri, 10 Apr 2026 17:44:15 GMT",Unknown,A Deal that Allows Iran Any Control of the Strait of Hormuz Is a Terrible Idea | Proceedings,-1.0,Negative
"Sat, 11 Apr 2026 07:00:00 GMT",Unknown,US says two naval ships ‘transited’ Strait of Hormuz for mine-clearing,0.0,Neutral
"Sat, 11 Apr 2026 07:00:00 GMT",Unknown,Tankers exit Gulf via Strait of Hormuz as US-Iran talks begin,0.0,Neutral
"Sat, 11 Apr 2026 07:00:00 GMT",Unknown,We need a regional agreement for the Strait of Hormuz,0.0,Neutral
"Sat, 11 Apr 2026 07:00:00 GMT",Unknown,"Trump says Strait of Hormuz to reopen ‘soon’ as US, Iran head to talks",0.0,Neutral
"Sat, 11 Apr 2026 07:00:00 GMT",Unknown,"US military begins clearing Strait of Hormuz, Trump says",-0.1,Neutral
"Sat, 11 Apr 2026 07:00:00 GMT",Unknown,What’s happening at the Strait of Hormuz,0.0,Neutral
"Sat, 11 Apr 2026 07:00:00 GMT",Unknown,"U.S. naval destroyers have crossed the Strait of Hormuz, CENTCOM says",0.0,Neutral
"Sat, 11 Apr 2026 07:00:00 GMT",Unknown,Three Oil Supertankers Sail Through the Strait of Hormuz,0.0,Neutral
"Sat, 11 Apr 2026 07:00:00 GMT",Unknown,US military starts removing mines from Strait of Hormuz,-0.1,Neutral
"Sat, 11 Apr 2026 07:00:00 GMT",Unknown,US says warships passed Hormuz amid ongoing talks with Iran,0.0,Neutral
"Sat, 11 Apr 2026 07:00:00 GMT",Unknown,Navy tests Hormuz blockade as expert says U.S. military prepares for round 2 against Iran,-0.15,Neutral
"Sat, 11 Apr 2026 07:00:00 GMT",Unknown,Facts about Strait of Hormuz since ceasefire,0.0,Neutral
"Sat, 11 Apr 2026 07:00:00 GMT",Unknown,"US officials claim Iran unable to find mines it laid in strait of Hormuz, report says",-0.5,Negative
"Sat, 11 Apr 2026 07:00:00 GMT",Unknown,US military says two of its ships crossed through Strait of Hormuz,-0.1,Neutral
"Sat, 11 Apr 2026 07:00:00 GMT",Unknown,Has Iran lost the location of its mines in the Strait of Hormuz?,0.0,Neutral
"Sat, 11 Apr 2026 07:00:00 GMT",Unknown,"Former general urges Trump to call Xi over Iran, Strait of Hormuz",0.03,Neutral
"Sat, 11 Apr 2026 07:00:00 GMT",Unknown,'This is the last warning.' Iran threatens U.S. warships after they throw down the gauntlet for winner-take-all Strait of Hormuz,-0.08,Neutral
"Sat, 11 Apr 2026 07:00:00 GMT",Unknown,US 'clearing out' Strait of Hormuz after Iran threatens to attack ships,0.0,Neutral
"Sat, 11 Apr 2026 07:00:00 GMT",Unknown,US military 'setting conditions' to clear mines from Strait of Hormuz,0.0,Neutral
"Sat, 11 Apr 2026 07:00:00 GMT",Unknown,Peace talks fail after U.S. warships launch risky Strait of Hormuz action,-0.2,Neutral
"Fri, 10 Apr 2026 22:29:49 GMT",Unknown,Iran-Linked Ships Drive Traffic Through Strait of Hormuz– Ship Tracking Data Shows,0.0,Neutral
"Sat, 11 Apr 2026 07:00:00 GMT",Unknown,Trump says US has begun clearing Strait of Hormuz,0.0,Neutral
"Sat, 11 Apr 2026 07:00:00 GMT",Unknown,"US Claims 2 Warships Crossed Hormuz For Mine Clearance Op, Iran Denies",0.0,Neutral
"Sat, 11 Apr 2026 07:00:00 GMT",Unknown,'I was fishing in Strait of Hormuz when war broke out',0.0,Neutral
"Sun, 12 Apr 2026 07:00:00 GMT",Unknown,Trump says U.S. Navy will blockade Strait of Hormuz after ceasefire talks end without agreement,0.0,Neutral
"Sun, 12 Apr 2026 07:00:00 GMT",Unknown,Trump says U.S. will blockade Strait of Hormuz after Iran peace talks fail,-0.5,Negative
"Sun, 12 Apr 2026 07:00:00 GMT",Unknown,"US Navy to blockade Strait of Hormuz ‘effective immediately,’ Trump says",0.37,Positive
"Sun, 12 Apr 2026 07:00:00 GMT",Unknown,Strait of Hormuz blockade explained: why is Trump threatening to block Iranian ports and how would it work?,0.0,Neutral
"Sun, 12 Apr 2026 07:00:00 GMT",Unknown,‘Blown to hell’: Trump orders Hormuz blockade after US-Iran peace talks end,0.0,Neutral
"Sun, 12 Apr 2026 07:00:00 GMT",Unknown,Trump claims U.S. will close Strait of Hormuz after Iran peace talks collapse,0.0,Neutral
"Sun, 12 Apr 2026 07:00:00 GMT",Unknown,Would a US blockade of the Strait of Hormuz be legal?,0.2,Neutral
"Sun, 12 Apr 2026 07:00:00 GMT",Unknown,Trump announces Strait of Hormuz blockade after Iran talks collapse,0.0,Neutral
"Sun, 12 Apr 2026 07:00:00 GMT",Unknown,Trump Says U.S. Will Blockade Strait of Hormuz After Iran Peace Talks Fail,-0.5,Negative
"Sun, 12 Apr 2026 07:00:00 GMT",Unknown,Iran navy chief calls Trump’s threat to blockade Hormuz Strait ‘ridiculous’,-0.33,Negative
"Sun, 12 Apr 2026 07:00:00 GMT",Unknown,Trump says US will blockade strait of Hormuz after Iran peace talks fail,-0.5,Negative
"Sun, 12 Apr 2026 07:00:00 GMT",Unknown,"Iran must not charge tolls in Strait of Hormuz, UN maritime chief says",0.0,Neutral
"Sun, 12 Apr 2026 07:00:00 GMT",Unknown,Oil tankers U-turn in Hormuz as U.S.-Iran talks break down,-0.16,Neutral
"Sun, 12 Apr 2026 07:00:00 GMT",Unknown,Fresh Thinking for the Strait of Hormuz: the Plan Emerges,0.3,Positive
"Sun, 12 Apr 2026 07:00:00 GMT",Unknown,US to control traffic at Strait of Hormuz,0.0,Neutral
"Sun, 12 Apr 2026 07:00:00 GMT",Unknown,Control of the Strait of Hormuz and Iran’s Uranium Stockpiles Were Sticking Points,0.14,Neutral
"Sun, 12 Apr 2026 07:00:00 GMT",Unknown,Trump's Strait of Hormuz blockade threat raises risks and leaves predicaments unchanged,0.0,Neutral
"Sun, 12 Apr 2026 07:00:00 GMT",Unknown,Why Trump is threatening to blockade a strait that Iran is already blockading | CNN Business,0.0,Neutral
"Sun, 12 Apr 2026 07:00:00 GMT",Unknown,"Here’s how a U.S. naval blockade of the Strait of Hormuz could work. ‘This is a big task, and it’s a big gamble’",0.0,Neutral
"Sun, 12 Apr 2026 07:00:00 GMT",Unknown,"Deadlock on Strait of Hormuz and Iran’s nuclear stockpile led to impasse, officials say",0.0,Neutral
"Sun, 12 Apr 2026 07:00:00 GMT",Unknown,Trump says U.S. will blockade Strait of Hormuz and intercept ships that paid tolls to Iran,0.0,Neutral
"Sun, 12 Apr 2026 07:00:00 GMT",Unknown,Why reopening the Strait of Hormuz won’t be enough to solve shipping woes and high oil prices,0.08,Neutral
"Sun, 12 Apr 2026 07:00:00 GMT",Unknown,CNBC Daily Open: Trump goes from opening the Strait of Hormuz to blockading it,0.0,Neutral
"Sun, 12 Apr 2026 07:00:00 GMT",Unknown,Trump announces Navy blockade in Strait of Hormuz after Iran talks fizzle,0.0,Neutral
"Sun, 12 Apr 2026 07:00:00 GMT",Unknown,Oil Tankers U-Turn in Hormuz as US-Iran Talks Break Down,-0.16,Neutral
"Sun, 12 Apr 2026 07:00:00 GMT",Unknown,Timeline of Trump’s escalating deadlines on Iran and the Strait of Hormuz,0.0,Neutral
"Sun, 12 Apr 2026 07:00:00 GMT",Unknown,News Analysis: Trump’s Strait of Hormuz blockade risks clash with China,0.0,Neutral
"Sat, 11 Apr 2026 07:00:00 GMT",Unknown,"Iran unable to find mines in Strait of Hormuz, U.S. says",-0.5,Negative
"Sun, 12 Apr 2026 07:00:00 GMT",Unknown,The U.S. Sank One of Iran’s Navies. The Other Still Controls Hormuz.,-0.12,Neutral
"Sun, 12 Apr 2026 07:00:00 GMT",Unknown,US military says to begin naval blockade of Strait of Hormuz after failed talks over Iran war,-0.3,Negative
"Sun, 12 Apr 2026 07:00:00 GMT",Unknown,US warships test Hormuz passage as mine risks loom,0.0,Neutral
"Sun, 12 Apr 2026 07:00:00 GMT",Unknown,US Navy blockade of Strait of Hormuz will start Monday,0.0,Neutral
"Sun, 12 Apr 2026 07:00:00 GMT",Unknown,ADNOC CEO says Strait of Hormuz not Iran’s to control,0.0,Neutral
"Sun, 12 Apr 2026 07:00:00 GMT",Unknown,Three Gulf bound tankers abort Strait of Hormuz transits,0.0,Neutral
"Sun, 12 Apr 2026 07:00:00 GMT",Unknown,"Navy Enters Hormuz, Exits After Destroying Drone, U.S. Officials Say",-0.09,Neutral
"Sun, 12 Apr 2026 07:00:00 GMT",Unknown,U.S. says Strait of Hormuz blockade will start Monday after Iran peace talks stumble,-0.05,Neutral
"Sun, 12 Apr 2026 07:00:00 GMT",Unknown,Iran denies US warships crossed Strait of Hormuz,0.0,Neutral
"Sun, 12 Apr 2026 07:00:00 GMT",Unknown,Trump says US Navy will blockade Hormuz after stalled Iran talks,0.0,Neutral
"Sun, 12 Apr 2026 07:00:00 GMT",Unknown,Trump orders blockade of Hormuz Strait,0.0,Neutral
"Sun, 12 Apr 2026 07:00:00 GMT",Unknown,The US will cut off the Strait of Hormuz. Here's what the blockade means,0.0,Neutral
"Sun, 12 Apr 2026 07:00:00 GMT",Unknown,Trump orders US naval blockade of Strait of Hormuz,0.0,Neutral
"Sun, 12 Apr 2026 07:00:00 GMT",Unknown,How Would a Blockade of the Strait of Hormuz Work? Here Are Some Possibilities.,0.14,Neutral
"Sun, 12 Apr 2026 07:00:00 GMT",Unknown,"US to intercept ships in international waters that paid Iran a toll, Trump says",0.0,Neutral
"Sun, 12 Apr 2026 07:00:00 GMT",Unknown,Trump's strait blockade has two immediate implications for the world and China,0.0,Neutral
"Sun, 12 Apr 2026 07:00:00 GMT",Unknown,Iran briefing with Matthew Doran: Iran and US not playing same game in round 1 of peace talks,-0.17,Neutral
"Sun, 12 Apr 2026 07:00:00 GMT",Unknown,Why and how is US blockading Iranian ports in Strait of Hormuz?,0.0,Neutral
"Sun, 12 Apr 2026 07:00:00 GMT",Unknown,Military ships going to Hormuz a ceasefire breach,-0.1,Neutral
"Sun, 12 Apr 2026 07:00:00 GMT",Unknown,US ships enter Strait of Hormuz to clear mines as talks begin,0.1,Neutral
"Sun, 12 Apr 2026 07:00:00 GMT",Unknown,"US to 'immediately' block Strait of Hormuz, ready to 'finish up' Iran",0.2,Neutral
"Sun, 12 Apr 2026 07:00:00 GMT",Unknown,"UK Won’t Join US Hormuz Blockade, Coordinates With France To Protect Freedom Of Navigation",0.0,Neutral
"Mon, 13 Apr 2026 07:00:00 GMT",Unknown,The Easy Win That Could Help Unlock the Strait of Hormuz,0.47,Positive
"Mon, 13 Apr 2026 07:00:00 GMT",Unknown,Shipping Companies Remain Reluctant to Sail Through Strait of Hormuz,0.14,Neutral
"Mon, 13 Apr 2026 07:00:00 GMT",Unknown,FAO: Protracted Strait of Hormuz crisis could turn into global agrifood catastrophe,0.0,Neutral
"Mon, 13 Apr 2026 07:00:00 GMT",Unknown,How a US blockade near the Strait of Hormuz could work and the impact ahead for the global economy,0.05,Neutral
"Mon, 13 Apr 2026 07:00:00 GMT",Unknown,What to know about Trump's Iran blockade and the Strait of Hormuz,0.0,Neutral
"Mon, 13 Apr 2026 07:00:00 GMT",Unknown,"The Strait of Hormuz, shipping, and law",0.0,Neutral
"Mon, 13 Apr 2026 07:00:00 GMT",Unknown,Strait of Hormuz blockade: the complex regional realities the US ignores at its peril,-0.3,Negative
"Mon, 13 Apr 2026 07:00:00 GMT",Unknown,Iran Needs the Strait of Hormuz More Than Anyone,0.5,Positive
"Mon, 13 Apr 2026 07:00:00 GMT",Unknown,U.S. will begin blockading ships in Strait of Hormuz on Monday after Iran talks yield no deal,0.0,Neutral
"Mon, 13 Apr 2026 07:00:00 GMT",Unknown,U.S. Forces Start Mine Clearance Mission in Strait of Hormuz,0.0,Neutral
"Mon, 13 Apr 2026 07:00:00 GMT",Unknown,Energy shock 2.0: Lessons from 2022 for the Hormuz crisis,0.0,Neutral
"Mon, 13 Apr 2026 07:00:00 GMT",Unknown,United States Blockades Strait of Hormuz After U.S.-Iran Talks,-0.12,Neutral
"Mon, 13 Apr 2026 07:00:00 GMT",Unknown,What will the UK’s role be in the strait of Hormuz when the Iran war ends?,0.0,Neutral
"Mon, 13 Apr 2026 07:00:00 GMT",Unknown,U.S. begins blockade in Strait of Hormuz; Trump warns Iran 'attack ships' to stay away,0.0,Neutral
"Mon, 13 Apr 2026 07:00:00 GMT",Unknown,MIDDLE EAST LIVE 13 April: US-Iran talks falter; Strait of Hormuz uncertainty deepens,0.07,Neutral
"Mon, 13 Apr 2026 07:00:00 GMT",Unknown,‘Clock is ticking’: Hormuz disruption raises fears of global food crisis,0.0,Neutral
"Mon, 13 Apr 2026 07:00:00 GMT",Unknown,Trump says 34 ships passed through Strait of Hormuz on Sunday,0.0,Neutral
"Mon, 13 Apr 2026 07:00:00 GMT",Unknown,U.S. begins Strait of Hormuz naval blockade after Iran peace talks fail,-0.5,Negative
"Sun, 12 Apr 2026 07:00:00 GMT",Unknown,Oil tankers exit Strait of Hormuz amid fragile US-Iran ceasefire,0.0,Neutral
"Mon, 13 Apr 2026 07:00:00 GMT",Unknown,Iran wants $2M per ship through Strait of Hormuz as Trump floats a 'joint venture.' What it could mean for gas prices,-0.06,Neutral
"Mon, 13 Apr 2026 07:00:00 GMT",Unknown,Iran denies charging toll for Indian tankers transiting Hormuz strait,0.0,Neutral
"Mon, 13 Apr 2026 07:00:00 GMT",Unknown,Will the Naval Blockade of Hormuz Work?,0.0,Neutral
"Mon, 13 Apr 2026 07:00:00 GMT",Unknown,"China says Strait of Hormuz blockade against global interests, urges restraint",0.0,Neutral
"Mon, 13 Apr 2026 07:00:00 GMT",Unknown,Hormuz blockade could deepen world’s worst energy crisis — and risk a dangerous misstep,-0.8,Negative
"Mon, 13 Apr 2026 07:00:00 GMT",Unknown,Trump’s Strait of Hormuz blockade risks new costs for the global economy,0.07,Neutral
"Mon, 13 Apr 2026 07:00:00 GMT",Unknown,Oil tankers steer clear of Hormuz ahead of US blockade,0.1,Neutral
"Mon, 13 Apr 2026 07:00:00 GMT",Unknown,Iran’s army says US plan to blockade Hormuz ‘amounts to piracy’,0.0,Neutral
"Mon, 13 Apr 2026 07:00:00 GMT",Unknown,What do we know about sea mines in and around the Strait of Hormuz?,0.0,Neutral
"Mon, 13 Apr 2026 07:00:00 GMT",Unknown,Three Tankers Attempt Hormuz Transit After US Flags Blockade,0.0,Neutral
"Mon, 13 Apr 2026 07:00:00 GMT",Unknown,"Vance says 'the ball is in Iran's court' to move peace talks further, as U.S. blockade takes effect",0.0,Neutral
"Mon, 13 Apr 2026 07:00:00 GMT",Unknown,"US to begin enforcing maritime blockade in Strait of Hormuz on Monday, Trump confirms",0.0,Neutral
"Mon, 13 Apr 2026 07:00:00 GMT",Unknown,The Hormuz Blockade Is a Throwdown the US Can't Win,0.8,Positive
"Mon, 13 Apr 2026 07:00:00 GMT",Unknown,Trump orders blockade of Hormuz Strait after Iran talks fail to reach deal,-0.5,Negative
"Mon, 13 Apr 2026 07:00:00 GMT",Unknown,Saudi Arabia Is Pressing U.S. to Drop Its Naval Blockade,0.0,Neutral
"Mon, 13 Apr 2026 07:00:00 GMT",Unknown,U.S. Threat to Blockade Hormuz Sets Up Risky New Showdown,0.14,Neutral
"Mon, 13 Apr 2026 07:00:00 GMT",Unknown,"To Open the Strait of Hormuz, Trump Wants to Blockade Iran. Experts Are Skeptical.",-0.07,Neutral
"Mon, 13 Apr 2026 07:00:00 GMT",Unknown,"US to blockade Iranian ports, risking wider war over Strait of Hormuz",0.0,Neutral
"Mon, 13 Apr 2026 07:00:00 GMT",Unknown,Trump's threat to blockade Strait of Hormuz leaves more questions than answers,0.5,Positive
"Mon, 13 Apr 2026 07:00:00 GMT",Unknown,Oil supply crunch intensifies as last Hormuz tankers reach refineries,0.0,Neutral
"Mon, 13 Apr 2026 07:00:00 GMT",Unknown,Japan ‘closely monitoring’ U.S. plans to blockade Strait of Hormuz,0.0,Neutral
"Mon, 13 Apr 2026 07:00:00 GMT",Unknown,UN urges ‘all parties’ to respect navigation in Strait of Hormuz,0.0,Neutral
"Mon, 13 Apr 2026 07:00:00 GMT",Unknown,Analysis | Now it’s Trump blocking the Strait of Hormuz?,0.0,Neutral
"Mon, 13 Apr 2026 07:00:00 GMT",Unknown,Sailor records tense exchange between the US and Iran in the Strait of Hormuz,-0.22,Negative
"Mon, 13 Apr 2026 07:00:00 GMT",Unknown,Oil Price Slides Below $100 as China Defies US Hormuz Blockade,0.0,Neutral
"Mon, 13 Apr 2026 07:00:00 GMT",Unknown,Energy prices surge as Trump orders naval blockade of Strait of Hormuz,0.0,Neutral
"Mon, 13 Apr 2026 07:00:00 GMT",Unknown,The 'dangerous dance' of duelling blockades in Strait of Hormuz,-0.6,Negative
"Mon, 13 Apr 2026 07:00:00 GMT",Unknown,NATO allies refuse to join Trump's Strait of Hormuz blockade,0.0,Neutral
"Mon, 13 Apr 2026 07:00:00 GMT",Unknown,Is it realistic for the US Navy to counter-block Iran’s Hormuz Strait blockade?,0.17,Neutral
"Mon, 13 Apr 2026 07:00:00 GMT",Unknown,Why the Strait of Hormuz blockade hasn't tanked markets — yet,0.0,Neutral
"Mon, 13 Apr 2026 07:00:00 GMT",Unknown,Is tolheffing door Iran in de Straat van Hormuz geoorloofd?,0.0,Neutral
"Mon, 13 Apr 2026 07:00:00 GMT",Unknown,"China urges restraint over US blockade of Strait of Hormuz, backs talks",0.0,Neutral
"Mon, 13 Apr 2026 07:00:00 GMT",Unknown,Oil tankers steer clear of Hormuz ahead of US blockade following failed peace talks with Iran,-0.13,Neutral
"Mon, 13 Apr 2026 07:00:00 GMT",Unknown,Why the U.S. is blockading the Strait of Hormuz and NATO doesn’t want in,0.0,Neutral
"Tue, 14 Apr 2026 07:00:00 GMT",Unknown,15 charts that explain why the Strait of Hormuz shutdown matters for the global economy,0.0,Neutral
"Tue, 14 Apr 2026 07:00:00 GMT",Unknown,FPRI Experts React | The US Blockade of the Strait of Hormuz,-0.12,Neutral
"Tue, 14 Apr 2026 07:00:00 GMT",Unknown,How many ships have passed the Strait of Hormuz and how many were attacked?,0.5,Positive
"Tue, 14 Apr 2026 07:00:00 GMT",Unknown,Strait of Hormuz: Why the US and Iran are sailing in very different legal waters,0.1,Neutral
"Tue, 14 Apr 2026 07:00:00 GMT",Unknown,The easy win that could help unlock the Strait of Hormuz,0.49,Positive
"Tue, 14 Apr 2026 07:00:00 GMT",Unknown,Strait of Hormuz Traffic Down As U.S. Blockade Appears to Deter Some Ships,-0.16,Neutral
"Tue, 14 Apr 2026 07:00:00 GMT",Unknown,Why the $100 billion Hormuz toll revenue is a myth,0.0,Neutral
"Tue, 14 Apr 2026 07:00:00 GMT",Unknown,Coercing Iran: Why Trump’s Hormuz Blockade Has a Short Fuse,-0.04,Neutral
"Tue, 14 Apr 2026 07:00:00 GMT",Unknown,Sanctioned tankers transit Strait of Hormuz amid US blockade,0.0,Neutral
"Tue, 14 Apr 2026 07:00:00 GMT",Unknown,"How geography powers Iran’s grip on the Strait of Hormuz, despite U.S. blockade",0.0,Neutral
"Tue, 14 Apr 2026 07:00:00 GMT",Unknown,Iran war: US blockade of Hormuz tests China's restraint,0.0,Neutral
"Tue, 14 Apr 2026 07:00:00 GMT",Unknown,US naval blockade of Strait of Hormuz: what it involves and the risks attached,0.0,Neutral
"Mon, 13 Apr 2026 07:00:00 GMT",Unknown,Trump orders naval blockade of Strait of Hormuz after failed US-Iran talks,-0.5,Negative
"Tue, 14 Apr 2026 07:00:00 GMT",Unknown,Who controls the Strait of Hormuz?,0.0,Neutral
"Tue, 14 Apr 2026 07:00:00 GMT",Unknown,Ship ‘Spoofing’ in Strait of Hormuz May Compound Confusion,0.14,Neutral
"Tue, 14 Apr 2026 07:00:00 GMT",Unknown,"U.S. Hormuz blockade hits India just as Russian oil purchase waiver expires, deepening energy worries",0.0,Neutral
"Tue, 14 Apr 2026 07:00:00 GMT",Unknown,Iran Weighs Pausing Hormuz Shipping to Avoid Derailing Talks,0.0,Neutral
"Tue, 14 Apr 2026 07:00:00 GMT",Unknown,How the U.S. Navy Is Blockading the Strait of Hormuz to Choke Off Iran’s Ports,0.0,Neutral
"Tue, 14 Apr 2026 07:00:00 GMT",Unknown,"'The Strait of Hormuz crisis shows that the seas are no longer spaces of freedom, but territories whose control comes at a price'",0.0,Neutral
"Tue, 14 Apr 2026 07:00:00 GMT",Unknown,Europe Works on Postwar Hormuz Shipping Plan—Sans U.S.,0.0,Neutral
"Tue, 14 Apr 2026 07:00:00 GMT",Unknown,Why is the US threatening to blockade the Strait of Hormuz – and how could it work?,0.0,Neutral
"Tue, 14 Apr 2026 07:00:00 GMT",Unknown,"Chinese tanker crosses Strait of Hormuz, testing Trump’s blockade",0.0,Neutral
"Tue, 14 Apr 2026 07:00:00 GMT",Unknown,China calls U.S. blockade of the Strait of Hormuz 'dangerous and irresponsible',-0.6,Negative
"Tue, 14 Apr 2026 07:00:00 GMT",Unknown,"Six ships turned around as part of Strait of Hormuz blockade, US military says",-0.1,Neutral
"Tue, 14 Apr 2026 07:00:00 GMT",Unknown,Chinese ship passes through the Strait of Hormuz despite blockade,0.0,Neutral
"Tue, 14 Apr 2026 07:00:00 GMT",Unknown,Saudi Arabia asks US to end Strait of Hormuz blockade,0.0,Neutral
"Tue, 14 Apr 2026 07:00:00 GMT",Unknown,US blockade on Iran ports along Strait of Hormuz is underway,0.0,Neutral
"Tue, 14 Apr 2026 07:00:00 GMT",Unknown,"China Criticizes U.S. Blockade Of Hormuz, Calls It ‘Dangerous And Irresponsible’",-0.6,Negative
"Tue, 14 Apr 2026 07:00:00 GMT",Unknown,Iran Proposes Suspending Nuclear Activity for Up to 5 Years,0.14,Neutral
"Tue, 14 Apr 2026 07:00:00 GMT",Unknown,What the Hormuz crisis reveals about Australia’s Indonesian sea lanes,0.0,Neutral
"Tue, 14 Apr 2026 07:00:00 GMT",Unknown,Strait of Hormuz blockade could turn into global agrifood crisis,0.0,Neutral
"Tue, 14 Apr 2026 07:00:00 GMT",Unknown,U.S. Blocks Iranian-Linked Ships From Sailing Through the Strait of Hormuz,0.14,Neutral
"Mon, 13 Apr 2026 07:00:00 GMT",Unknown,How would a US blockade of the Strait of Hormuz work? Here are some possibilities,0.0,Neutral
"Tue, 14 Apr 2026 07:00:00 GMT",Unknown,"US-sanctioned tankers pass Strait of Hormuz on first day of US blockade, data shows",0.25,Positive
"Tue, 14 Apr 2026 07:00:00 GMT",Unknown,US outlines Hormuz blockade as two ships turn back,0.0,Neutral
"Tue, 14 Apr 2026 07:00:00 GMT",Unknown,How Trump's Strait of Hormuz blockade is pulling China off the sidelines,0.0,Neutral
"Mon, 13 Apr 2026 07:00:00 GMT",Unknown,Deadline passes for U.S. to begin blockade of Strait of Hormuz for ships that use Iranian ports,0.0,Neutral
"Mon, 13 Apr 2026 07:00:00 GMT",Unknown,Three tankers attempt Hormuz transit after US flags blockade,0.0,Neutral
"Wed, 15 Apr 2026 07:00:00 GMT",Unknown,How many ships are crossing the Strait of Hormuz?,0.5,Positive
"Wed, 15 Apr 2026 07:00:00 GMT",Unknown,"For Iran, Hormuz Is More a Weakness Than a Weapon",0.29,Positive
"Wed, 15 Apr 2026 07:00:00 GMT",Unknown,Power Insider: The markets are obsessed with the Strait of Hormuz. Why it matters less than you think,-0.33,Negative
"Wed, 15 Apr 2026 07:00:00 GMT",Unknown,"Blockade completely halts Iran shipping, US military says. So why are some ships going through Strait of Hormuz?",0.0,Neutral
"Wed, 15 Apr 2026 07:00:00 GMT",Unknown,"Strait of Hormuz traffic barely affected on first day of US blockade, data shows",0.15,Neutral
"Wed, 15 Apr 2026 07:00:00 GMT",Unknown,Oman's special dilemma in the Strait of Hormuz,0.36,Positive
"Wed, 15 Apr 2026 07:00:00 GMT",Unknown,Passage Through Hormuz in a Time of War and Peace,0.0,Neutral
"Wed, 15 Apr 2026 07:00:00 GMT",Unknown,Iran has a powerful new tool in the Strait of Hormuz that it can leverage long after the war,0.13,Neutral
"Wed, 15 Apr 2026 07:00:00 GMT",Unknown,A few tankers and ships are going through the Strait of Hormuz. Here's the latest traffic,0.15,Neutral
"Wed, 15 Apr 2026 07:00:00 GMT",Unknown,Video: U.S. Blockade in Strait of Hormuz Appears to Hold,0.14,Neutral
"Wed, 15 Apr 2026 07:00:00 GMT",Unknown,US blockade of Strait of Hormuz ratchets up tensions with China ahead of Trump visit to Beijing,0.0,Neutral
"Wed, 15 Apr 2026 07:00:00 GMT",Unknown,Factbox-Oil tankers transiting Strait of Hormuz since start of Iran war,0.0,Neutral
"Wed, 15 Apr 2026 07:00:00 GMT",Unknown,"US military turns around 6 ships, ‘completely’ halts trade from Iran’s ports amid blockade",0.0,Neutral
"Wed, 15 Apr 2026 07:00:00 GMT",Unknown,Iran claims oil tanker transits Strait of Hormuz amid U.S. blockade on Iranian ports,0.0,Neutral
"Wed, 15 Apr 2026 07:00:00 GMT",Unknown,"World Bank president: Prepare for months of disruption, even after Hormuz Strait reopens",0.0,Neutral
"Wed, 15 Apr 2026 07:00:00 GMT",Unknown,"U.S. says Hormuz blockade 'fully implemented,' while signaling diplomatic off-ramp for Iran",0.0,Neutral
"Wed, 15 Apr 2026 07:00:00 GMT",Unknown,International Law in the Strait of Hormuz,0.0,Neutral
"Wed, 15 Apr 2026 07:00:00 GMT",Unknown,"Sanctioned China tanker turns back to Strait of Hormuz, day after Gulf exit",0.0,Neutral
"Wed, 15 Apr 2026 07:00:00 GMT",Unknown,Iran says Hormuz Strait to remain closed until US lifts blockade on its ports,-0.07,Neutral
"Wed, 15 Apr 2026 07:00:00 GMT",Unknown,Strait of Hormuz: Is the US blockade of Iran working?,0.0,Neutral
"Wed, 15 Apr 2026 07:00:00 GMT",Unknown,Why the Hormuz 'mission' led by France and the UK is largely symbolic,0.21,Positive
"Wed, 15 Apr 2026 07:00:00 GMT",Unknown,"China may survive Trump’s Hormuz blockade, but time is no longer on its side",0.0,Neutral
"Wed, 15 Apr 2026 07:00:00 GMT",Unknown,"In Trump's Post On Strait Of Hormuz, A ""China Very Happy"" Message",1.0,Positive
"Wed, 15 Apr 2026 07:00:00 GMT",Unknown,"Commentary: Why the right of passage through Strait of Hormuz matters to everyone, not just Singapore",0.29,Positive
"Thu, 16 Apr 2026 07:00:00 GMT",Unknown,The Strait of Hormuz crisis: Rewriting the future of AI,0.07,Neutral
"Thu, 16 Apr 2026 07:00:00 GMT",Unknown,"Will the Strait of Hormuz blockade lead to a diplomatic breakthrough, or more violence?",0.5,Positive
"Thu, 16 Apr 2026 07:00:00 GMT",Unknown,"With Hormuz Closed, China Is Wiring the Globe’s Clean Energy Future",0.06,Neutral
"Thu, 16 Apr 2026 07:00:00 GMT",Unknown,Middle East War’s Next Phase: Who Will Open the Strait of Hormuz? – Part I,0.0,Neutral
"Thu, 16 Apr 2026 07:00:00 GMT",Unknown,Can the US and Iran close off the Strait of Hormuz? What international law says.,0.0,Neutral
"Thu, 16 Apr 2026 07:00:00 GMT",Unknown,Why a U.S. blockade on Iran seems to be working,0.0,Neutral
"Thu, 16 Apr 2026 07:00:00 GMT",Unknown,Why no nation is truly ‘energy independent’ while the Strait of Hormuz remains closed,-0.05,Neutral
"Thu, 16 Apr 2026 07:00:00 GMT",Unknown,The Slow-Motion Battle for Hormuz,0.14,Neutral
"Thu, 16 Apr 2026 07:00:00 GMT",Unknown,MIDDLE EAST LIVE 16 April: UN meets over China-Russia Hormuz crisis veto as humanitarian crisis continues in Lebanon,0.07,Neutral
"Thu, 16 Apr 2026 07:00:00 GMT",Unknown,Explainer: Can Iran legally impose tolls on the Strait of Hormuz?,0.2,Neutral
"Thu, 16 Apr 2026 07:00:00 GMT",Unknown,U.S. Navy blockade of Iran enters fourth day. Here’s the latest tanker traffic in Strait of Hormuz,0.25,Positive
"Thu, 16 Apr 2026 07:00:00 GMT",Unknown,"EXCLUSIVE: Iran proposes letting ships exit safely through Oman side of Hormuz, source says",0.5,Positive
"Thu, 16 Apr 2026 07:00:00 GMT",Unknown,Why Trump’s Strait of Hormuz Blockade May Be a Gift to China,0.0,Neutral
"Thu, 16 Apr 2026 07:00:00 GMT",Unknown,3 things to know about naval blockades as the U.S. patrols the Strait of Hormuz,0.0,Neutral
"Thu, 16 Apr 2026 07:00:00 GMT",Unknown,"U.S. Navy stopped 13 ships from passing Iranian port blockade, Pentagon says",0.0,Neutral
"Thu, 16 Apr 2026 07:00:00 GMT",Unknown,The Blockheaded Thinking Behind Trump’s Plan for a Hormuz Blockade,-0.4,Negative
"Thu, 16 Apr 2026 07:00:00 GMT",Unknown,How the US could clear mines from the Strait of Hormuz,0.1,Neutral
"Thu, 16 Apr 2026 07:00:00 GMT",Unknown,What mines has Iran laid in the strait of Hormuz and how can the US remove them?,0.0,Neutral
"Thu, 16 Apr 2026 07:00:00 GMT",Unknown,"Iran proposes allowing ships to exit Oman side of Hormuz free of attack, source says",0.4,Positive
"Thu, 16 Apr 2026 07:00:00 GMT",Unknown,Iran leaders frustrated over failed Hormuz revenue plan,-0.48,Negative
"Thu, 16 Apr 2026 07:00:00 GMT",Unknown,China asks Iran to ensure freedom of navigation through Strait of Hormuz,0.0,Neutral
"Thu, 16 Apr 2026 07:00:00 GMT",Unknown,"US general clarifies Iranian ports under blockade, not Strait of Hormuz",0.05,Neutral
"Wed, 15 Apr 2026 07:58:23 GMT",Unknown,What is the Strait of Hormuz and why does it matter?,0.0,Neutral
"Thu, 16 Apr 2026 07:00:00 GMT",Unknown,"Day 48 of US-Israel War on Iran: Trump Casts Hormuz Opening as Permanent, Iran Says Conditional on Lebanon Ceasefire",0.0,Neutral
"Fri, 17 Apr 2026 07:00:00 GMT",Unknown,Iran reopens Strait of Hormuz as U.S. blockade remains,0.0,Neutral
"Fri, 17 Apr 2026 07:00:00 GMT",Unknown,Explainer: What is the Strait of Hormuz and why is it so critical to the world?,0.0,Neutral
"Fri, 17 Apr 2026 07:00:00 GMT",Unknown,The stunning underwater world that’s at risk as the Iran war drags on,0.5,Positive
"Fri, 17 Apr 2026 07:00:00 GMT",Unknown,"The Strait of Hormuz is ‘open,’ but the US blockade remains in place. Here’s what that means.",0.0,Neutral
"Fri, 17 Apr 2026 07:00:00 GMT",Unknown,Iran and White House say the Strait of Hormuz is ‘completely open.’ But it definitely isn’t—at least for now,-0.07,Neutral
"Fri, 17 Apr 2026 07:00:00 GMT",Unknown,"Strait of Hormuz reopening for commercial traffic, Trump and Iran say",0.0,Neutral
"Fri, 17 Apr 2026 07:00:00 GMT",Unknown,Global food security rests on the Strait of Hormuz,0.0,Neutral
"Fri, 17 Apr 2026 07:00:00 GMT",Unknown,Trump and Iran claim the Strait of Hormuz is 'completely open.' Here’s what we know,0.17,Neutral
"Fri, 17 Apr 2026 07:00:00 GMT",Unknown,World reacts to Strait of Hormuz reopening amid US-Iran conflict,0.0,Neutral
"Fri, 17 Apr 2026 07:00:00 GMT",Unknown,Video shows ships turning away from Strait of Hormuz as confusion persists over whether sea lane is really open,0.0,Neutral
"Fri, 17 Apr 2026 07:00:00 GMT",Unknown,The Strait of Hormuz opens for commercial ships but the U.S. blockade continues on Iran,0.0,Neutral
"Fri, 17 Apr 2026 07:00:00 GMT",Unknown,Iran foreign minister says Strait of Hormuz ‘completely open’,-0.06,Neutral
"Fri, 17 Apr 2026 07:00:00 GMT",Unknown,Iran declares Strait of Hormuz open to shipping but Trump says U.S. blockade still active,-0.07,Neutral
"Fri, 17 Apr 2026 07:00:00 GMT",Unknown,"Ships test Strait of Hormuz after opening, seek assurances on safety",0.0,Neutral
"Fri, 17 Apr 2026 07:00:00 GMT",Unknown,Iran has reopened the Strait of Hormuz—but experts say it now holds a card that works ‘almost like a nuclear deterrent’,0.0,Neutral
"Fri, 17 Apr 2026 07:00:00 GMT",Unknown,Macron and Starmer welcome news of Strait of Hormuz opening but say it must be permanent,0.8,Positive
"Fri, 17 Apr 2026 07:00:00 GMT",Unknown,How Hormuz Could Shape China’s Taiwan Strategy,0.0,Neutral
"Fri, 17 Apr 2026 07:00:00 GMT",Unknown,Iran says Strait of Hormuz will close again amid US blockade,0.0,Neutral
"Fri, 17 Apr 2026 07:00:00 GMT",Unknown,Macron and Starmer welcome Hormuz reopening and push for permanent navigation security,0.8,Positive
"Fri, 17 Apr 2026 07:00:00 GMT",Unknown,Iran says Strait of Hormuz is 'open' but tracking shows few ships moving,-0.1,Neutral
"Fri, 17 Apr 2026 07:00:00 GMT",Unknown,Only One Side Has Clearly Broken the Law In the Strait of Hormuz,-0.2,Neutral
"Fri, 17 Apr 2026 07:00:00 GMT",Unknown,"Ships defy the blockades in Hormuz with false identities, disabled transponders and spoofing",-0.24,Negative
"Fri, 17 Apr 2026 07:00:00 GMT",Unknown,Strait of Hormuz maritime navigation initiative.,0.0,Neutral
"Fri, 17 Apr 2026 07:00:00 GMT",Unknown,"Iran, US say Strait of Hormuz is fully open to commercial vessels",0.0,Neutral
"Fri, 17 Apr 2026 07:00:00 GMT",Unknown,US raises the stakes in the Strait of Hormuz,0.0,Neutral
"Fri, 17 Apr 2026 07:00:00 GMT",Unknown,Iran and US say the Strait of Hormuz is completely open,0.0,Neutral
"Fri, 17 Apr 2026 07:00:00 GMT",Unknown,"Ships crossing Hormuz need OK from IRGC, unfreezing funds part of deal, Iran official says",0.5,Positive
"Fri, 17 Apr 2026 07:00:00 GMT",Unknown,Israel-Lebanon ceasefire begins as Iran keeps Strait of Hormuz gridlocked,0.0,Neutral
"Fri, 17 Apr 2026 07:00:00 GMT",Unknown,Iran and U.S. Say the Strait of Hormuz Is Open but Concerns Linger,0.05,Neutral
"Fri, 17 Apr 2026 07:00:00 GMT",Unknown,Confusion over whether the Strait of Hormuz is open,0.0,Neutral
"Fri, 17 Apr 2026 07:00:00 GMT",Unknown,Iran Says Strait of Hormuz Is 'Completely Open' Despite Continued U.S. Blockade,-0.04,Neutral
"Fri, 17 Apr 2026 07:00:00 GMT",Unknown,Iran says Strait of Hormuz to reopen amid push to end war,0.0,Neutral
"Fri, 17 Apr 2026 07:00:00 GMT",Unknown,UK and France to lead defensive mission in Strait of Hormuz,0.0,Neutral
"Fri, 17 Apr 2026 07:00:00 GMT",Unknown,Crisis in the Strait of Hormuz. A Stress Test for Taiwan with Global Implications,0.0,Neutral
"Fri, 17 Apr 2026 07:00:00 GMT",Unknown,Iran announces the Strait of Hormuz is open,0.0,Neutral
"Fri, 17 Apr 2026 07:00:00 GMT",Unknown,We traveled into the Strait of Hormuz. Here's what we saw.,0.0,Neutral
"Fri, 17 Apr 2026 07:00:00 GMT",Unknown,Iran says it fully reopens Strait of Hormuz as Trump says blockade will ‘remain in force’,0.0,Neutral
"Fri, 17 Apr 2026 07:00:00 GMT",Unknown,Oil prices plunge on claims Strait of Hormuz is open,0.0,Neutral
"Fri, 17 Apr 2026 07:00:00 GMT",Unknown,Amos Hochstein on the Strait of Hormuz Opening and Where the War is Headed,0.0,Neutral
"Fri, 17 Apr 2026 07:00:00 GMT",Unknown,Europe-led coalition prepares mission to reopen Strait of Hormuz,0.0,Neutral
"Fri, 17 Apr 2026 07:00:00 GMT",Unknown,"Strait of Hormuz is fully open, Trump and Iranian foreign minister say",-0.06,Neutral
"Fri, 17 Apr 2026 07:00:00 GMT",Unknown,Oil prices plunge 11% after Iran says Strait of Hormuz is open for commercial vessels,0.0,Neutral
"Fri, 17 Apr 2026 07:00:00 GMT",Unknown,Shipping firms seek clarifications before crossing Hormuz,0.0,Neutral
"Fri, 17 Apr 2026 07:00:00 GMT",Unknown,Iran says strait of Hormuz ‘completely open’ but sounds warning on US blockade,0.0,Neutral
"Fri, 17 Apr 2026 07:00:00 GMT",Unknown,Macron and Starmer hold international summit on reopening the Strait of Hormuz,0.0,Neutral
"Fri, 17 Apr 2026 07:00:00 GMT",Unknown,"Iran reopens Strait of Hormuz, but says U.S. must end naval blockade",0.0,Neutral
"Fri, 17 Apr 2026 07:00:00 GMT",Unknown,"Strait of Hormuz Is Fully Open, Trump and Iran Announce",0.0,Neutral
"Fri, 17 Apr 2026 07:00:00 GMT",Unknown,"Iran threatens to close Hormuz again, if US blockade continues",0.0,Neutral
"Fri, 17 Apr 2026 07:00:00 GMT",Unknown,Why Iran cannot win by closing the Strait of Hormuz,0.8,Positive
"Fri, 17 Apr 2026 07:00:00 GMT",Unknown,Iran Says Hormuz Strait Now Completely Open For Commercial Ships,0.0,Neutral
"Fri, 17 Apr 2026 07:00:00 GMT",Unknown,Iranian state news outlet questions foreign minister’s ‘unexpected tweet’ on Hormuz Strait,-0.01,Neutral
"Fri, 17 Apr 2026 07:00:00 GMT",Unknown,"Over a dozen countries offer to play role in Hormuz mission, Starmer says",0.0,Neutral
"Fri, 17 Apr 2026 07:00:00 GMT",Unknown,Iran threatens to close Hormuz again if US blockade continues,0.0,Neutral
"Fri, 17 Apr 2026 07:00:00 GMT",Unknown,Iran's foreign minister says passage of vessels via Hormuz Strait is open during ceasefire,-0.06,Neutral
"Fri, 17 Apr 2026 07:00:00 GMT",Unknown,Tanker diplomacy: Trump faces tests from Havana to Hormuz,0.0,Neutral
"Fri, 17 Apr 2026 07:00:00 GMT",Unknown,Tankers and container ships u-turn at Strait of Hormuz,0.0,Neutral
"Fri, 17 Apr 2026 07:00:00 GMT",Unknown,Spoofed Tankers Are Flooding the Strait of Hormuz. These Analysts Are Tracking Them,0.0,Neutral
"Fri, 17 Apr 2026 07:00:00 GMT",Unknown,"US and Iran announce Strait of Hormuz open, Trump hints at wider deal",0.0,Neutral
"Fri, 17 Apr 2026 07:00:00 GMT",Unknown,Hormuz standoff shows no sign of letting up for shipping to resume,0.0,Neutral
"Fri, 17 Apr 2026 07:00:00 GMT",Unknown,Macron and Starmer host allies for summit on Hormuz maritime security,0.0,Neutral
"Fri, 17 Apr 2026 07:00:00 GMT",Unknown,Limited ship traffic near Hormuz as 14 vessels move through strait amid US blockade,0.01,Neutral
"Fri, 17 Apr 2026 07:00:00 GMT",Unknown,Oil prices plunge after Iran says Strait of Hormuz open for commercial shipping traffic,0.0,Neutral
"Fri, 17 Apr 2026 07:00:00 GMT",Unknown,Iran says it reopened Strait of Hormuz,0.0,Neutral
"Fri, 17 Apr 2026 07:00:00 GMT",Unknown,First cruise ship transits the Strait of Hormuz since Iran war began,0.25,Positive
"Fri, 17 Apr 2026 07:00:00 GMT",Unknown,Watch tanker and cargo ships fail to transit Strait of Hormuz after Iran declares it open,-0.25,Negative
"Fri, 17 Apr 2026 07:00:00 GMT",Unknown,Iran Declares Strait of Hormuz ‘Completely Open’—And Oil Prices Drop,0.0,Neutral
"Fri, 17 Apr 2026 07:00:00 GMT",Unknown,Oil prices drop over 10% after Iran declares the Strait of Hormuz 'completely open',0.0,Neutral
"Fri, 17 Apr 2026 07:00:00 GMT",Unknown,Iran declares Strait of Hormuz open to shipping,0.0,Neutral
"Fri, 17 Apr 2026 07:00:00 GMT",Unknown,First Crude Cargo Clears Hormuz Since U.S. Blockade Began,-0.32,Negative
"Fri, 17 Apr 2026 07:00:00 GMT",Unknown,"Amid blockade, U.S. destroyers shadow laden Iranian tankers",0.0,Neutral
"Fri, 17 Apr 2026 07:00:00 GMT",Unknown,"The price of passage: sanctions, cryptocurrency and legal exposure for businesses paying tolls in the Straits of Hormuz",0.2,Neutral
"Fri, 17 Apr 2026 07:00:00 GMT",Unknown,Iran announces opening of the Strait of Hormuz,0.0,Neutral
"Fri, 17 Apr 2026 07:00:00 GMT",Unknown,"Strait Of Hormuz ""Completely Open"" During Ceasefire: Iran's Big Announcement",0.0,Neutral
"Fri, 17 Apr 2026 07:00:00 GMT",Unknown,"Oil drops, stocks soar to wrap up a wild week. What just happened in markets? | CNN Business",0.1,Neutral
"Fri, 17 Apr 2026 07:00:00 GMT",Unknown,"Strait of Hormuz ‘completely open’ as Trump celebrates tumbling oil prices, rips into NATO as ‘Paper Tiger’",0.05,Neutral
"Fri, 17 Apr 2026 07:00:00 GMT",Unknown,"Exclusive: Trump says Strait of Hormuz fight is 'over,' calls it a 'victory'",0.0,Neutral
"Fri, 17 Apr 2026 07:00:00 GMT",Unknown,"Iran says Strait of Hormuz open, as Trump sees deal ‘soon’ to end war",0.0,Neutral
"Sat, 18 Apr 2026 07:00:00 GMT",Unknown,Iran fully closes Strait of Hormuz over US blockade and fires on ships,0.0,Neutral
"Sat, 18 Apr 2026 07:00:00 GMT",Unknown,Iran reasserts control of Hormuz Strait as Trump warns against ‘blackmail’,0.0,Neutral
"Sat, 18 Apr 2026 07:00:00 GMT",Unknown,"Strait of Hormuz closed again, Iran says, as ships attacked",-0.1,Neutral
"Sat, 18 Apr 2026 07:00:00 GMT",Unknown,"Iran says it has closed the Strait of Hormuz again, as ceasefire nears its end",-0.1,Neutral
"Sat, 18 Apr 2026 07:00:00 GMT",Unknown,Iran closes Strait of Hormuz again over US blockade of its ports,0.0,Neutral
"Sat, 18 Apr 2026 07:00:00 GMT",Unknown,Trump says Iran 'got a little cute' with Strait of Hormuz,0.16,Neutral
"Sat, 18 Apr 2026 07:00:00 GMT",Unknown,We took a boat into the Strait of Hormuz. Here's what we saw.,0.0,Neutral
"Sat, 18 Apr 2026 07:00:00 GMT",Unknown,Iran Reimposes Control of Strait of Hormuz and Fires on Tankers,0.0,Neutral
"Sat, 18 Apr 2026 07:00:00 GMT",Unknown,Iran restores ‘strict management’ of Hormuz Strait as US blockade persists,0.0,Neutral
"Sat, 18 Apr 2026 07:00:00 GMT",Unknown,"Iran reimposes 'strict control' over Strait of Hormuz, citing continued U.S. naval blockade",0.0,Neutral
"Sat, 18 Apr 2026 07:00:00 GMT",Unknown,How 24 hours of whiplash over the Strait of Hormuz unfolded,0.0,Neutral
"Sat, 18 Apr 2026 07:00:00 GMT",Unknown,"Hormuz domino effect: How the Middle East crisis affects food, flights and global supply chains",0.0,Neutral
"Sat, 18 Apr 2026 07:00:00 GMT",Unknown,"Iran closes Strait of Hormuz once again, fires on tankers",0.0,Neutral
"Sat, 18 Apr 2026 07:00:00 GMT",Unknown,Scoop: Trump convenes Iran situation room meeting amid renewed Hormuz crisis,0.0,Neutral
"Sat, 18 Apr 2026 07:00:00 GMT",Unknown,Iran closes strait of Hormuz again ‘until US lifts blockade’,0.0,Neutral
"Sat, 18 Apr 2026 07:00:00 GMT",Unknown,Iran closes Strait of Hormuz again over US blockade and fires on ships,0.0,Neutral
"Sat, 18 Apr 2026 07:00:00 GMT",Unknown,Iran says Strait of Hormuz is closed again as vessels attempting to cross come under fire,-0.05,Neutral
"Sat, 18 Apr 2026 07:00:00 GMT",Unknown,Why Trump’s Strait of Hormuz Plan Was Bound to Fail,-0.5,Negative
"Sat, 18 Apr 2026 07:00:00 GMT",Unknown,Iran closes Strait of Hormuz again over U.S. blockade and fires on ships,0.0,Neutral
"Sat, 18 Apr 2026 07:00:00 GMT",Unknown,"Iran reimposes restrictions on Strait of Hormuz, accusing US of violating deal to reopen it",0.0,Neutral
"Sat, 18 Apr 2026 07:00:00 GMT",Unknown,Oil prices plunge as Iran says Strait of Hormuz 'open' during ceasefire,0.0,Neutral
"Sat, 18 Apr 2026 07:00:00 GMT",Unknown,Europe looks to secure shipping in Strait of Hormuz,0.4,Positive
"Sat, 18 Apr 2026 07:00:00 GMT",Unknown,"Merchant vessels report gunfire as they attempt to cross Hormuz, shipping sources say",0.0,Neutral
"Sat, 18 Apr 2026 07:00:00 GMT",Unknown,"Some tankers cross Strait of Hormuz before shots fired, ship-tracking data shows",0.0,Neutral
"Sat, 18 Apr 2026 07:00:00 GMT",Unknown,Iran closes Strait of Hormuz a second time hours after opening,0.0,Neutral
"Sat, 18 Apr 2026 07:00:00 GMT",Unknown,Five Gulf-stranded cruise ships clear Strait of Hormuz,0.1,Neutral
"Sat, 18 Apr 2026 07:00:00 GMT",Unknown,"Iran tightens control of Strait of Hormuz, Trump warns against 'blackmail'",0.0,Neutral
"Sat, 18 Apr 2026 07:00:00 GMT",Unknown,Iran's closure of the Strait of Hormuz sparks 'tremendous interest' in alternative routes,0.33,Positive
"Sat, 18 Apr 2026 07:00:00 GMT",Unknown,Opinion | Passage through the Strait of Hormuz is a right in war and peace,0.29,Positive
"Sat, 18 Apr 2026 07:00:00 GMT",Unknown,Iran’s Hormuz whiplash highlights divided regime: ‘The fight between different factions has started’,0.0,Neutral
"Sat, 18 Apr 2026 07:00:00 GMT",Unknown,Tankers U-Turn in Persian Gulf as Iran Closes Hormuz Again,-0.7,Negative
"Sat, 18 Apr 2026 07:00:00 GMT",Unknown,Iran closes Strait of Hormuz again; 2 ships report attacks while trying to cross,0.0,Neutral
"Sat, 18 Apr 2026 07:00:00 GMT",Unknown,"As oil prices plunge below $91 after weeks, a new Hormuz crisis emerges",0.14,Neutral
"Sat, 18 Apr 2026 07:00:00 GMT",Unknown,"Iran fires on ships after closing Strait of Hormuz, with Trump warning against 'blackmail'",0.0,Neutral
"Sat, 18 Apr 2026 07:00:00 GMT",Unknown,Iran reimposes Strait of Hormuz restrictions as tensions with U.S. continue,0.0,Neutral
"Sat, 18 Apr 2026 07:00:00 GMT",Unknown,"Five loaded Qatari LNG vessels approach the Strait of Hormuz, ship-tracking data shows",0.0,Neutral
"Sat, 18 Apr 2026 07:00:00 GMT",Unknown,"Tanker fired on by Iran in Strait of Hormuz, container ship struck",0.0,Neutral
"Sun, 19 Apr 2026 07:00:00 GMT",Unknown,Oil prices spike again following latest standoff in the Strait of Hormuz,0.25,Positive
"Sun, 19 Apr 2026 07:00:00 GMT",Unknown,Iran doubles down on closing Strait of Hormuz as ceasefire nears expiration,-0.16,Neutral
"Sun, 19 Apr 2026 07:00:00 GMT",Unknown,Oil claws back losses as Strait of Hormuz is closed again,-0.05,Neutral
"Sun, 19 Apr 2026 07:00:00 GMT",Unknown,"Tehran will never cede control of Strait of Hormuz, senior Iranian politician tells BBC",0.0,Neutral
"Sun, 19 Apr 2026 07:00:00 GMT",Unknown,US Navy seizes an Iranian-flagged ship near Strait of Hormuz and Tehran vows swift response,0.1,Neutral
"Sun, 19 Apr 2026 07:00:00 GMT",Unknown,U.S. seizes Iranian cargo ship in Strait of Hormuz,0.0,Neutral
"Sun, 19 Apr 2026 07:00:00 GMT",Unknown,Mines in the Strait of Hormuz: How dangerous are they?,-0.6,Negative
"Sun, 19 Apr 2026 07:00:00 GMT",Unknown,Oil prices jump after Iran and U.S. attack commercial ships as tensions escalate over Strait of Hormuz,0.0,Neutral
"Sun, 19 Apr 2026 07:00:00 GMT",Unknown,Strait of Hormuz Stays Shut as US Seizes Iranian Vessel,0.0,Neutral
"Sun, 19 Apr 2026 07:00:00 GMT",Unknown,Kaine: Strait of Hormuz should be ‘open to all’,0.0,Neutral
"Sun, 19 Apr 2026 07:00:00 GMT",Unknown,Oil prices jump after Strait of Hormuz setbacks,0.0,Neutral
"Sun, 19 Apr 2026 07:00:00 GMT",Unknown,Iran mocks EU calls to reopen Strait of Hormuz,0.0,Neutral
"Sun, 19 Apr 2026 07:00:00 GMT",Unknown,Oil prices climbing again amid US-Iran standoff in Strait of Hormuz,0.0,Neutral
"Sun, 19 Apr 2026 07:00:00 GMT",Unknown,Iran's sudden Hormuz reversal: What it signals now,0.0,Neutral
"Sun, 19 Apr 2026 07:00:00 GMT",Unknown,The Navy Sends in the Robots to Clear Hormuz of Mines,0.1,Neutral
"Sun, 19 Apr 2026 07:00:00 GMT",Unknown,"Hormuz at standstill, denting U.S.-Iran peace deal hopes",0.0,Neutral
"Sun, 19 Apr 2026 07:00:00 GMT",Unknown,Markets shudder as Strait of Hormuz starts resembling a combat zone. 'We're prepared to subject you to disabling fire',-0.17,Neutral
"Sun, 19 Apr 2026 07:00:00 GMT",Unknown,"More than 20 vessels pass Strait of Hormuz on Saturday, Kpler data shows",0.5,Positive
"Sun, 19 Apr 2026 07:00:00 GMT",Unknown,How Iran's Navy wields power in the Strait of Hormuz,0.0,Neutral
"Sun, 19 Apr 2026 07:00:00 GMT",Unknown,"Trump: Iran ‘got a little cute’ by blocking Hormuz again, but talks going ‘really well’",0.17,Neutral
"Sun, 19 Apr 2026 07:00:00 GMT",Unknown,Iran says deal still 'far off' as Hormuz Strait remains shut,0.1,Neutral
"Sun, 19 Apr 2026 07:00:00 GMT",Unknown,US military seizes Iran-flagged ship trying to pass strait of Hormuz blockade,-0.1,Neutral
"Sun, 19 Apr 2026 07:00:00 GMT",Unknown,"Iran rebuffs Trump's plan for new round of peace talks, state media reports",-0.03,Neutral
"Sat, 18 Apr 2026 07:00:00 GMT",Unknown,US military prepares to board Iran-linked vessels,-0.1,Neutral
"Sat, 18 Apr 2026 07:00:00 GMT",Unknown,Defiant message from Iran as vessels attempting to cross Hormuz report gunfire,0.0,Neutral
"Sat, 18 Apr 2026 07:00:00 GMT",Unknown,Iran reimposes restrictions on the Strait of Hormuz as gunboats fire on tanker,0.0,Neutral
"Sun, 19 Apr 2026 07:00:00 GMT",Unknown,Iran stops 2 new oil tankers from transiting Hormuz,0.14,Neutral
"Sat, 18 Apr 2026 07:00:00 GMT",Unknown,Explainer: What to know about Strait of Hormuz reopening?,0.0,Neutral
"Sun, 19 Apr 2026 07:00:00 GMT",Unknown,Canada’s Dual Exposure to the Strait of Hormuz,0.0,Neutral
"Sat, 18 Apr 2026 07:00:00 GMT",Unknown,Iran military orders Indian ship to abort Strait of Hormuz passage,-0.1,Neutral
"Sat, 18 Apr 2026 07:00:00 GMT",Unknown,"Iran fires on tanker transiting the Strait of Hormuz, UK military says",-0.1,Neutral
"Sat, 18 Apr 2026 07:00:00 GMT",Unknown,Iran declares Strait of Hormuz closed in response to U.S. Navy blockade,-0.1,Neutral
"Sun, 19 Apr 2026 07:00:00 GMT",Unknown,Cruise Ships Seized Brief Hormuz Reopening to Flee Persian Gulf,0.0,Neutral
"Sat, 18 Apr 2026 07:00:00 GMT",Unknown,Gunfire reported by vessel in Strait of Hormuz,0.0,Neutral
"Sat, 18 Apr 2026 07:00:00 GMT",Unknown,Iran Reclaims Control of Strait of Hormuz. Trump Is Still Optimistic About Peace Deal.,0.0,Neutral
"Sun, 19 Apr 2026 07:00:00 GMT",Unknown,Strait of Hormuz standoff reignites as IRGC defies Iran’s diplomats,0.0,Neutral
"Sun, 19 Apr 2026 07:00:00 GMT",Unknown,Oil prices rise anew after a US-Iran standoff in the Strait of Hormuz strands tankers,0.0,Neutral
"Sun, 19 Apr 2026 07:00:00 GMT",Unknown,"Iran closes Strait of Hormuz anew, fires at crossing tankers",0.0,Neutral
"Sat, 18 Apr 2026 07:00:00 GMT",Unknown,Why Iran’s ‘Mosquito Fleet’ Remains a Potent Threat in the Strait of Hormuz,0.38,Positive
"Sat, 18 Apr 2026 07:00:00 GMT",Unknown,"Price of oil tumbles as Iran, Trump declare Strait of Hormuz ‘completely open’",0.0,Neutral
"Sat, 18 Apr 2026 07:00:00 GMT",Unknown,Uncertainty in Strait of Hormuz as ceasefire deadline approaches,0.0,Neutral
"Sat, 18 Apr 2026 07:00:00 GMT",Unknown,"‘Iran can’t blackmail us,’ says Trump as ships attacked in Strait of Hormuz",0.0,Neutral
"Sat, 18 Apr 2026 07:00:00 GMT",Unknown,Iran closes Hormuz Strait again over US blockade; ships reverse course,0.0,Neutral
"Sun, 19 Apr 2026 07:00:00 GMT",Unknown,Fate of Strait of Hormuz shipping uncertain after Iran rejects new peace talks,0.14,Neutral
"Sat, 18 Apr 2026 07:00:00 GMT",Unknown,"Iran's reclosure of the Strait of Hormuz 'disappointing', Marles says",-0.4,Negative
"Sat, 18 Apr 2026 07:00:00 GMT",Unknown,Trump says US blockade will ‘remain’ if no deal is reached as Iran threatens to close Hormuz anew,0.0,Neutral
"Sun, 19 Apr 2026 07:00:00 GMT",Unknown,"Iran closes Hormuz Strait again, as Trump warns against ‘blackmail’",0.0,Neutral
"Sun, 19 Apr 2026 07:00:00 GMT",Unknown,Strait of Hormuz blocked as gaps remain on Iran peace talks,0.0,Neutral
"Sat, 18 Apr 2026 07:00:00 GMT",Unknown,"Iran fires on ships, re-closes Strait of Hormuz amid rising tensions",0.0,Neutral
"Sat, 18 Apr 2026 07:00:00 GMT",Unknown,Oil tankers make dash towards Hormuz strait as Iran says vital waterway is open,0.05,Neutral
"Sun, 19 Apr 2026 07:00:00 GMT",Unknown,Iran says final deal still far off as Hormuz Strait shuttered,0.05,Neutral
"Sat, 18 Apr 2026 07:00:00 GMT",Unknown,Iran reimposes restrictions on Strait of Hormuz over US blockade: What to know,0.0,Neutral
"Sun, 19 Apr 2026 07:00:00 GMT",Unknown,"Reopening Strait of Hormuz would ease oil crisis, but only so much",0.1,Neutral
"Sun, 19 Apr 2026 07:00:00 GMT",Unknown,Trump says talks to resume as standoff escalates over Strait of Hormuz,0.0,Neutral
"Sun, 19 Apr 2026 07:00:00 GMT",Unknown,'Restrictions will come...': Iran says it remains in control of Hormuz despite US blockade,0.2,Neutral
"Sun, 19 Apr 2026 07:00:00 GMT",Unknown,"Iran closes Hormuz Strait again, as Trump warns against 'blackmail'",0.0,Neutral
"Sat, 18 Apr 2026 07:00:00 GMT",Unknown,Iran declares Strait of Hormuz open to commercial traffic | Akashvani News,0.0,Neutral
"Sat, 18 Apr 2026 07:00:00 GMT",Unknown,"Iran says Hormuz Strait open after Lebanon deal, Trump expects Iran deal 'soon'",0.0,Neutral
"Sat, 18 Apr 2026 07:00:00 GMT",Unknown,US blockade: Iran closes Hormuz Strait again with ships mid-transit,0.0,Neutral
"Sun, 19 Apr 2026 07:00:00 GMT",Unknown,"""Our relationship with India is very strong"": Representative of Iran's Supreme Leader in India on shooting incident in Hormuz",0.56,Positive
"Sat, 18 Apr 2026 07:00:00 GMT",Unknown,The Hormuz Wake-Up Call: Why Energy Market Intelligence Is Now a Strategic Asset,0.0,Neutral
"Mon, 20 Apr 2026 07:00:00 GMT",Unknown,An ‘Open for Open’ Hormuz Deal Could Break the Iran Stalemate,-0.03,Neutral
"Mon, 20 Apr 2026 07:00:00 GMT",Unknown,MIDDLE EAST LIVE 20 April: Uncertainty grows in the Strait of Hormuz,0.07,Neutral
"Mon, 20 Apr 2026 07:00:00 GMT",Unknown,"As tensions escalate in the Strait of Hormuz, US and Iran both fire at ships",0.5,Positive
"Mon, 20 Apr 2026 07:00:00 GMT",Unknown,The Harm from Hormuz,0.0,Neutral
"Mon, 20 Apr 2026 07:00:00 GMT",Unknown,US-Iran-Israel: Why is the Strait of Hormuz Closed Again?,-0.07,Neutral
"Mon, 20 Apr 2026 07:00:00 GMT",Unknown,Strait of Hormuz Traffic Is at a Standstill Again,0.14,Neutral
"Mon, 20 Apr 2026 07:00:00 GMT",Unknown,Strait of Hormuz Closure Has Wreaked Irreversible Global Damage,0.0,Neutral
"Mon, 20 Apr 2026 07:00:00 GMT",Unknown,Hormuz shipping again near standstill after shots and seizure,0.1,Neutral
"Mon, 20 Apr 2026 07:00:00 GMT",Unknown,Doubts over talks between Iran and U.S. after violence flares in Strait of Hormuz,0.0,Neutral
"Mon, 20 Apr 2026 07:00:00 GMT",Unknown,2 Ships Are Fired On as Iran Says Strait of Hormuz Is Closed,-0.02,Neutral
"Mon, 20 Apr 2026 07:00:00 GMT",Unknown,Strait of Hormuz ship traffic briefly rose and then slowed after weekend attacks,0.6,Positive
"Mon, 20 Apr 2026 07:00:00 GMT",Unknown,Green light for Strait of Hormuz shipping could take six months after war’s end,0.1,Neutral
"Mon, 20 Apr 2026 07:00:00 GMT",Unknown,Hormuz disruptions hit China’s Christmas capital — and holiday spending,0.0,Neutral
"Mon, 20 Apr 2026 07:00:00 GMT",Unknown,Oil prices jump amid renewed tensions over the Strait of Hormuz,0.0,Neutral
"Mon, 20 Apr 2026 07:00:00 GMT",Unknown,Donald Trump: US will not lift Hormuz blockade until deal made with Iran,0.0,Neutral
"Mon, 20 Apr 2026 07:00:00 GMT",Unknown,Both the US and Iran are firing on commercial ships in the Strait of Hormuz. Are both sides acting lawfully?,0.0,Neutral
"Mon, 20 Apr 2026 07:00:00 GMT",Unknown,France-UK joint statement on the Strait of Hormuz,0.0,Neutral
"Mon, 20 Apr 2026 07:00:00 GMT",Unknown,COMMENTARY: Is it time to abandon hope the Strait of Hormuz will open soon?,0.0,Neutral
"Mon, 20 Apr 2026 07:00:00 GMT",Unknown,U.S. Has Turned Back 27 Ships Since Strait of Hormuz Blockade Started,0.05,Neutral
"Mon, 20 Apr 2026 07:00:00 GMT",Unknown,Oil prices jump as US-Iran standoff keeps the Strait of Hormuz in limbo,0.0,Neutral
"Mon, 20 Apr 2026 07:00:00 GMT",Unknown,"Oil surges back up as Iran says Strait of Hormuz is closed, US Navy seizes Iranian vessel",-0.05,Neutral
"Mon, 20 Apr 2026 07:00:00 GMT",Unknown,What we know about the US capture of Iranian vessel near Hormuz,0.1,Neutral
"Sun, 19 Apr 2026 07:00:00 GMT",Unknown,Iran fully closes Strait of Hormuz over U.S. blockade,0.0,Neutral
"Mon, 20 Apr 2026 07:00:00 GMT",Unknown,Oil and gas prices surge as Iran re-closes Strait of Hormuz,0.0,Neutral
"Mon, 20 Apr 2026 07:00:00 GMT",Unknown,Cruise ships stranded in Middle East clear the Strait of Hormuz,0.05,Neutral
"Mon, 20 Apr 2026 07:00:00 GMT",Unknown,"Is Strait of Hormuz open or closed? Confusion amid firing, blockades and U-turns | World News",-0.05,Neutral
"Mon, 20 Apr 2026 07:00:00 GMT",Unknown,Hormuz traffic at standstill as US vessel seizure widens risk,0.0,Neutral
"Mon, 20 Apr 2026 07:00:00 GMT",Unknown,Shipping through Hormuz at a standstill since US seized Iranian vessel,0.0,Neutral
"Mon, 20 Apr 2026 07:00:00 GMT",Unknown,Trump offers mixed messages about path ahead for U.S. war against Iran,0.05,Neutral
"Mon, 20 Apr 2026 07:00:00 GMT",Unknown,Oil tankers transiting Strait of Hormuz since start of Iran war,0.0,Neutral
"Tue, 21 Apr 2026 07:00:00 GMT",Unknown,The Strait of Hormuz closure forces a choice: Ration oil now or pay a steep price later,0.0,Neutral
"Tue, 21 Apr 2026 07:00:00 GMT",Unknown,Xi Calls for Hormuz to Reopen as China Balances Its Gulf Interests,0.14,Neutral
"Tue, 21 Apr 2026 07:00:00 GMT",Unknown,Shipping traffic through Hormuz still largely halted,0.21,Positive
"Tue, 21 Apr 2026 07:00:00 GMT",Unknown,Trump says Iran keeping Strait of Hormuz closed to ‘save face’,-0.1,Neutral
"Tue, 21 Apr 2026 07:00:00 GMT",Unknown,"Strait of Hormuz: With hunger looming, life-saving fertilizer shipments cannot wait, head of UN task force says",0.0,Neutral
"Tue, 21 Apr 2026 07:00:00 GMT",Unknown,MIDDLE EAST LIVE 21 April: Talks unclear; Hormuz tensions continue,0.07,Neutral
"Tue, 21 Apr 2026 07:00:00 GMT",Unknown,Xi says for first time Strait of Hormuz should be reopened,0.25,Positive
"Tue, 21 Apr 2026 07:00:00 GMT",Unknown,Iranian state media claims to show ships passing Strait of Hormuz,0.0,Neutral
"Tue, 21 Apr 2026 07:00:00 GMT",Unknown,Strait of Hormuz: How a threat became a playbook,0.0,Neutral
"Tue, 21 Apr 2026 07:00:00 GMT",Unknown,Who Suffers Most if the Strait of Hormuz Stays Shut?,-0.05,Neutral
"Tue, 21 Apr 2026 07:00:00 GMT",Unknown,"Open or Shut, the Strait of Hormuz May Not Go Back to Normal",0.06,Neutral
"Tue, 21 Apr 2026 07:00:00 GMT",Unknown,2 Cruise Ships Exit Strait of Hormuz After Being Stranded for Weeks,0.14,Neutral
"Tue, 21 Apr 2026 07:00:00 GMT",Unknown,"Trump Extends Iran Ceasefire, Keeps Strait of Hormuz Blockade",0.0,Neutral
"Tue, 21 Apr 2026 07:00:00 GMT",Unknown,Alternative routes for Middle East oil and gas due to Hormuz disruption,-0.06,Neutral
"Tue, 21 Apr 2026 07:00:00 GMT",Unknown,"Hormuz is just a ‘dry run’ if China and U.S. go to war in the Pacific, Singapore foreign minister warns",-0.1,Neutral
"Tue, 21 Apr 2026 07:00:00 GMT",Unknown,"Israel-Lebanon Peace Talks, Strait of Hormuz Blockade and More",0.38,Positive
"Tue, 21 Apr 2026 07:00:00 GMT",Unknown,What life is like for those trapped on tankers in the Strait of Hormuz,-0.13,Neutral
"Tue, 21 Apr 2026 07:00:00 GMT",Unknown,Chinese President Xi Jinping calls for Strait of Hormuz to remain open,0.0,Neutral
"Wed, 22 Apr 2026 07:00:00 GMT",Unknown,More confusion looms over Strait of Hormuz after Iran attacks three ships near waterway,0.3,Positive
"Wed, 22 Apr 2026 07:00:00 GMT",Unknown,Trump’s Iran Ceasefire Has Been Extended. So Has the Hormuz Standoff.,-0.12,Neutral
"Wed, 22 Apr 2026 07:00:00 GMT",Unknown,"Iran fires on 3 ships in the Strait of Hormuz, complicating efforts to resume U.S. ceasefire talks",0.0,Neutral
"Wed, 22 Apr 2026 07:00:00 GMT",Unknown,The Strait of Hormuz shows how everything is now about leverage,0.0,Neutral
"Wed, 22 Apr 2026 07:00:00 GMT",Unknown,Seafarer talks about being trapped on the Strait of Hormuz: 'There is no safe place here',-0.08,Neutral
"Wed, 22 Apr 2026 07:00:00 GMT",Unknown,Tehran Says It Has Seized Two Ships in Strait of Hormuz as Iranian Adviser Argues Cease-Fire Means 'Nothing',0.0,Neutral
"Wed, 22 Apr 2026 07:00:00 GMT",Unknown,"In the Strait of Hormuz, an intriguing portrait of its islanders",0.3,Positive
"Wed, 22 Apr 2026 07:00:00 GMT",Unknown,Iran says it seized ships in Strait of Hormuz as U.S. blockade continues amid ceasefire,0.0,Neutral
"Wed, 22 Apr 2026 07:00:00 GMT",Unknown,"‘Impossible’ to reopen strait of Hormuz amid ‘flagrant’ ceasefire breaches, Iran says",-0.67,Negative
"Wed, 22 Apr 2026 07:00:00 GMT",Unknown,Iran attacks ships in Strait of Hormuz as thousands more U.S. forces head for Middle East,0.25,Positive
"Wed, 22 Apr 2026 07:00:00 GMT",Unknown,Iran reports seizing 2 ships in Strait of Hormuz hours after Trump’s ceasefire extension,0.0,Neutral
"Wed, 22 Apr 2026 07:00:00 GMT",Unknown,Iran Menaces Hormuz as Its Own Oil Tankers Test US Blockade,0.6,Positive
"Wed, 22 Apr 2026 07:00:00 GMT",Unknown,"Ceasefire extension offers diplomatic opening, but tensions persist in Strait of Hormuz",0.1,Neutral
"Wed, 22 Apr 2026 07:00:00 GMT",Unknown,Iran Again Tightens Its Grip on Shipping in the Strait of Hormuz,0.14,Neutral
"Wed, 22 Apr 2026 07:00:00 GMT",Unknown,Iran says it has seized two ships in Strait of Hormuz after vessels attacked,0.0,Neutral
"Wed, 22 Apr 2026 07:00:00 GMT",Unknown,Iran fires on 3 ships in the Strait of Hormuz as U.S. maintains blockade and diplomacy stalls,0.0,Neutral
"Wed, 22 Apr 2026 07:00:00 GMT",Unknown,"Clearing Strait of Hormuz of mines could take 6 months, Pentagon tells Congress",0.0,Neutral
"Wed, 22 Apr 2026 07:00:00 GMT",Unknown,Strait of Hormuz remains basically closed as Iran seizes ships after Trump ceasefire extension,-0.1,Neutral
"Wed, 22 Apr 2026 07:00:00 GMT",Unknown,Iran targets ships in Strait of Hormuz as U.S. talks remain uncertain,0.0,Neutral
"Wed, 22 Apr 2026 07:00:00 GMT",Unknown,"Hormuz reopening 'not possible' amid US naval blockade, Iran says",0.0,Neutral
"Wed, 22 Apr 2026 07:00:00 GMT",Unknown,Iran says it has seized two ships in Strait of Hormuz after U.S. extends ceasefire,0.0,Neutral
"Wed, 22 Apr 2026 07:00:00 GMT",Unknown,Strait of Hormuz is hosting gunboat diplomacy as US and Iran vie for most effective blockade,0.55,Positive
"Wed, 22 Apr 2026 07:00:00 GMT",Unknown,At least 2 ships attacked in Strait of Hormuz after Trump announces indefinite extension of Iran ceasefire,-0.3,Negative
"Wed, 22 Apr 2026 07:00:00 GMT",Unknown,Iran captures two vessels in Strait of Hormuz after ship comes under fire,0.0,Neutral
"Wed, 22 Apr 2026 07:00:00 GMT",Unknown,Iran war: Revolutionary Guard says seizes ships in Hormuz,0.0,Neutral
"Wed, 22 Apr 2026 07:00:00 GMT",Unknown,Gulf worries US-Iran talks may cement Tehran's 'golden' grip on Hormuz,0.3,Positive
"Wed, 22 Apr 2026 07:00:00 GMT",Unknown,Oil Futures Rise As Strait of Hormuz Stays Closed,-0.1,Neutral
"Wed, 22 Apr 2026 07:00:00 GMT",Unknown,Iran seizes ships in Hormuz as US talks falter after ceasefire extension,0.0,Neutral
"Wed, 22 Apr 2026 07:00:00 GMT",Unknown,"Iran says it seized 2 ships in Strait of Hormuz, hours after Trump’s ceasefire extension",0.0,Neutral
"Wed, 22 Apr 2026 07:00:00 GMT",Unknown,"UK, France Lead 30-Nation Military Push to Reopen Strait of Hormuz",-0.3,Negative
"Wed, 22 Apr 2026 07:00:00 GMT",Unknown,UK and France to lead multinational Strait of Hormuz military planning conference,-0.1,Neutral
"Wed, 22 Apr 2026 07:00:00 GMT",Unknown,Tracking ships under fire in Strait of Hormuz,0.0,Neutral
"Wed, 22 Apr 2026 07:00:00 GMT",Unknown,Iran says Strait of Hormuz cannot be opened due to ceasefire breaches,-0.12,Neutral
"Wed, 22 Apr 2026 07:00:00 GMT",Unknown,"Three ships targeted in Hormuz, Iran seizes two",0.0,Neutral
"Tue, 21 Apr 2026 12:53:56 GMT",Unknown,Iran war: Shipping traffic through Hormuz still largely halted,0.21,Positive
"Wed, 22 Apr 2026 07:00:00 GMT",Unknown,"Trump claims Iran ""collapsing financially,"" losing USD 500 million daily amid naval blockade",0.0,Neutral
"Thu, 23 Apr 2026 07:00:00 GMT",Unknown,"France, UK’s Hormuz mission raises more questions than answers",0.5,Positive
"Thu, 23 Apr 2026 07:00:00 GMT",Unknown,"Iran deploys more mines in the Strait of Hormuz, sources say",0.5,Positive
"Thu, 23 Apr 2026 07:00:00 GMT",Unknown,What is Europe's plan to secure the Strait of Hormuz?,0.4,Positive
"Thu, 23 Apr 2026 07:00:00 GMT",Unknown,How Iran raised Hormuz stakes by capturing ships,0.0,Neutral
"Thu, 23 Apr 2026 07:00:00 GMT",Unknown,"First Thing: ‘Impossible’ to reopen strait of Hormuz amid ‘flagrant’ ceasefire breaches, Iran says",-0.21,Negative
"Thu, 23 Apr 2026 07:00:00 GMT",Unknown,Trump orders U.S. military to 'shoot and kill' Iranian small boats choking Strait of Hormuz,-0.17,Neutral
"Thu, 23 Apr 2026 07:00:00 GMT",Unknown,Has the Strait of Hormuz emerged as Iran’s most powerful form of deterrence?,0.4,Positive
"Thu, 23 Apr 2026 07:00:00 GMT",Unknown,"Despite ceasefire, Hormuz tensions continue to throttle supply chains worldwide",0.0,Neutral
"Thu, 23 Apr 2026 07:00:00 GMT",Unknown,US military says it seizes another oil tanker associated with Iran,-0.1,Neutral
"Thu, 23 Apr 2026 07:00:00 GMT",Unknown,Trump claims US has total control over strait of Hormuz after Iran seizes two container ships,0.0,Neutral
"Thu, 23 Apr 2026 07:00:00 GMT",Unknown,Strait of Hormuz: Iran’s ‘nuclear deterrent’,0.0,Neutral
"Thu, 23 Apr 2026 07:00:00 GMT",Unknown,U.S.-Iran war evolves into naval standoff over Strait of Hormuz after both countries seize ships,0.0,Neutral
"Thu, 23 Apr 2026 07:00:00 GMT",Unknown,Iran says won't reopen Hormuz as long as US blockade remains,-0.05,Neutral
"Thu, 23 Apr 2026 07:00:00 GMT",Unknown,"Iran seizes vessel in Strait of Hormuz, defying US naval superiority",0.0,Neutral
"Thu, 23 Apr 2026 07:00:00 GMT",Unknown,Kalshi traders don't see Strait of Hormuz traffic returning to normal until July,0.15,Neutral
"Thu, 23 Apr 2026 07:00:00 GMT",Unknown,How the War in Iran Is Shifting From Bombardment to a Test of Wills,0.14,Neutral
"Thu, 23 Apr 2026 07:00:00 GMT",Unknown,"US to ‘shoot and kill’ Iranian boats laying mines in Hormuz, Trump says",0.0,Neutral
"Thu, 23 Apr 2026 07:00:00 GMT",Unknown,The Hormuz crisis,-0.5,Negative
"Thu, 23 Apr 2026 07:00:00 GMT",Unknown,Oil exporters scramble for routes beyond Hormuz — but there are no easy options,-0.22,Negative
"Thu, 23 Apr 2026 07:00:00 GMT",Unknown,US military developing plans to target Iran’s Strait of Hormuz defenses if ceasefire fails,-0.3,Negative
"Thu, 23 Apr 2026 07:00:00 GMT",Unknown,What would a permanent ‘Tehran’s tollbooth’ on oil mean for the world?,-0.31,Negative
"Thu, 23 Apr 2026 07:00:00 GMT",Unknown,Escaping the Strait of Hormuz – not worth the risk,-0.15,Neutral
"Thu, 23 Apr 2026 07:00:00 GMT",Unknown,Video purportedly shows Iranian soldiers seizing ships in Strait of Hormuz,0.0,Neutral
"Thu, 23 Apr 2026 07:00:00 GMT",Unknown,Trump orders Navy to 'shoot and kill any boat' laying mines in Hormuz Strait,0.0,Neutral
"Thu, 23 Apr 2026 07:00:00 GMT",Unknown,Oil exporters scramble for routes beyond Hormuz — but options are constrained,0.0,Neutral
"Thu, 23 Apr 2026 07:00:00 GMT",Unknown,Dow CEO says clearing the Strait of Hormuz logjam will take almost a year,0.0,Neutral
"Thu, 23 Apr 2026 07:00:00 GMT",Unknown,Iran fast-boat swarms add to Hormuz threats for shipping,0.0,Neutral
"Thu, 23 Apr 2026 07:00:00 GMT",Unknown,U.S. sailor en route to Strait of Hormuz sidelined by monkey attack,-0.05,Neutral
"Thu, 23 Apr 2026 07:00:00 GMT",Unknown,"Trump says he is keeping Strait of Hormuz closed, not Iran",-0.1,Neutral
"Thu, 23 Apr 2026 07:00:00 GMT",Unknown,Iran Claims It Has Banked First Revenue From Hormuz Tolls—Defying US Blockade,0.25,Positive
"Thu, 23 Apr 2026 07:00:00 GMT",Unknown,UK prepared to deploy RAF Typhoons to keep strait of Hormuz open after Iran war,0.0,Neutral
"Thu, 23 Apr 2026 07:00:00 GMT",Unknown,Iran tightens grip on Strait of Hormuz after Trump calls off attacks,0.0,Neutral
"Thu, 23 Apr 2026 07:00:00 GMT",Unknown,Trump orders navy to ‘shoot and kill’ mine-laying boats in Strait of Hormuz,0.0,Neutral
"Thu, 23 Apr 2026 07:00:00 GMT",Unknown,Iran says won’t reopen Strait of Hormuz if US upholds naval blockade,0.0,Neutral
"Thu, 23 Apr 2026 07:00:00 GMT",Unknown,The sectors most affected by the Strait of Hormuz disruption,0.5,Positive
"Thu, 23 Apr 2026 07:00:00 GMT",Unknown,Iran seizes ships in Strait of Hormuz after Trump extends ceasefire,0.0,Neutral
"Thu, 23 Apr 2026 07:00:00 GMT",Unknown,Iran seizes ships in Strait of Hormuz after Trump halts attacks,0.0,Neutral
"Fri, 24 Apr 2026 07:00:00 GMT",Unknown,How Iran is wielding the Strait of Hormuz as leverage,0.0,Neutral
"Fri, 24 Apr 2026 07:00:00 GMT",Unknown,The Peril of Piloting Ships Through the Strait of Hormuz,0.14,Neutral
"Fri, 24 Apr 2026 07:00:00 GMT",Unknown,"Gunboat diplomacy ramps up in Hormuz Strait, endangering shaky ceasefire",-0.33,Negative
"Fri, 24 Apr 2026 07:00:00 GMT",Unknown,How many large tankers are crossing the Strait of Hormuz?,0.36,Positive
"Fri, 24 Apr 2026 07:00:00 GMT",Unknown,Analysis: The US protected ships from Iran in the Strait of Hormuz in the '80s. Could it again?,0.0,Neutral
"Fri, 24 Apr 2026 07:00:00 GMT",Unknown,How long can Iran survive the US’s Hormuz blockade?,-0.05,Neutral
"Fri, 24 Apr 2026 07:00:00 GMT",Unknown,Iran-Iraq Tanker War redux? Why the Strait of Hormuz crisis is different,0.0,Neutral
"Fri, 24 Apr 2026 07:00:00 GMT",Unknown,"Strait of Hormuz may not fully reopen until second half of 2026, Baker Hughes says",-0.08,Neutral
"Fri, 24 Apr 2026 07:00:00 GMT",Unknown,"Oil rises above $106 per barrel as US, Iran deadlocked in Strait of Hormuz",0.0,Neutral
"Fri, 24 Apr 2026 07:00:00 GMT",Unknown,'A dangerous standoff' as Strait of Hormuz blockade continues,-0.6,Negative
"Fri, 24 Apr 2026 07:00:00 GMT",Unknown,Both Iran and U.S. Blockade Strait of Hormuz,0.14,Neutral
"Fri, 24 Apr 2026 07:00:00 GMT",Unknown,Businesses dole out up to $4 million to cross Panama Canal during Strait of Hormuz chokehold,0.0,Neutral
"Fri, 24 Apr 2026 07:00:00 GMT",Unknown,Clearing Hormuz Strait mines could take six months: report,0.0,Neutral
"Fri, 24 Apr 2026 07:00:00 GMT",Unknown,Sailors in the Strait of Hormuz Face Hunger and Danger: Advocate,0.0,Neutral
"Fri, 24 Apr 2026 07:00:00 GMT",Unknown,US Navy authorised to target Iranian fast boats in Strait of Hormuz,0.2,Neutral
"Fri, 24 Apr 2026 07:00:00 GMT",Unknown,"14 Indian ships stuck as Hormuz remains blocked, talks with Iran continue, says New Delhi",0.14,Neutral
"Sat, 25 Apr 2026 07:00:00 GMT",Unknown,Why Iran’s grip on the Hormuz Strait will be hard to break,-0.29,Negative
"Sat, 25 Apr 2026 07:00:00 GMT",Unknown,Trump’s Hormuz Blockade Has Deepened a Historic Shipping Crisis,0.0,Neutral
"Sat, 25 Apr 2026 07:00:00 GMT",Unknown,"The Strait of Hormuz May Reopen, But the System Has Already Broken",-0.5,Negative
"Sat, 25 Apr 2026 07:00:00 GMT",Unknown,From maritime trench warfare to a 'sloppy peace': Here's how the Strait of Hormuz standoff could end,-0.42,Negative
"Sat, 25 Apr 2026 07:00:00 GMT",Unknown,US says it’s hunting for explosive mines in latest push to open the Strait of Hormuz,0.25,Positive
"Sat, 25 Apr 2026 07:00:00 GMT",Unknown,The Billion-Barrel Hormuz Oil Shock Is About to Crash Demand,0.0,Neutral
"Sat, 25 Apr 2026 07:00:00 GMT",Unknown,‘Shadow fleet’ vessels tied to Iran pass through Strait of Hormuz,0.14,Neutral
"Sat, 25 Apr 2026 07:00:00 GMT",Unknown,Bitumen standards lowered after supply caught in Strait of Hormuz,0.0,Neutral
"Sun, 26 Apr 2026 07:00:00 GMT",Unknown,Chokepoints and conflict: How the Hormuz crisis is exposing global shipping vulnerabilities,0.0,Neutral
"Sun, 26 Apr 2026 07:00:00 GMT",Unknown,Iran offers U.S. deal to reopen strait but postpone nuclear talks,0.1,Neutral
"Sun, 26 Apr 2026 07:00:00 GMT",Unknown,Only five ships pass through Strait of Hormuz in 24 hours,0.0,Neutral
"Sun, 26 Apr 2026 07:00:00 GMT",Unknown,On board a ship stranded in Strait of Hormuz: ‘We just want to go home’,0.0,Neutral
"Sun, 26 Apr 2026 07:00:00 GMT",Unknown,The billion-barrel Hormuz oil shock is about to crash demand,0.0,Neutral
"Sun, 26 Apr 2026 07:00:00 GMT",Unknown,"Iran gave US a proposal for reopening the Strait Of Hormuz and ending the war, Axios reports",0.0,Neutral
"Mon, 27 Apr 2026 07:00:00 GMT",Unknown,"Iran offers to reopen Strait of Hormuz if U.S. lifts its blockade and the war ends, officials say",0.1,Neutral
"Mon, 27 Apr 2026 07:00:00 GMT",Unknown,"Iran offers to reopen Strait of Hormuz if US lifts its blockade and the war ends, officials say",0.1,Neutral
"Mon, 27 Apr 2026 07:00:00 GMT",Unknown,"Trump discussed Iran's Hormuz Strait proposal with top aides, White House says",0.25,Positive
"Mon, 27 Apr 2026 07:00:00 GMT",Unknown,CMU Civic Forum Presents Discussion: Crisis in the Strait of Hormuz,0.0,Neutral
"Mon, 27 Apr 2026 07:00:00 GMT",Unknown,Will the Iran war end Strait of Hormuz oil supremacy?,0.0,Neutral
"Mon, 27 Apr 2026 07:00:00 GMT",Unknown,"Iran oil tankers turned back by US blockade, Hormuz traffic sparse",0.0,Neutral
"Mon, 27 Apr 2026 07:00:00 GMT",Unknown,Iran presented Trump with proposal to open Strait of Hormuz and delay nuclear talks,0.0,Neutral
"Mon, 27 Apr 2026 07:00:00 GMT",Unknown,Iran flexes its power over Strait of Hormuz,0.0,Neutral
"Mon, 27 Apr 2026 07:00:00 GMT",Unknown,"Iran, US clash at UN over Strait of Hormuz closure",0.0,Neutral
"Mon, 27 Apr 2026 07:00:00 GMT",Unknown,"Iran gives US proposal for reopening Strait of Hormuz, ending war",0.0,Neutral
"Mon, 27 Apr 2026 07:00:00 GMT",Unknown,"Iran offers Hormuz deal without nuclear talks, as it seeks broader buy-in",0.1,Neutral
"Mon, 27 Apr 2026 07:00:00 GMT",Unknown,Strait of Hormuz traffic showing early signs of recovery but analysts say crisis far from over,0.1,Neutral
"Mon, 27 Apr 2026 07:00:00 GMT",Unknown,"Tired and worried, seafarers have been stranded in the Persian Gulf for weeks",-0.4,Negative
"Mon, 27 Apr 2026 07:00:00 GMT",Unknown,U.S.-Iran talks at impasse over nuclear program and Strait of Hormuz,0.0,Neutral
"Mon, 27 Apr 2026 07:00:00 GMT",Unknown,Trump discussed Iran's proposal to reopen Strait of Hormuz with his team,0.0,Neutral
"Mon, 27 Apr 2026 07:00:00 GMT",Unknown,"Iran said to offer US deal to reopen Hormuz, end war and put off nuclear talks",0.0,Neutral
"Mon, 27 Apr 2026 07:00:00 GMT",Unknown,Trump Is Dissatisfied With Iran’s Plan to Reopen Strait of Hormuz,0.14,Neutral
"Mon, 27 Apr 2026 07:00:00 GMT",Unknown,U.S. oil hovers near $100 on report Trump dissatisfied with Iran's proposal to open Hormuz,0.05,Neutral
"Mon, 27 Apr 2026 07:00:00 GMT",Unknown,"Iran offers deal to US to reopen Strait of Hormuz, delay nuclear talks: Report",0.1,Neutral
"Mon, 27 Apr 2026 07:00:00 GMT",Unknown,US navy powerless in Hormuz? 4000000 Iranian oil barrels pass under Trump's nose: Blockade failing? | Videos,-0.5,Negative
"Mon, 27 Apr 2026 07:00:00 GMT",Unknown,"Oil prices increase after Iran doubles down on Strait of Hormuz closure, accuses US of undermining trust",-0.16,Neutral
"Tue, 28 Apr 2026 07:00:00 GMT",Unknown,Hormuz disruption shows why early-warning data matters,0.0,Neutral
"Tue, 28 Apr 2026 07:00:00 GMT",Unknown,When will Strait of Hormuz be ‘safe’ for commercial shipping again?,0.25,Positive
"Tue, 28 Apr 2026 07:00:00 GMT",Unknown,Why no one can afford for the Strait of Hormuz to still be closed by the summer,-0.07,Neutral
"Tue, 28 Apr 2026 07:00:00 GMT",Unknown,International LNG prices rise amid Strait of Hormuz closure,0.0,Neutral
"Tue, 28 Apr 2026 07:00:00 GMT",Unknown,"Strait of Hormuz crisis: FAO Director-General outlines risks, actions and policy responses",0.0,Neutral
"Tue, 28 Apr 2026 07:00:00 GMT",Unknown,Deadlock over Iran’s nuclear program and the Strait of Hormuz cripples peace efforts,0.0,Neutral
"Tue, 28 Apr 2026 07:00:00 GMT",Unknown,"From Hormuz to Lebanon, crisis reverberates through trade routes, upending humanitarian networks",0.0,Neutral
"Tue, 28 Apr 2026 07:00:00 GMT",Unknown,U.S. appears cool on Iran proposal to end war and reopen Hormuz without a nuclear deal,0.35,Positive
"Tue, 28 Apr 2026 07:00:00 GMT",Unknown,Oil prices rise despite Iran’s proposal to reopen Strait of Hormuz,0.0,Neutral
"Tue, 28 Apr 2026 07:00:00 GMT",Unknown,Trump reviews Iranian proposal aimed at reopening Strait of Hormuz,0.0,Neutral
"Tue, 28 Apr 2026 07:00:00 GMT",Unknown,"Iran to reopen Strait of Hormuz if US lifts blockade, reports claim",0.0,Neutral
"Tue, 28 Apr 2026 07:00:00 GMT",Unknown,Russian superyacht Nord sails through Strait of Hormuz despite blockade,0.0,Neutral
"Tue, 28 Apr 2026 07:00:00 GMT",Unknown,Ship traffic through Strait of Hormuz down more than 95% amid Iran war: UN,0.17,Neutral
"Tue, 28 Apr 2026 07:00:00 GMT",Unknown,Oil prices surge amid continued shuttering of Hormuz; Fed holds rates as expected,-0.1,Neutral
"Wed, 29 Apr 2026 07:00:00 GMT",Unknown,How traffic through the Strait of Hormuz shrank to a trickle – a visual deep dive,0.0,Neutral
"Wed, 29 Apr 2026 07:00:00 GMT",Unknown,New Pipelines Won’t Solve the Hormuz Crisis,0.14,Neutral
"Wed, 29 Apr 2026 07:00:00 GMT",Unknown,Iran war and Strait of Hormuz stuck in limbo as Trump mulls latest Iranian offer,0.5,Positive
"Wed, 29 Apr 2026 07:00:00 GMT",Unknown,"20,000 stranded seafarers in the Strait of Hormuz face missile fears, exhaustion and isolation",0.0,Neutral
"Wed, 29 Apr 2026 07:00:00 GMT",Unknown,Calls for humanitarian corridor through strait of Hormuz as Iran war hits vital aid,0.1,Neutral
"Wed, 29 Apr 2026 07:00:00 GMT",Unknown,Hormuz shipping traffic remains at a trickle as US-Iran deadlock deepens,0.0,Neutral
"Wed, 29 Apr 2026 07:00:00 GMT",Unknown,"Ceasefire tested as Iran, US exchange strikes near Hormuz",0.07,Neutral
"Wed, 29 Apr 2026 07:00:00 GMT",Unknown,Trump appears to settle in for lengthy Strait of Hormuz standoff as Iran war hits 60-day mark,0.0,Neutral
"Wed, 29 Apr 2026 07:00:00 GMT",Unknown,"As Hormuz Traffic Stalls, U.S. Pitches New Coalition to Get Ships Moving Again",0.14,Neutral
"Wed, 29 Apr 2026 07:00:00 GMT",Unknown,Opinion | Two Cocky Authoritarians Blocking Hormuz: What Could Go Wrong?,-0.25,Negative
"Wed, 29 Apr 2026 07:00:00 GMT",Unknown,Oil extends rally as market focuses on Hormuz disruption,0.0,Neutral
"Thu, 30 Apr 2026 07:00:00 GMT",Unknown,Supreme Leader Says Iran Is Planning for Ongoing Control of Strait,0.14,Neutral
"Thu, 30 Apr 2026 07:00:00 GMT",Unknown,Iran war: Khamenei pledges new Strait of Hormuz 'management',0.14,Neutral
"Thu, 30 Apr 2026 07:00:00 GMT",Unknown,Tracking the shadow fleet: How Iran evaded the US naval blockade in Hormuz,0.0,Neutral
"Thu, 30 Apr 2026 07:00:00 GMT",Unknown,"The Strait of Hormuz is a data problem, not just a military one",-0.1,Neutral
"Thu, 30 Apr 2026 07:00:00 GMT",Unknown,US seeks 'maritime freedom' coalition to restart Hormuz shipping,0.0,Neutral
"Thu, 30 Apr 2026 07:00:00 GMT",Unknown,What alternatives do Gulf states have to the Strait of Hormuz?,0.0,Neutral
"Thu, 30 Apr 2026 07:00:00 GMT",Unknown,Strait of Hormuz and the global fight over shipping lanes,0.0,Neutral
"Thu, 30 Apr 2026 07:00:00 GMT",Unknown,"Hormuz effect? How US, China are ramping up tensions over the Panama Canal",0.0,Neutral
"Thu, 30 Apr 2026 07:00:00 GMT",Unknown,Iran supreme leader issues defiant statement on strait of Hormuz,0.0,Neutral
"Thu, 30 Apr 2026 07:00:00 GMT",Unknown,Pakistan opens up road trade routes into Iran amid Hormuz blockade,0.0,Neutral
"Thu, 30 Apr 2026 07:00:00 GMT",Unknown,Trump bets Hormuz blockade will break Iran before triggering a global crisis,0.0,Neutral
"Thu, 30 Apr 2026 07:00:00 GMT",Unknown,PM says no determination made over latest US proposal to open Strait of Hormuz,0.2,Neutral
"Fri, 01 May 2026 07:00:00 GMT",Unknown,From Hormuz to the Frontlines of Hunger,0.0,Neutral
"Fri, 01 May 2026 07:00:00 GMT",Unknown,U.S. asks for help with opening Strait of Hormuz while Trump attacks allies,0.0,Neutral
"Fri, 01 May 2026 07:00:00 GMT",Unknown,Hormuz crisis could push tens of millions of people into poverty,0.0,Neutral
"Fri, 01 May 2026 07:00:00 GMT",Unknown,"US warns shippers against paying Strait of Hormuz tolls, ‘donations’",0.0,Neutral
"Fri, 01 May 2026 07:00:00 GMT",Unknown,How the Iran war is reshaping Saudi strategy: From Hormuz and Houthis to the UAE’s OPEC exit,0.0,Neutral
"Fri, 01 May 2026 07:00:00 GMT",Unknown,US seeks ‘maritime freedom’ coalition to restart Hormuz traffic,0.0,Neutral
"Fri, 01 May 2026 07:00:00 GMT",Unknown,Iran threatens painful response if US renews attacks,-0.7,Negative
"Fri, 01 May 2026 07:00:00 GMT",Unknown,Engine trouble ahead? How the Strait of Hormuz standoff threatens luxury auto giants,-0.2,Neutral
"Fri, 01 May 2026 07:00:00 GMT",Unknown,Hormuz stand-off has reduced traffic to a trickle says Royal Navy team monitoring Middle East waters,0.0,Neutral
"Fri, 01 May 2026 07:00:00 GMT",Unknown,Oil tankers abandon the Strait of Hormuz to brave the Red Sea,0.4,Positive
"Fri, 01 May 2026 07:00:00 GMT",Unknown,US invites NZ to help reopen the Strait of Hormuz,0.0,Neutral
"Fri, 01 May 2026 07:00:00 GMT",Unknown,US Iran War Ceasefire LIVE: Trump Admin Says Conflict Terminated Amid Rising Tensions,0.09,Neutral
"Sat, 02 May 2026 07:00:00 GMT",Unknown,What to Know About the Strait of Hormuz Blockade,0.14,Neutral
"Sat, 02 May 2026 07:00:00 GMT",Unknown,Tehran hardens stance on Hormuz as ‘non-negotiable’,0.0,Neutral
"Sat, 02 May 2026 07:00:00 GMT",Unknown,Strait of Hormuz: US threatens shipping firms with sanctions if they pay Iran tolls,0.0,Neutral
"Sat, 02 May 2026 07:00:00 GMT",Unknown,Supertanker Appears to Have Crossed the Strait of Hormuz,0.0,Neutral
"Fri, 01 May 2026 07:00:00 GMT",Unknown,Iran war pushes oil prices to 4-year high as Hegseth faces off with senators,0.16,Neutral
"Sat, 02 May 2026 07:00:00 GMT",Unknown,Iran announces new maritime rules amid Strait of Hormuz tensions,0.14,Neutral
"Sat, 02 May 2026 07:00:00 GMT",Unknown,Trump says US navy will ‘guide’ trapped ships from strait of Hormuz amid ‘very positive’ talks with Iran,0.05,Neutral
"Sat, 02 May 2026 07:00:00 GMT",Unknown,"Trump declares Iran war over as Hormuz, nuclear talks resume",0.0,Neutral
"Sat, 02 May 2026 07:00:00 GMT",Unknown,Trump Says U.S. Navy ‘Like Pirates’ in Enforcing Sea Blockade of Iran,0.0,Neutral
"Sat, 02 May 2026 07:00:00 GMT",Unknown,World’s Largest Container Carrier Plans Route Avoiding Hormuz,0.0,Neutral
"Sat, 02 May 2026 07:00:00 GMT",Unknown,"Commentary: Stranded seafarers in the Strait of Hormuz face missile fears, exhaustion and isolation",0.0,Neutral
"Sat, 02 May 2026 07:00:00 GMT",Unknown,IRGC announces new maritime rules to tighten control over Arabian Gulf and Strait of Hormuz waters,0.14,Neutral
"Sun, 03 May 2026 07:00:00 GMT",Unknown,Trump says US will help free ships stuck in Strait of Hormuz,0.4,Positive
"Sun, 03 May 2026 07:00:00 GMT",Unknown,Trump says U.S. will begin guiding ships through Strait of Hormuz,0.0,Neutral
"Sun, 03 May 2026 07:00:00 GMT",Unknown,"Trump says the US will ‘guide’ stranded ships from the Strait of Hormuz, starting on Monday",0.0,Neutral
"Sun, 03 May 2026 07:00:00 GMT",Unknown,Strait of Hormuz blockade and other major naval sieges in modern times,0.05,Neutral
"Sun, 03 May 2026 07:00:00 GMT",Unknown,Trump says U.S. Navy will escort ships out of the Strait of Hormuz from Monday,0.0,Neutral
"Sun, 03 May 2026 07:00:00 GMT",Unknown,Oil prices jump after Iran attacks UAE as U.S. tries to open Strait of Hormuz,-0.05,Neutral
"Sun, 03 May 2026 07:00:00 GMT",Unknown,Trump says US operation will aid ships stranded in Strait of Hormuz,0.0,Neutral
"Sun, 03 May 2026 07:00:00 GMT",Unknown,Iran war: Trump says US to 'guide ships safely' from Hormuz,0.5,Positive
"Sun, 03 May 2026 07:00:00 GMT",Unknown,Tanker hit in Strait of Hormuz attack,0.0,Neutral
"Sun, 03 May 2026 07:00:00 GMT",Unknown,A cargo ship near Strait of Hormuz reports being attacked,0.1,Neutral
"Sun, 03 May 2026 07:00:00 GMT",Unknown,CNBC Daily Open: Trump's Hormuz gambit lands with a whimper,0.0,Neutral
"Sun, 03 May 2026 07:00:00 GMT",Unknown,Trump Says U.S. Will Help Stranded Ships Leave Strait of Hormuz,0.14,Neutral
"Sun, 03 May 2026 07:00:00 GMT",Unknown,Trump says US will ‘help free up’ ships stuck in Hormuz Strait,0.4,Positive
"Sun, 03 May 2026 07:00:00 GMT",Unknown,Trump says U.S. will 'free' ships trapped in Persian Gulf by Strait of Hormuz closure,0.1,Neutral
"Sun, 03 May 2026 07:00:00 GMT",Unknown,Iran lawmaker says Strait of Hormuz will not return to pre‑war state,0.0,Neutral
"Sun, 03 May 2026 07:00:00 GMT",Unknown,HORMUZ TRACKER: Traffic Halts as Trump Weighs Iran’s New Offer,0.14,Neutral
"Sun, 03 May 2026 07:00:00 GMT",Unknown,Cargo ship attacked off Iran approaching Strait of Hormuz,0.0,Neutral
"Sun, 03 May 2026 07:00:00 GMT",Unknown,Cargo ship in Strait of Hormuz reports being attacked as peace negotiations continue,0.0,Neutral
"Sun, 03 May 2026 07:00:00 GMT",Unknown,Iran war: World’s biggest container ships plot overland route to avoid Hormuz,0.0,Neutral
"Sun, 03 May 2026 07:00:00 GMT",Unknown,Trump says US to help ships stranded in Strait of Hormuz as tanker hit by projectiles,0.0,Neutral
"Mon, 04 May 2026 07:00:00 GMT",Unknown,What to know as the US tries to open the Strait of Hormuz and a ceasefire wavers,-0.05,Neutral
"Mon, 04 May 2026 07:00:00 GMT",Unknown,U.S. says 2 merchant ships have crossed the Strait of Hormuz as Navy helps to restore shipping traffic,0.0,Neutral
"Mon, 04 May 2026 07:00:00 GMT",Unknown,Trump’s Project Freedom Isn’t Going to Open the Strait of Hormuz,-0.04,Neutral
"Mon, 04 May 2026 07:00:00 GMT",Unknown,U.S. beginning effort to guide stranded ships through Strait of Hormuz,0.0,Neutral
"Mon, 04 May 2026 07:00:00 GMT",Unknown,The standoff in the Strait of Hormuz,0.0,Neutral
"Mon, 04 May 2026 07:00:00 GMT",Unknown,Uncertainty continues over safety in the Strait of Hormuz,0.0,Neutral
"Mon, 04 May 2026 07:00:00 GMT",Unknown,U.S. fights to reopen Strait of Hormuz as UAE comes under attack in test of Iran truce,0.0,Neutral
"Mon, 04 May 2026 07:00:00 GMT",Unknown,Most Strait of Hormuz shipping at a standstill despite latest US pledge,0.5,Positive
"Mon, 04 May 2026 07:00:00 GMT",Unknown,China and the Strait of Hormuz Crisis,0.0,Neutral
"Mon, 04 May 2026 07:00:00 GMT",Unknown,"US claims progress in reopening the Strait of Hormuz, saying 2 merchant ships have transited",0.0,Neutral
"Mon, 04 May 2026 07:00:00 GMT",Unknown,"U.S. says Iran launched missiles and drones at American ships, no vessels hit",0.0,Neutral
"Mon, 04 May 2026 07:00:00 GMT",Unknown,‘Project Freedom’: Trump’s plan to ‘guide’ ships through Hormuz leaves many questions unanswered,0.2,Neutral
"Mon, 04 May 2026 07:00:00 GMT",Unknown,Trump’s ‘Project Freedom’: Can US navy ‘guide’ stuck ships out of Hormuz?,0.0,Neutral
"Mon, 04 May 2026 07:00:00 GMT",Unknown,U.S. fights to reopen the Strait of Hormuz as UAE comes under attack in test of Iran truce,0.0,Neutral
"Mon, 04 May 2026 07:00:00 GMT",Unknown,"Project Freedom unlikely to pay off in Strait of Hormuz right away, analysts say",-0.11,Neutral
"Mon, 04 May 2026 07:00:00 GMT",Unknown,U.S. Announces Mission to Support Strait of Hormuz Shipping,-0.12,Neutral
"Mon, 04 May 2026 07:00:00 GMT",Unknown,"U.S. and Iran truce tested over the Strait of Hormuz, threatening to reignite conflict",0.0,Neutral
"Mon, 04 May 2026 07:00:00 GMT",Unknown,Analyzing the U.S. effort to reopen the Strait of Hormuz amid tensions,0.0,Neutral
"Mon, 04 May 2026 07:00:00 GMT",Unknown,Ships Pull Back as Iran Expands Control in Strait of Hormuz,0.0,Neutral
"Mon, 04 May 2026 07:00:00 GMT",Unknown,Trump Says U.S. Will Guide Stranded Ships Through Strait of Hormuz,0.0,Neutral
"Mon, 04 May 2026 07:00:00 GMT",Unknown,Shipping Firms Left Guessing by Confusion in Strait of Hormuz,0.05,Neutral
"Mon, 04 May 2026 07:00:00 GMT",Unknown,Shipping firms question safety in strait of Hormuz despite Trump plan,0.0,Neutral
"Mon, 04 May 2026 07:00:00 GMT",Unknown,"Glimmer of hope in Hormuz Strait, fragile ceasefire holds: what happened overnight",0.0,Neutral
"Mon, 04 May 2026 07:00:00 GMT",Unknown,What to Know About Trump’s Plan to ‘Guide’ Ships Out of the Strait of Hormuz,0.0,Neutral
"Mon, 04 May 2026 07:00:00 GMT",Unknown,U.S. tries to force open the Strait of Hormuz as the UAE comes under attack,-0.05,Neutral
"Mon, 04 May 2026 07:00:00 GMT",Unknown,Iran warns US to stay out of Hormuz after Trump says US will ‘guide’ ships,0.0,Neutral
"Mon, 04 May 2026 07:00:00 GMT",Unknown,2 U.S. Navy destroyers transit Strait of Hormuz after dodging Iranian onslaught,0.0,Neutral
"Mon, 04 May 2026 07:00:00 GMT",Unknown,U.S. and Iran exchange fire in strait as Trump attempts to open shipping lane,0.0,Neutral
"Mon, 04 May 2026 07:00:00 GMT",Unknown,UAE says Iran has resumed attacks as the US moves to reopen the Strait of Hormuz,0.0,Neutral
"Mon, 04 May 2026 07:00:00 GMT",Unknown,Iran ceasefire under threat as Trump’s ‘Project Freedom’ escalates Strait of Hormuz tensions,0.0,Neutral
"Mon, 04 May 2026 07:00:00 GMT",Unknown,"""He wants action"": Trump's frustration with Iran stalemate sparked Hormuz gambit",0.15,Neutral
"Mon, 04 May 2026 07:00:00 GMT",Unknown,"Traffic in the Strait of Hormuz won’t return to normal until August or later, according to Kalshi traders",0.07,Neutral
"Mon, 04 May 2026 07:00:00 GMT",Unknown,Donald Trump sends warships to break Iran’s strait of Hormuz blockade,0.0,Neutral
"Mon, 04 May 2026 07:00:00 GMT",Unknown,War preparations under way in Iran as Hormuz tensions with US escalate,0.0,Neutral
"Mon, 04 May 2026 07:00:00 GMT",Unknown,Oil prices flat as Trump’s plan for Strait of Hormuz fails to calm market,-0.07,Neutral
"Mon, 04 May 2026 07:00:00 GMT",Unknown,Iran threatens U.S. forces in Strait of Hormuz and Bernie Sanders supporters eye a new leader: Morning Rundown,0.14,Neutral
"Mon, 04 May 2026 07:00:00 GMT",Unknown,Iran threatens to attack US warships that enter Strait of Hormuz,0.0,Neutral
"Mon, 04 May 2026 07:00:00 GMT",Unknown,Iran attacks oil tankers in Strait of Hormuz,0.0,Neutral
"Mon, 04 May 2026 07:00:00 GMT",Unknown,The Latest: US pushes to reopen Strait of Hormuz as Iranian attacks on UAE strain ceasefire,0.5,Positive
"Mon, 04 May 2026 07:00:00 GMT",Unknown,Iran attacks U.S. ships in the Strait of Hormuz amid ‘Project Freedom’,0.0,Neutral
"Mon, 04 May 2026 07:00:00 GMT",Unknown,U.S. military denies Iran's claim it struck American warship in Strait of Hormuz,-0.05,Neutral
"Mon, 04 May 2026 07:00:00 GMT",Unknown,"US official says China is ‘funding’ Iran, urges Beijing to help open Hormuz",0.0,Neutral
"Mon, 04 May 2026 07:00:00 GMT",Unknown,Iran claims control of Hormuz as industry questions US plan,0.0,Neutral
"Mon, 04 May 2026 07:00:00 GMT",Unknown,Trump says US to begin ‘guiding’ ships in Strait of Hormuz,0.0,Neutral
"Mon, 04 May 2026 07:00:00 GMT",Unknown,Iran’s warnings give way to action as US launches Hormuz 'escort' plan,0.07,Neutral
"Mon, 04 May 2026 07:00:00 GMT",Unknown,Iran releases new map outlining areas in Hormuz under its control,0.14,Neutral
"Mon, 04 May 2026 07:00:00 GMT",Unknown,Iran warns of ceasefire violation as US plans to escort Hormuz ships,0.0,Neutral
"Mon, 04 May 2026 07:00:00 GMT",Unknown,Iran-US clash over alleged warship attack in Strait of Hormuz,-0.1,Neutral
"Mon, 04 May 2026 07:00:00 GMT",Unknown,"US strikes Iran fast boats, two vessels transit Hormuz",0.2,Neutral
"Mon, 04 May 2026 07:00:00 GMT",Unknown,Iran warns will attack US forces in Hormuz after Trump announces escort plan,0.0,Neutral
"Mon, 04 May 2026 07:00:00 GMT",Unknown,US denies Iran hit ship in Strait of Hormuz as ceasefire faces major test,0.04,Neutral
"Tue, 05 May 2026 07:00:00 GMT",Unknown,The Strait of Hormuz is still blocked. What’s the US military doing about it?,-0.07,Neutral
"Tue, 05 May 2026 07:00:00 GMT",Unknown,Trump says he's paused U.S. effort to guide stranded vessels out of Strait of Hormuz,0.0,Neutral
"Tue, 05 May 2026 07:00:00 GMT",Unknown,U.S. attempt to open Strait of Hormuz tests fragile Iran war ceasefire,0.0,Neutral
"Tue, 05 May 2026 07:00:00 GMT",Unknown,Tense situation in Strait of Hormuz,-0.33,Negative
"Tue, 05 May 2026 07:00:00 GMT",Unknown,'Project Freedom' Aims to Get Thousands of Commercial Ships Safely Through Strait of Hormuz,0.25,Positive
"Tue, 05 May 2026 07:00:00 GMT",Unknown,Iran war: Will tensions escalate in the Strait of Hormuz?,0.0,Neutral
"Tue, 05 May 2026 07:00:00 GMT",Unknown,"U.S. commercial ships had military security aboard during Hormuz transit, sources say",-0.05,Neutral
"Tue, 05 May 2026 07:00:00 GMT",Unknown,Iran war's fragile ceasefire tested in U.S. attempt to open the Strait of Hormuz,0.0,Neutral
"Tue, 05 May 2026 07:00:00 GMT",Unknown,U.S. sinks 7 small Iranian boats as Iran launches attacks on UAE and ships in Strait of Hormuz,-0.17,Neutral
"Tue, 05 May 2026 07:00:00 GMT",Unknown,Iran remains defiant after U.S. launches new effort to reopen Strait of Hormuz,0.14,Neutral
"Tue, 05 May 2026 07:00:00 GMT",Unknown,US attempt to open the Strait of Hormuz tests Iran war's fragile ceasefire,0.0,Neutral
"Tue, 05 May 2026 07:00:00 GMT",Unknown,Trump pauses US operation in Strait of Hormuz in push for deal with Iran,0.0,Neutral
"Tue, 05 May 2026 07:00:00 GMT",Unknown,US tries to force open the Strait of Hormuz as the UAE comes under attack in a test of Iran truce,-0.05,Neutral
"Tue, 05 May 2026 07:00:00 GMT",Unknown,WATCH: Hegseth and Caine say Iran war ceasefire is still on despite new effort in Strait of Hormuz,0.14,Neutral
"Tue, 05 May 2026 07:00:00 GMT",Unknown,"Trump pauses 'Project Freedom' in Strait of Hormuz, citing progress on an Iran deal",0.0,Neutral
"Tue, 05 May 2026 07:00:00 GMT",Unknown,Map of dominance: Why Iran can’t afford to give up Hormuz control,0.0,Neutral
"Tue, 05 May 2026 07:00:00 GMT",Unknown,Oil prices surge as violence flares in Strait of Hormuz,0.0,Neutral
"Tue, 05 May 2026 07:00:00 GMT",Unknown,"Trump pauses plan to guide ships through Strait of Hormuz, says 'great progress' made toward deal",0.8,Positive
"Tue, 05 May 2026 07:00:00 GMT",Unknown,Ship Stranded for Weeks Exits Persian Gulf Under U.S. Protection,0.14,Neutral
"Tue, 05 May 2026 07:00:00 GMT",Unknown,The method in Iran’s madness? Closure of Strait of Hormuz echoes a centuries-old Danish play − and is a tragedy for the world order,0.0,Neutral
"Tue, 05 May 2026 07:00:00 GMT",Unknown,"Trump suspends Hormuz operation, claims progress on Iran deal",0.0,Neutral
"Tue, 05 May 2026 07:00:00 GMT",Unknown,US Army says ‘Project Freedom’ in blockaded Hormuz has ‘just begun’,0.0,Neutral
"Tue, 05 May 2026 07:00:00 GMT",Unknown,Trump pauses U.S. mission to guide ships through Strait of Hormuz to see if Iran deal can be struck,0.0,Neutral
"Tue, 05 May 2026 07:00:00 GMT",Unknown,"WATCH: Rubio addresses Strait of Hormuz efforts, Vatican trip in White House briefing",0.0,Neutral
"Tue, 05 May 2026 07:00:00 GMT",Unknown,Maersk says ship passed through Strait of Hormuz under U.S. military protection,-0.1,Neutral
"Tue, 05 May 2026 07:00:00 GMT",Unknown,First Thing: Tensions rise over Hormuz as Trump threatens to blow Iran ‘off the face of the earth’,0.25,Positive
"Tue, 05 May 2026 07:00:00 GMT",Unknown,Hegseth says battle for Hormuz is ‘separate and distinct' from the Iran war,0.3,Positive
"Tue, 05 May 2026 07:00:00 GMT",Unknown,US-Iran ceasefire holds despite Hormuz standoff: Pentagon chief Hegseth,0.0,Neutral
"Tue, 05 May 2026 07:00:00 GMT",Unknown,Bowen: Strait of Hormuz standoff raises risk of sliding back into all-out war,0.0,Neutral
"Tue, 05 May 2026 07:00:00 GMT",Unknown,Germany prepares for mission in the Strait of Hormuz,0.0,Neutral
"Tue, 05 May 2026 07:00:00 GMT",Unknown,White House gave Iran private message before new Hormuz operation,0.05,Neutral
"Tue, 05 May 2026 07:00:00 GMT",Unknown,U.S. says 'Project Freedom' will reopen Hormuz Strait for commerce. Experts are skeptical,-0.5,Negative
"Tue, 05 May 2026 07:00:00 GMT",Unknown,Captain of stranded ship in Strait of Hormuz tells BBC of 'pressure',0.0,Neutral
"Tue, 05 May 2026 07:00:00 GMT",Unknown,"Trump pauses U.S. bid to guide ships out of Strait of Hormuz, cites Iran deal progress",0.0,Neutral
"Tue, 05 May 2026 07:00:00 GMT",Unknown,US and Iran escalate 'double blockade' of Strait of Hormuz,0.0,Neutral
"Tue, 05 May 2026 07:00:00 GMT",Unknown,U.S. pushes to reopen Strait of Hormuz as Iranian attacks on UAE strain ceasefire,0.0,Neutral
"Tue, 05 May 2026 07:00:00 GMT",Unknown,Proposed UN resolution threatens Iran with sanctions if it doesn't allow freedom of navigation,0.0,Neutral
"Tue, 05 May 2026 07:00:00 GMT",Unknown,Iran War Takes a Dangerous Turn as Fighting Erupts in Hormuz,-0.6,Negative
"Tue, 05 May 2026 07:00:00 GMT",Unknown,"China presses Iran against resuming war, urges Hormuz reopening ahead of Trump-Xi summit",0.0,Neutral
"Tue, 05 May 2026 07:00:00 GMT",Unknown,Iran war: What’s happening on day 67 as Hormuz crisis deepens?,0.0,Neutral
"Tue, 05 May 2026 07:00:00 GMT",Unknown,Few ships pass Hormuz despite US efforts to break Iran's hold,-0.2,Neutral
"Tue, 05 May 2026 07:00:00 GMT",Unknown,"Trump Again Shifts U.S. Focus on Strait, Pausing Day-Old Escort Mission",0.14,Neutral
"Tue, 05 May 2026 07:00:00 GMT",Unknown,"US, Iran, UAE trade Hormuz attack claims: What we know",0.0,Neutral
"Tue, 05 May 2026 07:00:00 GMT",Unknown,Briefing on the Strait of Hormuz Crisis: Implications for Russian Energy Revenues,0.0,Neutral
"Tue, 05 May 2026 07:00:00 GMT",Unknown,Trump pauses Project Freedom in Strait of Hormuz,0.0,Neutral
"Tue, 05 May 2026 07:00:00 GMT",Unknown,Why Trump's plan to guide ships safely through the Strait of Hormuz may be 'extraordinarily' difficult,0.0,Neutral
"Tue, 05 May 2026 07:00:00 GMT",Unknown,U.S. and Iran exchange taunts as attacks imperil fragile ceasefire,0.0,Neutral
"Tue, 05 May 2026 07:00:00 GMT",Unknown,Bypassing the Strait of Hormuz,0.0,Neutral
"Tue, 05 May 2026 07:00:00 GMT",Unknown,Trump pauses U.S. effort to guide vessels through Strait of Hormuz in bid to make deal with Iran,0.0,Neutral
"Mon, 04 May 2026 07:00:00 GMT",Unknown,Trump says the US will ‘guide’ stranded ships from Strait of Hormuz,0.0,Neutral
"Tue, 05 May 2026 07:00:00 GMT",Unknown,"Trump launches ‘Project Freedom’ to open Strait of Hormuz, Iran strikes ships, UAE port",0.0,Neutral
"Wed, 06 May 2026 07:00:00 GMT",Unknown,The Closure of the Strait of Hormuz by Iran: Considerations over the Law of the Sea and Law of Naval Warfare,0.0,Neutral
"Wed, 06 May 2026 07:00:00 GMT",Unknown,Trump Pauses Hormuz Shipping Mission,-0.12,Neutral
"Wed, 06 May 2026 07:00:00 GMT",Unknown,Why the Strait of Hormuz will take a long time to reboot,-0.05,Neutral
"Wed, 06 May 2026 07:00:00 GMT",Unknown,"In Talks With Iran, China Calls for Opening of Strait of Hormuz",0.14,Neutral
"Wed, 06 May 2026 07:00:00 GMT",Unknown,"After Hormuz, Southeast Asia Sees the Potential Value of Tolling the Strait of Malacca",-0.04,Neutral
"Wed, 06 May 2026 07:00:00 GMT",Unknown,Iran says Strait of Hormuz passage to be ensured after US pauses operation,0.0,Neutral
"Wed, 06 May 2026 07:00:00 GMT",Unknown,Strait of Hormuz: What happened to Donald Trump's 'Project Freedom' plan?,0.0,Neutral
"Wed, 06 May 2026 07:00:00 GMT",Unknown,Shipping Firms Whipsawed as They Wait for Hormuz to Reopen,0.0,Neutral
"Wed, 06 May 2026 07:00:00 GMT",Unknown,Pakistan says it’s hopeful a U.S.-Iran deal can happen soon,0.0,Neutral
"Wed, 06 May 2026 07:00:00 GMT",Unknown,Trump’s abrupt U-turn on a plan to reopen the Strait of Hormuz came after backlash from allies,-0.12,Neutral
"Wed, 06 May 2026 07:00:00 GMT",Unknown,Wednesday briefing: How Trump’s attempt to reopen to strait of Hormuz brought war closer again,0.0,Neutral
"Wed, 06 May 2026 07:00:00 GMT",Unknown,Trump threatens Iran with bombing if it doesn’t reopen Strait of Hormuz,0.0,Neutral
"Wed, 06 May 2026 07:00:00 GMT",Unknown,"Has the US accepted Iran’s demand to settle Hormuz first, nuclear later?",0.12,Neutral
"Wed, 06 May 2026 07:00:00 GMT",Unknown,What is Trump's 'Project Freedom' in the Strait of Hormuz?,0.0,Neutral
"Wed, 06 May 2026 07:00:00 GMT",Unknown,Attack on French Cargo Ship Highlights Continued Risks in Strait of Hormuz,0.05,Neutral
"Wed, 06 May 2026 07:00:00 GMT",Unknown,France moves aircraft carrier group toward Strait of Hormuz for possible defensive mission,0.0,Neutral
"Wed, 06 May 2026 07:00:00 GMT",Unknown,Video: Trump Makes Sudden U-Turn on Strait of Hormuz Escort Mission,0.05,Neutral
"Wed, 06 May 2026 07:00:00 GMT",Unknown,Iran says safe transit of Strait of Hormuz will be possible with U.S. ending threats,0.25,Positive
"Wed, 06 May 2026 07:00:00 GMT",Unknown,Oil prices edge lower as U.S. waits for Iran response to deal proposal,0.0,Neutral
"Wed, 06 May 2026 07:00:00 GMT",Unknown,Trump says 'Project Freedom' to be paused 'for a short period of time',0.0,Neutral
"Wed, 06 May 2026 07:00:00 GMT",Unknown,Trump temporarily backs down on reopening the Strait of Hormuz by force,-0.16,Neutral
"Wed, 06 May 2026 07:00:00 GMT",Unknown,Maritime Visibility Collapses as Tensions Escalate Around Hormuz,0.0,Neutral
"Wed, 06 May 2026 07:00:00 GMT",Unknown,Iran's Revolutionary Guard says passage through Strait of Hormuz will be ensured,0.0,Neutral
"Tue, 05 May 2026 07:00:00 GMT",Unknown,Iran maintains Strait of Hormuz blockade with 'annoying' mosquito fleet,-0.53,Negative
"Tue, 05 May 2026 07:00:00 GMT",Unknown,US and Iran launch new attacks as they wrestle for control of Strait of Hormuz,0.14,Neutral
"Wed, 06 May 2026 07:00:00 GMT",Unknown,"Tajani chairs meeting on Hormuz on food security and fertiliser access with Croatia, FAO and around 40 countries and organisations – Ministero degli Affari Esteri e della Cooperazione Internazionale",0.0,Neutral
"Tue, 05 May 2026 07:00:00 GMT",Unknown,Why Trump’s plan to guide ships safely through the Strait of Hormuz may be ’extraordinarily’ difficult,0.0,Neutral
"Wed, 06 May 2026 07:00:00 GMT",Unknown,Investors underestimating China leverage on Iran-Hormuz crisis,0.0,Neutral
"Thu, 07 May 2026 07:00:00 GMT",Unknown,Iran creates new agency to control shipping in Strait of Hormuz while reviewing peace deal with U.S.,0.14,Neutral
"Thu, 07 May 2026 07:00:00 GMT",Unknown,Strait of Hormuz disruption sends oil prices surging,0.0,Neutral
"Thu, 07 May 2026 07:00:00 GMT",Unknown,Bahrain and US float Security Council resolution on the Strait of Hormuz,0.0,Neutral
"Thu, 07 May 2026 07:00:00 GMT",Unknown,Iran imposes new rules for Strait of Hormuz in bid to secure wartime gains,0.27,Positive
"Thu, 07 May 2026 07:00:00 GMT",Unknown,A way out via the Strait of Hormuz,0.0,Neutral
"Thu, 07 May 2026 07:00:00 GMT",Unknown,CENTCOM Protects U.S. Warships Transiting Strait of Hormuz,0.0,Neutral
"Thu, 07 May 2026 07:00:00 GMT",Unknown,Shipping companies whipsawed by negotiations and risks amid Hormuz standoff,0.0,Neutral
"Thu, 07 May 2026 07:00:00 GMT",Unknown,CNBC Daily Open: Who shot first? Hormuz heats again as ceasefire and oil markets in peril,0.08,Neutral
"Thu, 07 May 2026 07:00:00 GMT",Unknown,U.S. destroyers and Iran trade fire in Strait of Hormuz in serious test of ceasefire,-0.33,Negative
"Thu, 07 May 2026 07:00:00 GMT",Unknown,Why is the US seeking UN help to open Hormuz after undermining it?,0.0,Neutral
"Thu, 07 May 2026 07:00:00 GMT",Unknown,Somalia’s dire humanitarian situation escalates amid Iran war and Strait of Hormuz closure,0.0,Neutral
"Thu, 07 May 2026 07:00:00 GMT",Unknown,"Reopening strait of Hormuz would have limited impact on cargo flows, says Maersk",-0.07,Neutral
"Thu, 07 May 2026 07:00:00 GMT",Unknown,How the U.S. military and Maersk got a ship to pass through the Strait of Hormuz,-0.1,Neutral
"Thu, 07 May 2026 07:00:00 GMT",Unknown,U.S. and Iran trade fire in Strait of Hormuz; each claims other shot first,0.06,Neutral
"Thu, 07 May 2026 07:00:00 GMT",Unknown,French warship moves towards Red Sea as Paris eyes Hormuz mission,0.0,Neutral
"Thu, 07 May 2026 07:00:00 GMT",Unknown,Numbers Show Global Impact of Iran's Grip on Hormuz,0.0,Neutral
"Thu, 07 May 2026 07:00:00 GMT",Unknown,Gulf states urge UN action to ensure Strait of Hormuz safety,0.1,Neutral
"Thu, 07 May 2026 07:00:00 GMT",Unknown,US-Iran ceasefire under threat after exchange of strikes in strait of Hormuz,0.0,Neutral
"Thu, 07 May 2026 07:00:00 GMT",Unknown,"One Month Into the Ceasefire, Dark Shipping Dominates Hormuz",-0.15,Neutral
"Thu, 07 May 2026 07:00:00 GMT",Unknown,U.S. strikes two locations in Iran near Strait of Hormuz,0.1,Neutral
"Thu, 07 May 2026 07:00:00 GMT",Unknown,Iran creates agency for Strait of Hormuz tolls as it reviews US plan to end war,0.0,Neutral
"Thu, 07 May 2026 07:00:00 GMT",Unknown,Trump Reversed Hormuz Plan After Saudis Denied Airspace Access,0.14,Neutral
"Thu, 07 May 2026 07:00:00 GMT",Unknown,U.S. intelligence says Iran can outlast Trump’s Hormuz blockade for months,0.0,Neutral
"Thu, 07 May 2026 07:00:00 GMT",Unknown,Gulf States Lift Restrictions That Blocked ‘Project Freedom’ in Strait of Hormuz,0.0,Neutral
"Thu, 07 May 2026 07:00:00 GMT",Unknown,Iran Creates New Agency to Control Shipping in Hormuz,0.14,Neutral
"Thu, 07 May 2026 07:00:00 GMT",Unknown,US strikes military targets in Iran after attacks on destroyers in Strait of Hormuz: Centcom,-0.1,Neutral
"Thu, 07 May 2026 07:00:00 GMT",Unknown,What We Know About ‘Project Freedom’ in the Strait of Hormuz,0.14,Neutral
"Thu, 07 May 2026 07:00:00 GMT",Unknown,Iran formalizes control over the Strait of Hormuz; Oil prices halt their decline ❓⚓,0.0,Neutral
"Thu, 07 May 2026 07:00:00 GMT",Unknown,Trump reportedly paused Hormuz op after Saudis denied use of airspace; US awaits Iran deal response,0.0,Neutral
"Thu, 07 May 2026 07:00:00 GMT",Unknown,Opinion | Why Trump’s ‘Project Freedom’ to reopen the Strait of Hormuz fell apart,0.0,Neutral
"Thu, 07 May 2026 07:00:00 GMT",Unknown,Trump shelved ‘Project Freedom’ after Saudis refused use of bases and airspace | Saudi Arabia,0.0,Neutral
"Thu, 07 May 2026 07:00:00 GMT",Unknown,Italy launches “Rome Coalition for Hormuz” with around 40 countries and FAO – Tajani: priority is food security for Africa and vulnerable countries – Ministero degli Affari Esteri e della Cooperazione Internazionale,-0.5,Negative
"Thu, 07 May 2026 07:00:00 GMT",Unknown,Qatar Warns of Global Impact of Strait of Hormuz Closure at UN Briefing,0.0,Neutral
"Fri, 08 May 2026 07:00:00 GMT",Unknown,"U.S. launches ""self-defense strikes"" on Iran, says warships came under fire in Strait of Hormuz",0.0,Neutral
"Fri, 08 May 2026 07:00:00 GMT",Unknown,Oil prices rise after US and Iran exchange fire in Hormuz strait,0.0,Neutral
"Fri, 08 May 2026 07:00:00 GMT",Unknown,"Aramco, Adnoc Sneak Oil Through Hormuz as Iran Menaces Strait",0.0,Neutral
"Fri, 08 May 2026 07:00:00 GMT",Unknown,"US, Iran clash in Hormuz as war escalates: What happened, why it matters",0.0,Neutral
"Fri, 08 May 2026 07:00:00 GMT",Unknown,"Oil prices jump as US, Iran trade fire in Strait of Hormuz",0.0,Neutral
"Fri, 08 May 2026 07:00:00 GMT",Unknown,‘Not a Chance Hormuz Opens’: How Wall Street’s new NACHO trade bets on a prolonged oil shock,0.14,Neutral
"Fri, 08 May 2026 07:00:00 GMT",Unknown,US fires on and disables 2 more Iranian tankers as tensions rise in the Strait of Hormuz,0.5,Positive
"Fri, 08 May 2026 07:00:00 GMT",Unknown,US and Iran exchange fire in Strait of Hormuz as peace proposal awaits response,0.0,Neutral
"Fri, 08 May 2026 07:00:00 GMT",Unknown,Trump says US-Iran ceasefire still in place after exchange of fire in Strait of Hormuz,0.0,Neutral
"Fri, 08 May 2026 07:00:00 GMT",Unknown,"EXCLUSIVE: Hungry to sell, UAE slips hidden oil tankers through Strait of Hormuz",-0.17,Neutral
"Fri, 08 May 2026 07:00:00 GMT",Unknown,WATCH — Strait of Hormuz: What’s going on and how it affects us | videoclip | Kids News,0.0,Neutral
"Fri, 08 May 2026 07:00:00 GMT",Unknown,Iran’s latest bid to control Hormuz: a quango,0.5,Positive
"Fri, 08 May 2026 07:00:00 GMT",Unknown,"Opinion: The weapon that can reopen the Strait of Hormuz? It’s the economy, stupid",-0.8,Negative
"Fri, 08 May 2026 07:00:00 GMT",Unknown,US military says it intercepted Iranian attacks in Strait of Hormuz,-0.1,Neutral
"Sat, 09 May 2026 07:00:00 GMT",Unknown,Neither US nor Iran can sustain strait of Hormuz standoff indefinitely,0.0,Neutral
"Sat, 09 May 2026 07:00:00 GMT",Unknown,"Aramco, Adnoc sneak oil through Hormuz as Iran menaces strait",0.0,Neutral
"Sat, 09 May 2026 07:00:00 GMT",Unknown,Ten weeks stuck in the Strait of Hormuz: how sailors are surviving,0.0,Neutral
"Sat, 09 May 2026 07:00:00 GMT",Unknown,We asked the IRGC for their Strait of Hormuz rules and they emailed us back,0.0,Neutral
"Sat, 09 May 2026 07:00:00 GMT",Unknown,Trump Punts Thorniest Iran Challenges in Push to Open Hormuz,0.0,Neutral
"Sat, 09 May 2026 07:00:00 GMT",Unknown,‘On level of atomic bomb’: Iran highlights Hormuz importance amid US talks,0.0,Neutral
"Sat, 09 May 2026 07:00:00 GMT",Unknown,HMS Dragon heads to Middle East for potential Strait of Hormuz mission,0.0,Neutral
"Sun, 10 May 2026 07:00:00 GMT",Unknown,Iran War: Ships’ Signals Go Haywire as Hormuz Strait Tensions Escalate,0.0,Neutral
"Sun, 10 May 2026 07:00:00 GMT",Unknown,"Iran says it will 'never bow' as Trump rejects peace counteroffer, prolonging Middle East conflict",0.0,Neutral
"Mon, 11 May 2026 07:00:00 GMT",Unknown,"Strait of Hormuz de-escalation is urgent, says UN chief",0.0,Neutral
"Mon, 11 May 2026 07:00:00 GMT",Unknown,The Strait of Hormuz is Showing us Why Mine Countermeasures Must Evolve for a Contested Maritime Fight,0.0,Neutral
"Mon, 11 May 2026 07:00:00 GMT",Unknown,Saudi Aramco CEO says oil market won't normalize until 2027 if Hormuz disruption persists,0.0,Neutral
"Mon, 11 May 2026 07:00:00 GMT",Unknown,Iran Says It’s Deployed Mini Subs in Contest to Control Hormuz,0.0,Neutral
"Mon, 11 May 2026 07:00:00 GMT",Unknown,COMMENTARY: Hormuz closure extends well beyond oil to threaten Chinese EVs,0.0,Neutral
"Mon, 11 May 2026 07:00:00 GMT",Unknown,Oil Tankers Go Dark to Exit the Strait of Hormuz,-0.33,Negative
"Mon, 11 May 2026 07:00:00 GMT",Unknown,Geospatial Intelligence Expert Y. Nithiyanandam on Why the Hormuz Strait is No Longer a Neutral Global Common,-0.12,Neutral
"Mon, 11 May 2026 07:00:00 GMT",Unknown,UK and France set to host multinational Strait of Hormuz meeting as British Warship to pre-position in the region,0.0,Neutral
"Mon, 11 May 2026 07:00:00 GMT",Unknown,'We are being attacked': Frantic call from a sailor to his family,0.0,Neutral
"Mon, 11 May 2026 07:00:00 GMT",Unknown,HMS Dragon heads for potential Strait of Hormuz mission,0.0,Neutral
"Mon, 11 May 2026 07:00:00 GMT",Unknown,"Three crude oil tankers exit Strait of Hormuz with trackers switched off, data shows",-0.7,Negative
"Tue, 12 May 2026 07:00:00 GMT",Unknown,How the Strait of Hormuz affects the price of filling your gas tank,0.0,Neutral
"Tue, 12 May 2026 07:00:00 GMT",Unknown,Taiwan’s Hormuz Option: What Taiwan Can Learn from Conflicts in the Middle East and Ukraine,0.0,Neutral
"Mon, 11 May 2026 07:00:00 GMT",Unknown,Dark Shipping and IRGC Activity Intensify Around Hormuz,-0.15,Neutral
"Tue, 12 May 2026 07:00:00 GMT",Unknown,U.S. Hormuz Blockade Succeeds in Choking off Iran’s Oil Lifeline,0.7,Positive
"Tue, 12 May 2026 07:00:00 GMT",Unknown,All eyes on the Strait of Hormuz,0.0,Neutral
"Mon, 11 May 2026 07:00:00 GMT",Unknown,US Navy Costs for Hormuz Missions Rise With Strait Blocked,0.0,Neutral
"Tue, 12 May 2026 07:00:00 GMT",Unknown,"Iran now defines Strait of Hormuz as far larger zone, IRGC officer says",0.05,Neutral
"Tue, 12 May 2026 07:00:00 GMT",Unknown,Fog of war meets fog of law in the Strait of Hormuz,0.0,Neutral
"Mon, 11 May 2026 07:00:00 GMT",Unknown,The Hidden Food Inflation Risk from the Strait of Hormuz Disruption,-0.17,Neutral
"Tue, 12 May 2026 07:00:00 GMT",Unknown,"Opinion | NATO, Please Help. Trump Has No Strategy for Iran.",0.14,Neutral
"Tue, 12 May 2026 07:00:00 GMT",Unknown,The Hormuz Crisis and China’s Energy Security Dilemma,0.0,Neutral
"Tue, 12 May 2026 07:00:00 GMT",Unknown,Windward: Hormuz shipping is increasingly going dark,-0.15,Neutral
"Tue, 12 May 2026 07:00:00 GMT",Unknown,COMMENTARY: The battle for Hormuz risks sparking the next Iran clash,0.0,Neutral
"Mon, 11 May 2026 07:00:00 GMT",Unknown,Oil Market in ‘Race Against Time’ on Hormuz,0.0,Neutral
"Tue, 12 May 2026 07:00:00 GMT",Unknown,Battle Over the Strait of Hormuz Leaves Safe Passage a Gamble,0.38,Positive
"Tue, 12 May 2026 07:00:00 GMT",Unknown,"China and US agree on opposing Hormuz tolls, State Department says",0.0,Neutral
"Mon, 11 May 2026 07:00:00 GMT",Unknown,"Second Qatari LNG tanker heads through Hormuz to Pakistan as Iran war continues, data shows",0.0,Neutral
"Tue, 12 May 2026 07:00:00 GMT",Unknown,Trump and Hegseth claim 'control' over Iran and the Strait of Hormuz as ceasefire talks are stalled,0.0,Neutral
"Tue, 12 May 2026 07:00:00 GMT",Unknown,Iran Is Using Tiny ‘Mosquito’ Boats to Shut Down the Strait of Hormuz,-0.08,Neutral
"Tue, 12 May 2026 07:00:00 GMT",Unknown,"EXCLUSIVE: Iraq, Pakistan strike energy deals with Iran as Tehran flexes Hormuz control",0.0,Neutral
"Tue, 12 May 2026 07:00:00 GMT",Unknown,The New Route Around Hormuz Involves a Massive Convoy of Trucks,0.07,Neutral
"Tue, 12 May 2026 07:00:00 GMT",Unknown,Maersk Hormuz Update: Transits Stay Suspended,0.0,Neutral
"Tue, 12 May 2026 07:00:00 GMT",Unknown,"UK promises jets, drones and warship for Strait of Hormuz defence mission",0.0,Neutral
"Mon, 11 May 2026 07:00:00 GMT",Unknown,Three tankers exit Hormuz as Iran-US negotiations collapse again,0.0,Neutral
"Mon, 11 May 2026 07:00:00 GMT",Unknown,Iran Permits Trickle of Tankers Through Hormuz as Talks Hit New Standstill,0.14,Neutral
"Mon, 11 May 2026 07:00:00 GMT",Unknown,Oil Tanker U-Turns Into Gulf of Oman After Exiting Hormuz,0.0,Neutral
"Tue, 12 May 2026 07:00:00 GMT",Unknown,US EIA concedes Middle East supply disruptions are far worse than prior estimates,-0.08,Neutral
"Mon, 11 May 2026 07:00:00 GMT",Unknown,"Oil prices tick up after Trump rejects Iran proposal, Hormuz traffic remains at a standstill",0.0,Neutral
"Tue, 12 May 2026 07:00:00 GMT",Unknown,"France and UK convene 40-nation Hormuz talks, as Iran stand-off continues",0.0,Neutral
"Tue, 12 May 2026 07:00:00 GMT",Unknown,This Is Why the Hormuz Crisis Is Different From Other Oil Crises,-0.06,Neutral
"Mon, 11 May 2026 07:00:00 GMT",Unknown,"Iran Formalises Hormuz Toll Process: How, Which Nations Will Get Permits",0.0,Neutral
"Mon, 11 May 2026 07:00:00 GMT",Unknown,Trump calls Iran's response to US peace proposal 'unacceptable',0.0,Neutral
"Mon, 11 May 2026 07:00:00 GMT",Unknown,U.S. and Iran Exchange Fire Amid a Declared Truce,0.14,Neutral
"Tue, 12 May 2026 07:00:00 GMT",Unknown,UK pledges drone boats to help secure Strait of Hormuz,0.4,Positive
"Mon, 11 May 2026 07:00:00 GMT",Unknown,"Iran warns France, UK of 'immediate response' to any Hormuz deployment",0.0,Neutral
"Mon, 11 May 2026 07:00:00 GMT",Unknown,The UN efforts to address the disruption of the Strait of Hormuz,0.0,Neutral
"Tue, 12 May 2026 07:00:00 GMT",Unknown,Joint statement on the Multinational Military Mission for the Strait of Hormuz: 12 May 2026,-0.1,Neutral
"Tue, 12 May 2026 07:00:00 GMT",Unknown,"UK to contribute drones, jets and warship to Multinational Mission to secure the Strait of Hormuz",0.4,Positive
"Mon, 11 May 2026 07:00:00 GMT",Unknown,"UK, France to host meeting of defense ministers on Hormuz, amid Iran threats",0.0,Neutral
"Mon, 11 May 2026 07:00:00 GMT",Unknown,Trump dismisses Iran’s offer; oil prices rise as Hormuz closure persists,0.0,Neutral
"Tue, 12 May 2026 07:00:00 GMT",Unknown,US government’s energy arm assumes Strait of Hormuz will stay shut through late May,-0.3,Negative
"Mon, 11 May 2026 07:00:00 GMT",Unknown,US-Iran stalemate lifts oil prices as Hormuz closure persists,0.0,Neutral
"Tue, 12 May 2026 07:00:00 GMT",Unknown,"US top diplomat Rubio discusses Iran, Strait of Hormuz with Britain and Australia",0.5,Positive
"Mon, 11 May 2026 07:00:00 GMT",Unknown,"Tens of millions risk hunger as Hormuz stand-off blocks fertiliser, UN official says",0.0,Neutral
"Mon, 11 May 2026 07:00:00 GMT",Unknown,Two oil tankers switch off trackers to pass through Strait of Hormuz,0.0,Neutral
"Mon, 11 May 2026 07:00:00 GMT",Unknown,"Iran has formalised a Hormuz permit system. Here’s how it works, who gets access and who could face...",0.0,Neutral
"Mon, 11 May 2026 07:00:00 GMT",Unknown,Ships’ signals go haywire as Hormuz Strait tensions escalate,0.0,Neutral
"Tue, 12 May 2026 07:00:00 GMT",Unknown,Oil tanker U-turns into Gulf of Oman after exiting Hormuz,0.0,Neutral
"Wed, 13 May 2026 07:00:00 GMT",Unknown,The Hormuz inflation shock is only just beginning,0.0,Neutral
"Wed, 13 May 2026 07:00:00 GMT",Unknown,Bahrain-led UN resolution on Strait of Hormuz gains support of 112 nations,0.0,Neutral
"Wed, 13 May 2026 07:00:00 GMT",Unknown,The Missing Navies: The Hormuz Crisis and the Limits of America’s Indo-Pacific Partnerships,-0.2,Neutral
"Wed, 13 May 2026 07:00:00 GMT",Unknown,"The Hormuz Effect: War, Sanctions and the Convergence of Risks in Energy Arbitration",0.0,Neutral
"Wed, 13 May 2026 07:00:00 GMT",Unknown,More Alaska crude flows to Asia as Strait of Hormuz stays shut,-0.1,Neutral
"Wed, 13 May 2026 07:00:00 GMT",Unknown,Chinese Oil Tanker Tests Safe Passage Through Strait of Hormuz,0.06,Neutral
"Tue, 12 May 2026 18:12:38 GMT",Unknown,Unlocked Insights: The Strait of Hormuz Crisis and Global Energy Resilience,0.0,Neutral
"Wed, 13 May 2026 07:00:00 GMT",Unknown,China-linked vessels transit Strait of Hormuz via Iran’s ‘safe’ corridor as Trump visits China,0.5,Positive
"Wed, 13 May 2026 07:00:00 GMT",Unknown,Chinese Tanker Set to Test US Hormuz Naval Blockade,0.0,Neutral
"Wed, 13 May 2026 07:00:00 GMT",Unknown,Iran Makes Hormuz Passage a Case-by-Case Deal,-0.7,Negative
"Wed, 13 May 2026 07:00:00 GMT",Unknown,Australian military plane to join efforts to reopen strait of Hormuz as Marles considers ‘how else we can contribute’,-0.05,Neutral
"Wed, 13 May 2026 07:00:00 GMT",Unknown,Analysis: The great strait stalemate: Who blinks first on Hormuz?,0.53,Positive
"Wed, 13 May 2026 07:00:00 GMT",Unknown,Iran says ‘smart management’ plan for Strait of Hormuz finalized in parliament commission,0.21,Positive
"Wed, 13 May 2026 07:00:00 GMT",Unknown,Why JPMorgan says the Strait of Hormuz will open by June 1,0.0,Neutral
"Wed, 13 May 2026 07:00:00 GMT",Unknown,An Uncertain World Awaits the Reopening of the Strait of Hormuz,0.14,Neutral
"Wed, 13 May 2026 07:00:00 GMT",Unknown,"Hormuz closure cuts OPEC oil production by 30% and threatens demand growth this year, cartel says",0.0,Neutral
"Wed, 13 May 2026 07:00:00 GMT",Unknown,Ships go 'dark’ in Hormuz as IRGC spurs high-stakes hide-and-seek at sea,-0.15,Neutral
"Wed, 13 May 2026 07:00:00 GMT",Unknown,Iran restores missile power in Strait of Hormuz,0.0,Neutral
"Wed, 13 May 2026 07:00:00 GMT",Unknown,Iran military says control over Hormuz to bring significant economic revenues,0.16,Neutral
"Thu, 14 May 2026 07:00:00 GMT",Unknown,Asia bears the brunt of the Hormuz crisis,0.0,Neutral
"Thu, 14 May 2026 07:00:00 GMT",Unknown,Fertilizer prices surge as Strait of Hormuz disruptions tighten supplies,0.0,Neutral
"Thu, 14 May 2026 07:00:00 GMT",Unknown,"Iran allowing transit of Chinese vessels in Strait of Hormuz, Fars news reports",0.0,Neutral
"Thu, 14 May 2026 07:00:00 GMT",Unknown,Pentagon official: Iran still threatens Strait of Hormuz,0.0,Neutral
"Thu, 14 May 2026 07:00:00 GMT",Unknown,"Trump, Xi discuss Strait of Hormuz as Chinese vessels transit key waterway",0.0,Neutral
"Thu, 14 May 2026 07:00:00 GMT",Unknown,"China will work behind the scenes to help reopen the Strait of Hormuz, Bessent says",-0.4,Negative
"Thu, 14 May 2026 07:00:00 GMT",Unknown,Iran says Chinese ships passed through Hormuz overnight,0.0,Neutral
"Thu, 14 May 2026 07:00:00 GMT",Unknown,Ship reported seized and another attacked near Strait of Hormuz,0.1,Neutral
"Thu, 14 May 2026 07:00:00 GMT",Unknown,"CENTCOM chief tells senators Iran's hold on Strait of Hormuz has weakened, but threats remain",0.0,Neutral
"Thu, 14 May 2026 07:00:00 GMT",Unknown,Iran says ships entering strait of Hormuz must cooperate after vessel seized,0.0,Neutral
"Thu, 14 May 2026 07:00:00 GMT",Unknown,"Trump and Xi Discuss the Need to Open the Strait of Hormuz, U.S. Says",0.05,Neutral
"Thu, 14 May 2026 07:00:00 GMT",Unknown,More ships attacked near Strait of Hormuz,0.3,Positive
"Thu, 14 May 2026 07:00:00 GMT",Unknown,U.S. and China Agree to Keep Strait of Hormuz Open,0.0,Neutral
"Thu, 14 May 2026 07:00:00 GMT",Unknown,"China wants Strait of Hormuz open free of curbs, USTR Greer tells Bloomberg News",0.2,Positive
"Thu, 14 May 2026 07:00:00 GMT",Unknown,CENTCOM: US troops attacked over 350 times before war,0.0,Neutral
"Thu, 14 May 2026 07:00:00 GMT",Unknown,Iran lawmaker calls for annual fees on fiber-optic cables crossing Hormuz,0.0,Neutral
"Thu, 14 May 2026 07:00:00 GMT",Unknown,Hormuz Oil Flows Creep Higher as More Supertankers Exit,0.38,Positive
"Thu, 14 May 2026 07:00:00 GMT",Unknown,"China and U.S. agree Hormuz shouldn’t be ‘militarized,’ Marco Rubio says",0.0,Neutral
"Thu, 14 May 2026 07:00:00 GMT",Unknown,Japan-Bound Oil Tanker Clears Strait of Hormuz Amid Iranian Crackdown,-0.7,Negative
"Thu, 14 May 2026 07:00:00 GMT",Unknown,What’s at stake for wildlife in the Strait of Hormuz,0.0,Neutral
"Thu, 14 May 2026 07:00:00 GMT",Unknown,Second Japan-linked oil tanker sails via Strait of Hormuz as PM asks Iran to help out,0.0,Neutral
"Thu, 14 May 2026 07:00:00 GMT",Unknown,"Chinese oil tanker exits Strait of Hormuz, heads for Zhoushan, data shows",0.0,Neutral
"Thu, 14 May 2026 07:00:00 GMT",Unknown,Report to Congress on Strait of Hormuz Non-oil Shipments and Effects on U.S. Shippers,0.0,Neutral
"Thu, 14 May 2026 07:00:00 GMT",Unknown,Iran allows Chinese ships to pass Hormuz as Trump-Xi meet,0.05,Neutral
"Thu, 14 May 2026 07:00:00 GMT",Unknown,The Middle East conflict and the blocking of the Strait of Hormuz are fueling a global hunger crisis,0.0,Neutral
"Thu, 14 May 2026 07:00:00 GMT",Unknown,'Floating armoury' ship reportedly seized by Iran,0.0,Neutral
"Thu, 14 May 2026 07:00:00 GMT",Unknown,Oil ends flat as tanker crossings through Strait of Hormuz temper supply fears,-0.03,Neutral
"Thu, 14 May 2026 07:00:00 GMT",Unknown,Oil Prices Stay Stuck Despite ‘Consensus’ That Strait of Hormuz Will Reopen in June,0.0,Neutral
"Thu, 14 May 2026 07:00:00 GMT",Unknown,Ship seized off coast of UAE near Strait of Hormuz may have been 'floating armory': report,0.1,Neutral
"Thu, 14 May 2026 07:00:00 GMT",Unknown,Debate: Do Arab oil producers have realistic alternatives to the Strait of Hormuz?,0.17,Neutral
"Thu, 14 May 2026 07:00:00 GMT",Unknown,India condemns sinking of vessel as ‘unacceptable’ as Strait of Hormuz crisis continues,0.0,Neutral
"Thu, 14 May 2026 07:00:00 GMT",Unknown,"Iran regime has ‘gun to our head’ over Strait of Hormuz, says former CIA boss",0.0,Neutral
"Thu, 14 May 2026 07:00:00 GMT",Unknown,Strait of Hormuz isn’t the ultimate ‘trump card’ for Iran — here’s why,0.0,Neutral
"Thu, 14 May 2026 07:00:00 GMT",Unknown,Chinese Tankers Resume Hormuz Transit Under Iran Coordination,-0.23,Negative
"Thu, 14 May 2026 07:00:00 GMT",Unknown,"Ship near the Strait of Hormuz seized and brought to Iran, officials say",0.1,Neutral
"Thu, 14 May 2026 07:00:00 GMT",Unknown,"SDF options in Strait of Hormuz face legal, other constraints",0.04,Neutral
"Thu, 14 May 2026 07:00:00 GMT",Unknown,"Trump, Xi agreed Strait of Hormuz ‘must remain open’, says White House",0.0,Neutral
"Thu, 14 May 2026 07:00:00 GMT",Unknown,Oil prices dip as Iran says vessels are crossing Hormuz,0.0,Neutral
"Thu, 14 May 2026 07:00:00 GMT",Unknown,Tensions flare near Strait of Hormuz as ship is seized and another is sunk,0.1,Neutral
"Fri, 15 May 2026 07:00:00 GMT",Unknown,Hormuz crisis could lead to constructive dialogue between ASEAN and China in the South China Sea,0.0,Neutral
"Fri, 15 May 2026 07:00:00 GMT",Unknown,"From destroyers to drones, how a Europe-led coalition aims to open the Strait of Hormuz",0.0,Neutral
"Fri, 15 May 2026 07:00:00 GMT",Unknown,Tensions flare near Strait of Hormuz as a ship is seized and another is sunk,0.1,Neutral
"Fri, 15 May 2026 07:00:00 GMT",Unknown,Hormuz Traffic Increases as Iran Metes Out Passage for Political Gain,0.0,Neutral
"Fri, 15 May 2026 07:00:00 GMT",Unknown,Energy secretary: Strait of Hormuz will reopen ‘sometime this summer at latest’,0.5,Positive
"Fri, 15 May 2026 07:00:00 GMT",Unknown,Hormuz and the defense posture we don’t have,0.0,Neutral
"Fri, 15 May 2026 07:00:00 GMT",Unknown,Strait of Hormuz closure causes Diet Coke shortage in India as food brands brace for wider impacts,0.0,Neutral
"Fri, 15 May 2026 07:00:00 GMT",Unknown,"Seized ship taken toward Iran as Trump and China's Xi agree Strait of Hormuz ""must remain open""",0.0,Neutral
"Fri, 15 May 2026 07:00:00 GMT",Unknown,"Strait of Hormuz: vessels are stuck, but seafarers are not",0.0,Neutral
"Fri, 15 May 2026 07:00:00 GMT",Unknown,Oman caught between US and Iran after Tehran’s claims of joint strait of Hormuz plan,0.0,Neutral
"Fri, 15 May 2026 07:00:00 GMT",Unknown,"Hormuz gives battered Iran room to wait out Trump, experts say",0.0,Neutral
"Fri, 15 May 2026 07:00:00 GMT",Unknown,"Iran war day 77: Trump, Xi discuss Hormuz as Tehran rallies BRICS",0.0,Neutral
"Fri, 15 May 2026 07:00:00 GMT",Unknown,What's behind China's Strait of Hormuz bypass?,-0.4,Negative
"Fri, 15 May 2026 07:00:00 GMT",Unknown,US military says it redirected 72 ships from transiting Strait of Hormuz,-0.1,Neutral
"Fri, 15 May 2026 07:00:00 GMT",Unknown,European allies lay groundwork for possible Hormuz maritime mission,0.0,Neutral
"Fri, 15 May 2026 07:00:00 GMT",Unknown,UAE to accelerate oil pipeline project to bypass Strait of Hormuz,0.0,Neutral
"Fri, 15 May 2026 07:00:00 GMT",Unknown,UAE's new oil pipeline push to double export capacity bypassing Hormuz,0.07,Neutral
"Fri, 15 May 2026 07:00:00 GMT",Unknown,UAE fast tracks second West-East oil pipeline to bypass Strait of Hormuz,0.1,Neutral
"Fri, 15 May 2026 07:00:00 GMT",Unknown,Araghchi says Iran will safeguard commerce in Hormuz,0.0,Neutral
"Fri, 15 May 2026 07:00:00 GMT",Unknown,China's U.N. ambassador criticizes US Hormuz resolution,0.0,Neutral
"Fri, 15 May 2026 07:00:00 GMT",Unknown,Iran eyes fees on Hormuz internet cables as new lever against the West,0.14,Neutral
"Fri, 15 May 2026 07:00:00 GMT",Unknown,Takeaways from Trump-Xi summit in Beijing,0.0,Neutral
"Fri, 15 May 2026 07:00:00 GMT",Unknown,UAE to complete second oil pipeline bypassing strait of Hormuz by 2027,0.05,Neutral
"Fri, 15 May 2026 07:00:00 GMT",Unknown,Can planned UK-France Hormuz naval mission help secure safe passage for ships?,0.45,Positive
"Fri, 15 May 2026 07:00:00 GMT",Unknown,Watch: BBC asks Trump if China will help open the Strait of Hormuz,0.0,Neutral
"Fri, 15 May 2026 07:00:00 GMT",Unknown,More than 30 vessels pass through Strait of Hormuz,0.5,Positive
"Fri, 15 May 2026 07:00:00 GMT",Unknown,Iran Seizes Chinese-Owned ‘Floating Armory’ Ship Near Hormuz,0.1,Neutral
"Fri, 15 May 2026 07:00:00 GMT",Unknown,The straight line running from Hormuz to Canada's housing market,0.2,Neutral
"Fri, 15 May 2026 07:00:00 GMT",Unknown,The Strait That Shakes Prices: Impact of the Hormuz Disruption on Inflation in India,0.0,Neutral
"Fri, 15 May 2026 07:00:00 GMT",Unknown,Oil prices surge despite Iran claiming 30 ships transited Hormuz in two days,0.0,Neutral
"Fri, 15 May 2026 07:00:00 GMT",Unknown,"China, U.S. Agree That Hormuz Should Be Reopened Quickly",0.33,Positive
"Fri, 15 May 2026 07:00:00 GMT",Unknown,Opinion | A simple step by Europe could loosen Iran’s grip on the Strait of Hormuz,0.0,Neutral
"Fri, 15 May 2026 07:00:00 GMT",Unknown,Iran Announces Strait Of Hormuz Is Open To All Ships If They Cooperate With Its Navy,0.0,Neutral
"Fri, 15 May 2026 07:00:00 GMT",Unknown,Iran allows energy giant’s ship to sail through Strait of Hormuz,0.0,Neutral
"Fri, 15 May 2026 07:00:00 GMT",Unknown,Iran FM says Strait of Hormuz open to all vessels except nations 'at war with us'; says Tehran has 'no trust in US',0.0,Neutral
"Fri, 15 May 2026 07:00:00 GMT",Unknown,The crisis in the Strait of Hormuz has triggered challenges across the world: UK statement at the UN Economic and Social Council,0.12,Neutral
"Fri, 15 May 2026 07:00:00 GMT",Unknown,Could Hormuz make Iran rich? Military says 'Yes' — Here's what experts say,0.14,Neutral
"Fri, 15 May 2026 07:00:00 GMT",Unknown,Iran: Strait of Hormuz is closed 'only to our enemies',-0.05,Neutral
"Fri, 15 May 2026 07:00:00 GMT",Unknown,Fourth Malaysian ship transits Strait of Hormuz,0.0,Neutral
"Fri, 15 May 2026 07:00:00 GMT",Unknown,'Strait of Hormuz open to all except...': Iranian FM Araghchi makes big statement amid Donald Trump's China v,0.0,Neutral
"Sat, 16 May 2026 07:00:00 GMT",Unknown,China's position on the Hormuz Strait: What 'open' really means,0.1,Neutral
"Sat, 16 May 2026 07:00:00 GMT",Unknown,Professor warns: This could happen to the economy if the Strait of Hormuz remains closed,-0.1,Neutral
"Sat, 16 May 2026 07:00:00 GMT",Unknown,"As Hormuz crisis rattles the world, eyes are on another key waterway",0.0,Neutral
"Sat, 16 May 2026 07:00:00 GMT",Unknown,Iran launches maritime insurance platform for Strait of Hormuz shipping,0.0,Neutral
"Sat, 16 May 2026 07:00:00 GMT",Unknown,Global oil stockpiles could hit record lows if Strait of Hormuz remains closed,-0.05,Neutral
"Sat, 16 May 2026 07:00:00 GMT",Unknown,Trump returns from China with little progress to reopen Hormuz,-0.19,Neutral
"Sat, 16 May 2026 07:00:00 GMT",Unknown,Al Jazeera’s exclusive report from the Strait of Hormuz,0.0,Neutral
"Sat, 16 May 2026 07:00:00 GMT",Unknown,Iran to unveil mechanism to manage Strait of Hormuz traffic for ships,0.0,Neutral
"Sat, 16 May 2026 07:00:00 GMT",Unknown,"Iran to announce mechanism to manage traffic, fees for Hormuz",0.0,Neutral
"Sat, 16 May 2026 07:00:00 GMT",Unknown,Beijing’s Silence Is Fueling the Hormuz Crisis,0.0,Neutral
"Sat, 16 May 2026 07:00:00 GMT",Unknown,Trump’s Hormuz ship insurance facility has done $0 business,0.0,Neutral
"Sat, 16 May 2026 07:00:00 GMT",Unknown,"US, Iran Stall on Hormuz Reopening as Oil Supplies Tighten",0.0,Neutral
"Sat, 16 May 2026 07:00:00 GMT",Unknown,Iraq exported 10 million barrels of oil through Strait of Hormuz in April,0.0,Neutral
"Sat, 16 May 2026 07:00:00 GMT",Unknown,"Iran will announce Strait of Hormuz mechanism, collect fees, Iranian MP says",0.0,Neutral
"Sat, 16 May 2026 07:00:00 GMT",Unknown,"Iran plans new managed Hormuz transit mechanism, ‘necessary fees’ for specialised services",0.07,Neutral
"Sat, 16 May 2026 07:00:00 GMT",Unknown,"Iran to collect fees under new Hormuz traffic system, says only friendly ships will benefit",0.17,Neutral
"Sat, 16 May 2026 07:00:00 GMT",Unknown,Iran state TV says European countries in talks with Tehran for Hormuz transit,0.0,Neutral
"Sat, 16 May 2026 09:57:36 GMT",Unknown,Can Iran Really Control the Strait of Hormuz?,0.2,Neutral
"Sun, 17 May 2026 07:00:00 GMT",Unknown,"Sailors trapped, national economies hobbled by Iran’s closure of Strait of Hormuz",-0.2,Neutral
"Sun, 17 May 2026 07:00:00 GMT",Unknown,Gridlock Persists in Hormuz While Blocked Tanker Sails On,0.0,Neutral
"Sun, 17 May 2026 07:00:00 GMT",Unknown,Al Jazeera reports from Strait of Hormuz on Iran’s plan to manage shipping,0.0,Neutral
"Sun, 17 May 2026 07:00:00 GMT",Unknown,"Pay Bitcoin, Sail Through Hormuz? Iran Reportedly Proposes Insurance Platform For Ships Passing Through The Strait",0.0,Neutral
"Sun, 17 May 2026 07:00:00 GMT",Unknown,"Trump says Xi agrees Iran must open Hormuz, but no sign China will weigh in",0.0,Neutral
"Sun, 17 May 2026 07:00:00 GMT",Unknown,Sen. Lindsey Graham says status quo in the Strait of Hormuz is ‘hurting us all’,0.0,Neutral
"Sun, 17 May 2026 07:00:00 GMT",Unknown,G7 finance ministers to meet amid warning of economic consequences of prolonged Strait of Hormuz closure,0.2,Neutral
"Sun, 17 May 2026 07:00:00 GMT",Unknown,Iran war day 79: Tehran to unveil Hormuz toll plan; Israel bombs Lebanon,0.0,Neutral
"Sun, 17 May 2026 07:00:00 GMT",Unknown,Oil prices stay in the green even after Trump calls off planned Tuesday attack on Iran,-0.2,Neutral
"Sun, 17 May 2026 07:00:00 GMT",Unknown,"Strait of Hormuz expected to reopen ‘sometime this summer at latest’, US energy secretary says",0.2,Neutral
"Sun, 17 May 2026 07:00:00 GMT",Unknown,Inside the UK-led mission to open the Strait of Hormuz,0.0,Neutral
"Sun, 17 May 2026 07:00:00 GMT",Unknown,"Hormuz must reopen without tolls or restrictions, Italian premier says",0.0,Neutral
"Mon, 18 May 2026 07:00:00 GMT",Unknown,Iran announces new body to manage Strait of Hormuz as peace talks stall,0.14,Neutral
"Mon, 18 May 2026 07:00:00 GMT",Unknown,Hormuz tanker traffic edges higher after wartime low,0.12,Neutral
"Mon, 18 May 2026 07:00:00 GMT",Unknown,Iran plans to offer insurance for Hormuz transit: Will it work?,0.0,Neutral
"Mon, 18 May 2026 07:00:00 GMT",Unknown,"Strait of Hormuz transits increase slightly as Iran, US negotiations continue",-0.17,Neutral
"Mon, 18 May 2026 07:00:00 GMT",Unknown,"Hormuz Becomes a Holding Queue: Iran’s Toll Regime, Bilateral Carve-Outs, and a Bifurcating Strait",0.0,Neutral
"Mon, 18 May 2026 07:00:00 GMT",Unknown,Iran sets up Hormuz transit authority to charge ships for passage,0.0,Neutral
"Mon, 18 May 2026 07:00:00 GMT",Unknown,COMMENTARY: Opaque oil deals around Hormuz test the petrodollar,0.0,Neutral
"Mon, 18 May 2026 07:00:00 GMT",Unknown,U.S. and Iran far from Hormuz deal as Trump says clock is ticking,0.1,Neutral
"Mon, 18 May 2026 07:00:00 GMT",Unknown,A Search for Ways Around Blocked Strait Leads to Syria,0.14,Neutral
"Mon, 18 May 2026 07:00:00 GMT",Unknown,"Iran may be turning the Strait of Hormuz into a bitcoin-based insurance market, local reports say",0.0,Neutral
"Mon, 18 May 2026 07:00:00 GMT",Unknown,Strait of Hormuz: PGSA Launches Official Account,0.0,Neutral
"Mon, 18 May 2026 07:00:00 GMT",Unknown,Tankers Entering Hormuz During War Are Making Their Way Out,0.0,Neutral
"Mon, 18 May 2026 07:00:00 GMT",Unknown,Few Foreign Ships Seen in Hormuz Amid Reports of Iran’s Insurance Plan,-0.16,Neutral
"Mon, 18 May 2026 07:00:00 GMT",Unknown,Iran sets up new Strait of Hormuz managing body amid stalled talks with US,0.14,Neutral
"Mon, 18 May 2026 07:00:00 GMT",Unknown,Tankers Entering Hormuz During Iran War Are Making Their Way Out,0.0,Neutral
"Mon, 18 May 2026 07:00:00 GMT",Unknown,Iran imposes tolls as new Persian Gulf Strait Authority takes control,0.14,Neutral
"Mon, 18 May 2026 07:00:00 GMT",Unknown,Trump’s tough-talk foreign policy is hitting a wall with Iran as it grips Strait of Hormuz,-0.12,Neutral
"Mon, 18 May 2026 07:00:00 GMT",Unknown,Iran-linked report says Hormuz Safe bitcoin-settled insurance platform aims to generate $10 billion,0.5,Positive
"Mon, 18 May 2026 07:00:00 GMT",Unknown,Iran formalizes Strait of Hormuz control and toll collection,0.0,Neutral
"Mon, 18 May 2026 07:00:00 GMT",Unknown,Iran live updates: Trump says he is canceling planned attack on Iran,0.14,Neutral
"Mon, 18 May 2026 07:00:00 GMT",Unknown,Iran announces new body to manage the Strait of Hormuz,0.14,Neutral
"Mon, 18 May 2026 07:00:00 GMT",Unknown,Al Jazeera reports from Hormuz Island as Iran says it controls the strait,0.0,Neutral
"Mon, 18 May 2026 07:00:00 GMT",Unknown,Iran Starts Bitcoin-Backed Ship Insurance for Hormuz Strait,0.0,Neutral
"Mon, 18 May 2026 07:00:00 GMT",Unknown,Iran officially announces new body to manage Strait of Hormuz,0.14,Neutral
"Mon, 18 May 2026 07:00:00 GMT",Unknown,Top Commander Dismisses Reports of Civilian Deaths in Iran,0.38,Positive
"Mon, 18 May 2026 07:00:00 GMT",Unknown,European Countries Begin Talks With Iran Over Strait Of Hormuz Ship Passage,0.0,Neutral
"Sun, 17 May 2026 07:00:00 GMT",Unknown,"US, Iran stall on Hormuz strait reopening as oil supplies tighten",0.0,Neutral
"Mon, 18 May 2026 07:00:00 GMT",Unknown,Iran’s next move after blocking Hormuz? Tehran is now eyeing the Gulf’s hidden arteries,-0.08,Neutral
"Mon, 18 May 2026 07:00:00 GMT",Unknown,Iran’s ship-smasher mini subs are loose in Hormuz. I’ve been up against them before,-0.08,Neutral
"Mon, 18 May 2026 07:00:00 GMT",Unknown,Iran sets up a new body to manage the Strait of Hormuz,0.14,Neutral
"Mon, 18 May 2026 07:00:00 GMT",Unknown,Oil rises as Trump renews threats against Iran with Hormuz Shut,0.0,Neutral
"Tue, 19 May 2026 07:00:00 GMT",Unknown,Clearing Mines in the Strait of Hormuz: Q&A with Scott Savitz,0.0,Neutral
"Tue, 19 May 2026 07:00:00 GMT",Unknown,"How the Hormuz crisis keeps disrupting kitchens, ports and paychecks",0.0,Neutral
"Tue, 19 May 2026 07:00:00 GMT",Unknown,"Mines, Blockades, and Coercion: Iran's Strategy in the Strait of Hormuz",0.0,Neutral
"Tue, 19 May 2026 07:00:00 GMT",Unknown,Iran War: NATO Considers Helping Ships Through Strait of Hormuz,0.0,Neutral
"Tue, 19 May 2026 07:00:00 GMT",Unknown,"'Global Food Crisis’ Is Incoming, Warns Lawmaker as Strait of Hormuz Remains Choked",0.0,Neutral
"Tue, 19 May 2026 07:00:00 GMT",Unknown,A ship’s crew risked the Strait of Hormuz. They met with a hail of bullets.,0.0,Neutral
"Tue, 19 May 2026 07:00:00 GMT",Unknown,Iran finds a new weapon beneath Hormuz,0.09,Neutral
"Tue, 19 May 2026 07:00:00 GMT",Unknown,After Hormuz: The Gulf In Search Of A New Order,0.14,Neutral
"Tue, 19 May 2026 07:00:00 GMT",Unknown,U.S. intel assessment says military identified at least 10 mines in Strait of Hormuz,-0.2,Neutral
"Tue, 19 May 2026 07:00:00 GMT",Unknown,India Prepares to Send Oil Tankers Through Hormuz for New Supply,0.14,Neutral
"Tue, 19 May 2026 07:00:00 GMT",Unknown,"How the Hormuz blockade hits Asia: Evaluating the chokepoint effect on China, Japan, and Vietnam",0.0,Neutral
"Tue, 19 May 2026 07:00:00 GMT",Unknown,"NATO not drawing up plans for Hormuz mission, top commander says",0.5,Positive
"Tue, 19 May 2026 07:00:00 GMT",Unknown,Iran demands Big Tech pay fees for undersea Internet cables in Strait of Hormuz,0.0,Neutral
"Tue, 19 May 2026 07:00:00 GMT",Unknown,Life inside one of the world's most dangerous waterways,-0.04,Neutral
"Tue, 19 May 2026 07:00:00 GMT",Unknown,NATO Is Starting to Consider Hormuz Mission to Protect Ships,0.0,Neutral
"Tue, 19 May 2026 07:00:00 GMT",Unknown,How realistic is threat of Iran charging to use internet cables under strait of Hormuz?,0.17,Neutral
"Tue, 19 May 2026 07:00:00 GMT",Unknown,Iran has a 'powerful weapon' in Strait of Hormuz: Expert,0.3,Positive
"Tue, 19 May 2026 07:00:00 GMT",Unknown,European countries reportedly in talks with Iran for Hormuz transits,0.0,Neutral
"Tue, 19 May 2026 07:00:00 GMT",Unknown,"Foreign Secretary warns the world cannot wait any longer to reopen the Strait of Hormuz, as food security crisis looms for countries already on the edge",-0.12,Neutral
"Tue, 19 May 2026 07:00:00 GMT",Unknown,NATO is starting to consider Hormuz deployment to protect ships,0.0,Neutral
"Tue, 19 May 2026 07:00:00 GMT",Unknown,Iran starts Bitcoin-backed shipping insurance for Hormuz strait,0.0,Neutral
"Tue, 19 May 2026 07:00:00 GMT",Unknown,Shipping surge after strait of chaos: How the Hormuz blockade broke — then bounced back,0.0,Neutral
"Tue, 19 May 2026 07:00:00 GMT",Unknown,Nato considers mission to reopen Strait of Hormuz,0.0,Neutral
"Tue, 19 May 2026 07:00:00 GMT",Unknown,"Official visit to Strait of Hormuz on the cards, says Gwede Mantashe",0.0,Neutral
"Wed, 20 May 2026 07:00:00 GMT",Unknown,Strait of Hormuz conflict threatens global food prices as FAO warns time is running out,0.0,Neutral
"Wed, 20 May 2026 07:00:00 GMT",Unknown,Strait of Hormuz closure risks greatest global energy supply shock in decades,0.5,Positive
"Wed, 20 May 2026 07:00:00 GMT",Unknown,"Iran is consolidating control of Hormuz with island checkpoints, diplomatic deals – and sometimes ‘fees’",0.0,Neutral
"Wed, 20 May 2026 07:00:00 GMT",Unknown,Iran claims it coordinated passage of 26 vessels out of Hormuz in 24 hours,0.0,Neutral
"Wed, 20 May 2026 07:00:00 GMT",Unknown,Straits and Armed Conflicts: What About the Strait of Hormuz?,0.0,Neutral
"Wed, 20 May 2026 07:00:00 GMT",Unknown,"U.S., China align on Strait of Hormuz: No tolls, no militarization under international law",0.0,Neutral
"Wed, 20 May 2026 07:00:00 GMT",Unknown,Hormuz Tankers Resume Movement as United States Signals Possible Iran Peace Deal,0.07,Neutral
"Wed, 20 May 2026 07:00:00 GMT",Unknown,UAE says new pipeline that will bypass Strait of Hormuz is nearly 50% complete,0.11,Neutral
"Wed, 20 May 2026 07:00:00 GMT",Unknown,Chinese supertankers exit Hormuz as Trump and Vance talk up Iran deal,0.0,Neutral
"Wed, 20 May 2026 07:00:00 GMT",Unknown,Tankers exit Strait of Hormuz with 6 million barrels of crude oil,-0.7,Negative
"Wed, 20 May 2026 07:00:00 GMT",Unknown,Three Supertankers Carrying 6 Million Barrels Exit Strait of Hormuz,-0.7,Negative
"Wed, 20 May 2026 07:00:00 GMT",Unknown,Industry issues Strait of Hormuz transit guidance,0.0,Neutral
"Wed, 20 May 2026 07:00:00 GMT",Unknown,Video shows U.S. enforcing Strait of Hormuz blockade,0.0,Neutral
"Wed, 20 May 2026 07:00:00 GMT",Unknown,US boards and releases Iranian tanker as PGSA outlines Hormuz boundaries,0.0,Neutral
"Tue, 19 May 2026 07:00:00 GMT",Unknown,"Donald Trump says Xi agrees Iran must open Strait of Hormuz, China calls war unjust",0.0,Neutral
"Wed, 20 May 2026 07:00:00 GMT",Unknown,Trump says willing to wait for a few days to get 'right answer' on Iran peace deal,0.11,Neutral
"Wed, 20 May 2026 07:00:00 GMT",Unknown,Why Trump can’t reopen Hormuz without Nato minehunters,0.0,Neutral
"Tue, 19 May 2026 07:00:00 GMT",Unknown,A Handful of Tankers Are Still Crossing the Strait of Hormuz,-0.7,Negative
"Wed, 20 May 2026 07:00:00 GMT",Unknown,"Oil plunges as Trump says US is in 'final stages' on deal with Iran, tankers cross through Hormuz Strait",0.0,Neutral
"Wed, 20 May 2026 07:00:00 GMT",Unknown,Iran examines new US proposal as Trump says talks are in 'final stages',0.07,Neutral
"Wed, 20 May 2026 07:00:00 GMT",Unknown,"Tankers exit Strait of Hormuz as Trump, Vance talk up Iran deal prospects",0.0,Neutral
"Wed, 20 May 2026 07:00:00 GMT",Unknown,"Tankers exit Hormuz as Trump, Vance talk up Iran deal prospects",0.0,Neutral
"Wed, 20 May 2026 07:00:00 GMT",Unknown,Three tankers cross Strait of Hormuz as Iran negotiations enter ‘final stages’,0.0,Neutral
"Thu, 21 May 2026 07:00:00 GMT",Unknown,"Defying The US, Iran Is Cementing Its Control Over The Strait Of Hormuz",0.4,Positive
"Thu, 21 May 2026 07:00:00 GMT",Unknown,"With the Strait of Hormuz closed, the Panama Canal is busier than ever. It should use this windfall wisely.",0.3,Positive
"Thu, 21 May 2026 07:00:00 GMT",Unknown,Strait of Hormuz: Iran steps up claim to control Middle East waterway,0.0,Neutral
"Thu, 21 May 2026 07:00:00 GMT",Unknown,Iran and Oman in Talks Over Strait of Hormuz Ship Payment System,0.14,Neutral
"Thu, 21 May 2026 07:00:00 GMT",Unknown,Iran in Talks With Oman Over Permanent Hormuz Toll System,0.0,Neutral
"Thu, 21 May 2026 07:00:00 GMT",Unknown,Iran says US failed to reopen Strait of Hormuz despite ‘tricks’,-0.5,Negative
"Wed, 20 May 2026 07:00:00 GMT",Unknown,"Iran seeking mechanism with Oman over Hormuz, foreign ministry spokesperson says",-0.12,Neutral
"Thu, 21 May 2026 07:00:00 GMT",Unknown,Iran Tightens Control Over Strait of Hormuz with New Permit Rules,0.14,Neutral
"Thu, 21 May 2026 07:00:00 GMT",Unknown,"Watch Trump Wants Strait of Hormuz Open, Free, With No Tolls",0.2,Positive
"Thu, 21 May 2026 07:00:00 GMT",Unknown,Maths behind Hormuz toll: Is paying Iran for transit cheaper than blockade?,-0.4,Negative
"Thu, 21 May 2026 07:00:00 GMT",Unknown,"No full Hormuz flows until first half of 2027, UAE's oil giant says",-0.02,Neutral
"Thu, 21 May 2026 07:00:00 GMT",Unknown,"Iran War: Iran, Oman in Talks Over Permanent Toll System for Strait of Hormuz",0.0,Neutral
"Thu, 21 May 2026 07:00:00 GMT",Unknown,France rejects any possible NATO role in Strait of Hormuz,0.0,Neutral
"Thu, 21 May 2026 07:00:00 GMT",Unknown,What we know about Iran's new system of transit in the Strait of Hormuz,0.09,Neutral
"Thu, 21 May 2026 07:00:00 GMT",Unknown,Demanding safe return for Hormuz seafarers,0.33,Positive
"Thu, 21 May 2026 07:00:00 GMT",Unknown,Gulf States Tell Ships Not to Use Iran’s Strait of Hormuz Route,0.0,Neutral
"Thu, 21 May 2026 07:00:00 GMT",Unknown,Erratic Traffic Poses Real Risks for Strait of Hormuz Transits,0.2,Neutral
"Thu, 21 May 2026 07:00:00 GMT",Unknown,Iran’s threat to Strait of Hormuz submarine cables,0.0,Neutral
"Thu, 21 May 2026 07:00:00 GMT",Unknown,Iran Establishes New ‘Controlled Maritime Zone’ In Strait Of Hormuz,0.14,Neutral
"Wed, 20 May 2026 07:00:00 GMT",Unknown,How could Iran's threatened internet cable tariffs affect Europe?,0.0,Neutral
"Wed, 20 May 2026 07:00:00 GMT",Unknown,Iran Guards say they ‘coordinated’ 26 ships passing through Hormuz since yesterday,0.0,Neutral
"Thu, 21 May 2026 07:00:00 GMT",Unknown,Iran discusses Hormuz toll system with Oman,0.0,Neutral
"Thu, 21 May 2026 07:00:00 GMT",Unknown,EU cuts 2026 growth forecast as Strait of Hormuz crisis pushes inflation up,0.0,Neutral
"Wed, 20 May 2026 07:00:00 GMT",Unknown,"Shipping traffic through Strait of Hormuz rebounds, report says",0.0,Neutral
"Wed, 20 May 2026 07:00:00 GMT",Unknown,"World has 6 months to avert major food crisis, says UN as Hormuz struggle drags on",0.06,Neutral
"Thu, 21 May 2026 07:00:00 GMT",Unknown,Iran unveils plan for total control of Strait of Hormuz,0.0,Neutral
"Wed, 20 May 2026 07:00:00 GMT",Unknown,India plans to send oil tankers through Strait of Hormuz for new supply amid Iran conflict disruptions,0.14,Neutral
"Thu, 21 May 2026 07:00:00 GMT",Unknown,"Trump demands free passage for ships through Hormuz, says U.S. will take Iran’s uranium",0.4,Positive
"Thu, 21 May 2026 07:00:00 GMT",Unknown,Iran’s Hormuz authority claims control of waters south of UAE port,0.0,Neutral
"Thu, 21 May 2026 07:00:00 GMT",Unknown,Iran in talks with Oman over permanent toll system for Hormuz,0.0,Neutral
"Wed, 20 May 2026 07:00:00 GMT",Unknown,Chinese tankers exit Strait of Hormuz with 4 million barrels of crude oil,-0.35,Negative
"Wed, 20 May 2026 07:00:00 GMT",Unknown,NATO is starting to consider Hormuz mission to protect ships,0.0,Neutral
"Thu, 21 May 2026 07:00:00 GMT",Unknown,‘Priority is to secure release of 14 Indian vessels currently stranded in Hormuz’: Govt official,0.2,Neutral
"Fri, 22 May 2026 07:00:00 GMT",Unknown,Hormuz Is a Warning for the Indo-Pacific,-0.12,Neutral
"Fri, 22 May 2026 07:00:00 GMT",Unknown,How fertilizer policies could exacerbate Hormuz price shocks,0.0,Neutral
"Fri, 22 May 2026 07:00:00 GMT",Unknown,"U.S., Iran signal peace progress — but remain at odds over enriched uranium, Strait of Hormuz tolls",0.0,Neutral
"Fri, 22 May 2026 07:00:00 GMT",Unknown,US or Iran: Who will win the Hormuz blockade endurance game?,0.2,Positive
"Fri, 22 May 2026 07:00:00 GMT",Unknown,"Europeans have capabilities the US lacks to secure Strait of Hormuz, Rutte says",0.4,Positive
"Fri, 22 May 2026 07:00:00 GMT",Unknown,"Iran, Oman discuss Strait of Hormuz toll system: Report",0.0,Neutral
"Fri, 22 May 2026 07:00:00 GMT",Unknown,Oil Prices Climb Over Disruptions Around Strait of Hormuz,0.0,Neutral
"Fri, 22 May 2026 07:00:00 GMT",Unknown,Dems see ‘missed opportunity’ in Trump resisting Xi’s Hormuz help,0.0,Neutral
"Fri, 22 May 2026 07:00:00 GMT",Unknown,Progress in Iran talks undercut over uranium and Strait of Hormuz tolls,0.0,Neutral
"Fri, 22 May 2026 07:00:00 GMT",Unknown,"Iran Talks See 'Slight Progress,' Says Rubio, Warns Against Toll For Hormuz Strait",0.02,Neutral
"Fri, 22 May 2026 07:00:00 GMT",Unknown,Iran asserts jurisdiction over UAE and Oman waters in new Hormuz map,0.14,Neutral
"Fri, 22 May 2026 07:00:00 GMT",Unknown,Iran Continues to Assert Hormuz Transits Are Increasing Under Its Control,0.0,Neutral
"Fri, 22 May 2026 07:00:00 GMT",Unknown,Can Venezuelan oil save India amid the Hormuz energy crisis?,0.0,Neutral
"Fri, 22 May 2026 07:00:00 GMT",Unknown,Qatar sends mediators to Tehran in sign talks to reopen strait of Hormuz are reaching climax,0.0,Neutral
"Fri, 22 May 2026 07:00:00 GMT",Unknown,US envoy says Greenland could relieve Strait of Hormuz oil pressure,0.0,Neutral
"Fri, 22 May 2026 07:00:00 GMT",Unknown,Iran held talks with Oman on Hormuz transit fees – NYT,0.0,Neutral
"Fri, 22 May 2026 07:00:00 GMT",Unknown,"Iran moves to broaden its control over Hormuz, infuriating its Gulf neighbors and the US",-0.6,Negative
"Fri, 22 May 2026 07:00:00 GMT",Unknown,Iran's IRGC says 31 ships crossed Hormuz in past 24 hours in coordination with its navy,-0.25,Negative
"Fri, 22 May 2026 07:00:00 GMT",Unknown,The Strait of Hormuz Disruption and India's Pharmaceutical Sector,0.0,Neutral
"Fri, 22 May 2026 07:00:00 GMT",Unknown,UAE rejects Iran’s Hormuz authority claims as “pipe dreams” amid stalled nuclear talks,0.0,Neutral
"Fri, 22 May 2026 07:00:00 GMT",Unknown,"US opposes Strait of Hormuz tolls, vows to get uranium from Iran",0.0,Neutral
"Sat, 23 May 2026 07:00:00 GMT",Unknown,The Risks of Iran’s Threat to Control the Strait of Hormuz,0.14,Neutral
"Sat, 23 May 2026 07:00:00 GMT",Unknown,How Iran Hopes To Control The Strait Of Hormuz—It’s Not Just About Fees,0.0,Neutral
"Sat, 23 May 2026 07:00:00 GMT",Unknown,Trump says a deal with Iran and opening of Strait of Hormuz are ‘largely negotiated’,0.21,Positive
"Sat, 23 May 2026 07:00:00 GMT",Unknown,Exclusive: What's inside the Iran deal Trump is close to signing,0.0,Neutral
"Sat, 23 May 2026 07:00:00 GMT",Unknown,"I survived a missile strike in the Strait of Hormuz, but my friend has not been found",0.0,Neutral
"Sat, 23 May 2026 07:00:00 GMT",Unknown,"Iran, US edge toward deal to end war and reopen Hormuz",0.0,Neutral
"Fri, 22 May 2026 07:00:00 GMT",Unknown,Iran Is Tightening Its Grip on the Strait of Hormuz,-0.7,Negative
"Sat, 23 May 2026 07:00:00 GMT",Unknown,Britain Preparing for Mission That Could Clear Strait of Hormuz,0.11,Neutral
"Sat, 23 May 2026 07:00:00 GMT",Unknown,"Trump says Iran deal ‘largely negotiated,’ Strait of Hormuz will be opened",0.21,Positive
"Sat, 23 May 2026 07:00:00 GMT",Unknown,"US, Iran strike upbeat tone as Hormuz deal takes shape",0.0,Neutral
"Sat, 23 May 2026 07:00:00 GMT",Unknown,"As U.S.-Iran deal nears, Trump ally warns against creating perception Tehran controls Hormuz",0.0,Neutral
"Sat, 23 May 2026 07:00:00 GMT",Unknown,Trump touts Iran breakthrough but details remain unclear,0.0,Neutral
"Sat, 23 May 2026 07:00:00 GMT",Unknown,"Trump says Iran deal reopening Strait of Hormuz 'largely negotiated,' will be announced soon",0.21,Positive
"Sat, 23 May 2026 07:00:00 GMT",Unknown,Trump says agreement with Iran has ‘been largely negotiated’ and Strait of Hormuz will be opened,0.21,Positive
"Sat, 23 May 2026 07:00:00 GMT",Unknown,Trump says a deal with Iran that would reopen the Strait of Hormuz has been 'largely negotiated',0.21,Positive
"Sat, 23 May 2026 07:00:00 GMT",Unknown,US says 100 commercial vessels redirected from Strait of Hormuz,0.0,Neutral
"Sat, 23 May 2026 07:00:00 GMT",Unknown,LNG Tanker Exits Hormuz for India for First Time Since War Began,0.25,Positive
"Sat, 23 May 2026 07:00:00 GMT",Unknown,What If the Strait of Hormuz Didn’t Reopen?,0.0,Neutral
"Sat, 23 May 2026 07:00:00 GMT",Unknown,Trump claims peace deal with Iran ‘largely negotiated’ with strait of Hormuz to open,0.11,Neutral
"Sat, 23 May 2026 07:00:00 GMT",Unknown,"Deal with Iran to reopen Strait of Hormuz 'largely negotiated,' Trump says",0.21,Positive
"Sat, 23 May 2026 07:00:00 GMT",Unknown,Iran’s IRGC Navy Says 35 Commercial Ships Transited Through Strait Of Hormuz With Its Permission,0.0,Neutral
"Sat, 23 May 2026 07:00:00 GMT",Unknown,"Hormuz will stay under Iran's management, Trump's post 'inconsistent with reality' — Iran's Fars news",0.0,Neutral
"Sat, 23 May 2026 07:00:00 GMT",Unknown,Iran and Oman reveals shocking plan for Strait of Hormuz and oil,-1.0,Negative
"Sat, 23 May 2026 07:00:00 GMT",Unknown,"Trump says Iran deal to reopen Strait of Hormuz is ""largely negotiated""",0.21,Positive
"Sat, 23 May 2026 07:00:00 GMT",Unknown,"100 ships redirected amid naval blockade of Iran ports, Strait of Hormuz: Centcom",0.0,Neutral
"Fri, 22 May 2026 07:00:00 GMT",Unknown,Iran tightens grip on Strait of Hormuz with new transit regime,0.14,Neutral
"Sat, 23 May 2026 07:00:00 GMT",Unknown,Iranian news agency dismisses Trump’s claim to control the Strait of Hormuz amid possible peace deal,0.0,Neutral
"Sun, 24 May 2026 07:00:00 GMT",Unknown,Trump says not to rush as U.S. nears potential Iran deal,0.0,Neutral
"Sun, 24 May 2026 07:00:00 GMT",Unknown,Trump says Iran deal 'largely negotiated' including reopening Strait of Hormuz,0.21,Positive
"Sun, 24 May 2026 07:00:00 GMT",Unknown,"Trump, Iran near deal on reopening Strait of Hormuz",0.1,Neutral
"Sun, 24 May 2026 07:00:00 GMT",Unknown,Rubio says progress made on 'outline' to open Strait of Hormuz 'without toll',0.0,Neutral
"Sun, 24 May 2026 07:00:00 GMT",Unknown,The GCC should insure itself against the next Strait of Hormuz crisis,0.0,Neutral
"Sun, 24 May 2026 07:00:00 GMT",Unknown,"Adnoc’s Tankers Are Slipping Oil, Gas and Fuel Through Hormuz",-0.1,Neutral
"Sun, 24 May 2026 07:00:00 GMT",Unknown,"Potential deal could restore Hormuz traffic to pre-war level in 30 days, report says",0.0,Neutral
"Sun, 24 May 2026 07:00:00 GMT",Unknown,Iranian Officials Say Proposed Peace Deal Would End Fighting and Open Strait,0.05,Neutral
"Sun, 24 May 2026 07:00:00 GMT",Unknown,Iran: Trump remarks on Strait of Hormuz ‘inconsistent with reality’,0.0,Neutral
"Sun, 24 May 2026 07:00:00 GMT",Unknown,Reopening of Strait of Hormuz Still a Question Mark,0.14,Neutral
"Sun, 24 May 2026 07:00:00 GMT",Unknown,British sailors prepare to deploy on a mine clearing mission to Hormuz which may never come,0.0,Neutral
"Sun, 24 May 2026 07:00:00 GMT",Unknown,"Deal to Reopen Hormuz Gets Closer, But With Little Agreement in Public",-0.09,Neutral
"Sun, 24 May 2026 07:00:00 GMT",Unknown,"US, Iran work to extend ceasefire and reopen Straight of Hormuz",0.2,Neutral
"Sun, 24 May 2026 07:00:00 GMT",Unknown,Oil drops as U.S. says deal with Iran and Hormuz reopening is near,0.1,Neutral
"Sun, 24 May 2026 07:00:00 GMT",Unknown,"US, Iran inch closer to deal to end the war: What to know",0.0,Neutral
"Sun, 24 May 2026 07:00:00 GMT",Unknown,Trump says Iran deal ‘largely negotiated’ and would reopen Strait of Hormuz,0.21,Positive
"Sun, 24 May 2026 07:00:00 GMT",Unknown,Hormuz traffic to return to pre-war levels within 30 days after peace deal: Iran,0.0,Neutral
"Sun, 24 May 2026 07:00:00 GMT",Unknown,"Trump says Iran deal ‘largely negotiated’, would reopen Strait of Hormuz",0.21,Positive
"Sun, 24 May 2026 07:00:00 GMT",Unknown,Trump says a deal is close. Here are the sticking points still dividing the US and Iran,0.0,Neutral
"Sun, 24 May 2026 07:00:00 GMT",Unknown,Iran says Trump’s Hormuz reopening claim ‘far from reality’,0.1,Neutral
"Sun, 24 May 2026 07:00:00 GMT",Unknown,"US, Iran near 60-day ceasefire deal to reopen Strait of Hormuz",0.1,Neutral
"Mon, 25 May 2026 07:00:00 GMT",Unknown,"Even After a Strait of Hormuz Deal, Moving 1,500 Ships Won’t Be Easy",0.33,Positive
"Mon, 25 May 2026 07:00:00 GMT",Unknown,"Iran-U.S. negotiators have agreed to broad principles of agreement, official says; Trump says ""time is on our side""",0.06,Neutral
"Mon, 25 May 2026 07:00:00 GMT",Unknown,Iran's intensified closure of Strait of Hormuz piles misery on stranded sailors,0.0,Neutral
"Mon, 25 May 2026 07:00:00 GMT",Unknown,Islamic regime repackaging Hormuz tolls as fee for 'navigational services',0.0,Neutral
"Mon, 25 May 2026 07:00:00 GMT",Unknown,"Iran is in the 'process of blinking' over the Strait of Hormuz, Petraeus says",0.0,Neutral
"Mon, 25 May 2026 07:00:00 GMT",Unknown,More Tankers Make It Through the Strait of Hormuz,0.1,Neutral
"Mon, 25 May 2026 07:00:00 GMT",Unknown,Oil Slides as Ships Move Toward Hormuz,0.0,Neutral
"Mon, 25 May 2026 07:00:00 GMT",Unknown,Iran allows 32 ships through Strait of Hormuz amid diplomatic push,0.0,Neutral
"Mon, 25 May 2026 07:00:00 GMT",Unknown,"Iran would open Strait of Hormuz 30 days after peace deal, Nikkei reports citing source",0.0,Neutral
"Mon, 25 May 2026 07:00:00 GMT",Unknown,"Oil and LNG tankers exit Hormuz, heading for Pakistan and China",0.0,Neutral
"Mon, 25 May 2026 07:00:00 GMT",Unknown,"India turns to Latin American, African oil after Hormuz disruption",0.0,Neutral
"Mon, 25 May 2026 07:00:00 GMT",Unknown,Strait of Hormuz Crisis Triggers Global Fertilizer Supply Shock,-0.23,Negative
"Mon, 25 May 2026 07:00:00 GMT",Unknown,Swiss Trader Had Lucrative Role Getting Iraqi Oil Through Hormuz,0.0,Neutral
"Mon, 25 May 2026 07:00:00 GMT",Unknown,Iran lets 33 vessels pass through the Strait of Hormuz,0.0,Neutral
"Mon, 25 May 2026 07:00:00 GMT",Unknown,Iran says charging fees for 'navigational services' through Hormuz,0.0,Neutral
"Mon, 25 May 2026 07:00:00 GMT",Unknown,"Markets rejoice as deal to reopen Hormuz nears, but US forces conduct 'self-defense strikes' on Iran",0.0,Neutral
"Mon, 25 May 2026 07:00:00 GMT",Unknown,Middle East is investing heavily in Strait of Hormuz alternatives: KKR's Petraeus,-0.1,Neutral
"Mon, 25 May 2026 07:00:00 GMT",Unknown,"Hormuz first, nukes later: The real logic behind the emerging US-Iran deal",0.01,Neutral
"Mon, 25 May 2026 07:00:00 GMT",Unknown,Qatar Quietly Exports LNG Through Hormuz Destined for Key Buyers,0.0,Neutral
"Mon, 25 May 2026 07:00:00 GMT",Unknown,Inside the Tehran press conference where the ABC was the only Western media present,0.0,Neutral
"Mon, 25 May 2026 07:00:00 GMT",Unknown,U.S. and Iran work toward deal to extend ceasefire and reopen Strait of Hormuz,0.0,Neutral
"Mon, 25 May 2026 07:00:00 GMT",Unknown,"I solved the Strait of Hormuz crisis with videogames, simply by creating an even bigger Strait of Hormuz crisis",0.0,Neutral
"Mon, 25 May 2026 07:00:00 GMT",Unknown,"To Get the Strait Open, Trump Had to Leave the Hardest Issues for Later",0.03,Neutral
"Mon, 25 May 2026 07:00:00 GMT",Unknown,"Ship signal jamming, a global threat made worse by Strait of Hormuz crisis",-0.2,Neutral
"Mon, 25 May 2026 07:00:00 GMT",Unknown,"Trump says there is no rush for Iran deal, US blockade stays",0.0,Neutral
"Mon, 25 May 2026 07:00:00 GMT",Unknown,Iran delegation in Qatar seeks deal on frozen assets and Hormuz blockade,0.0,Neutral
"Mon, 25 May 2026 07:00:00 GMT",Unknown,"Is Strait of Hormuz now open? More oil, LNG tankers cross Gulf chokepoint",0.17,Neutral
"Mon, 25 May 2026 07:00:00 GMT",Unknown,What if Hormuz doesn’t reopen?,0.0,Neutral
"Mon, 25 May 2026 07:00:00 GMT",Unknown,"Adnoc’s tankers are slipping oil, gas and fuel through Hormuz",-0.1,Neutral
"Tue, 26 May 2026 07:00:00 GMT",Unknown,How Could the Strait of Hormuz Chokepoint Impact Future Business Dynamics?,0.0,Neutral
"Tue, 26 May 2026 07:00:00 GMT",Unknown,Iran’s threat to control the Strait of Hormuz is rattling oil markets: 'People are afraid',-0.6,Negative
"Tue, 26 May 2026 07:00:00 GMT",Unknown,Iran Is Not Trying to Close Hormuz Anymore. It Is Trying to Own It.,0.6,Positive
"Tue, 26 May 2026 07:00:00 GMT",Unknown,Two More Oil Supertankers Exit Hormuz to Help Push Up Flows,0.5,Positive
"Tue, 26 May 2026 07:00:00 GMT",Unknown,"Giving Iran control of Strait of Hormuz would be a mistake, Bolton argues",0.0,Neutral
"Tue, 26 May 2026 07:00:00 GMT",Unknown,Oman Leverages its Influence With Iran to Resolve Strait of Hormuz Impasse,0.0,Neutral
"Tue, 26 May 2026 07:00:00 GMT",Unknown,US and Iran clash near Hormuz,0.1,Neutral
"Tue, 26 May 2026 07:00:00 GMT",Unknown,Iran war day 88: US attacks near Strait of Hormuz; talks under way in Qatar,0.1,Neutral
"Tue, 26 May 2026 07:00:00 GMT",Unknown,Piper Sandler says Strait of Hormuz to remain closed for months and oil to hit new highs,0.02,Neutral
"Tue, 26 May 2026 07:00:00 GMT",Unknown,Rubio says Strait of Hormuz has to be open 'one way or the other',-0.06,Neutral
"Tue, 26 May 2026 07:00:00 GMT",Unknown,US and Iranian forces clash overnight in the Strait of Hormuz,0.0,Neutral
"Tue, 26 May 2026 07:00:00 GMT",Unknown,Report: U.S. Restarts Escorting Ships Crossing Strait of Hormuz,0.0,Neutral
"Tue, 26 May 2026 07:00:00 GMT",Unknown,Ships Stack Up at Hormuz Entrance as U.S. Denies Report of Navy Escorts,0.0,Neutral
"Tue, 26 May 2026 07:00:00 GMT",Unknown,"US and Iran Reach Deal to Reopen Strait of Hormuz, But Global Oil Relief May Take Months",0.0,Neutral
"Tue, 26 May 2026 07:00:00 GMT",Unknown,US carries out ‘self-defense strikes’ around the Strait of Hormuz,0.0,Neutral
"Tue, 26 May 2026 07:00:00 GMT",Unknown,Tanker hit by explosion near Hormuz hours after US strikes on Iran,0.1,Neutral
"Tue, 26 May 2026 07:00:00 GMT",Unknown,Hormuz Shutdown Sends Capital Flooding Back Into Renewables,-0.23,Negative
"Tue, 26 May 2026 07:00:00 GMT",Unknown,Rubio says Strait of Hormuz will open ‘one way or the other’,-0.06,Neutral
"Tue, 26 May 2026 07:00:00 GMT",Unknown,Inside the '911 call center' for Strait of Hormuz oil tankers stuck in crossfire,-0.1,Neutral
"Tue, 26 May 2026 07:00:00 GMT",Unknown,Iran to open Hormuz 30 days after US deal to end fighting: source,0.0,Neutral
"Tue, 26 May 2026 07:00:00 GMT",Unknown,Impact of war in Iran and closure of Hormuz Strait felt acutely in Afghanistan,0.6,Positive
"Tue, 26 May 2026 07:00:00 GMT",Unknown,US and Iran Clash Near Hormuz Even as Both Tout Talks Progress,0.1,Neutral
"Tue, 26 May 2026 07:00:00 GMT",Unknown,'No light at the end of tunnel' to open Strait of Hormuz for now: Shipping executive,-0.1,Neutral
"Tue, 26 May 2026 07:00:00 GMT",Unknown,"White House promises lower energy prices 'as soon as the Straits are open,' but analysts say to prepare for a 'Hormuz Hangover'",0.0,Neutral
"Tue, 26 May 2026 07:00:00 GMT",Unknown,Strait of Hormuz will open ‘one way or the other’ as Trump gathers cabinet,-0.06,Neutral
"Tue, 26 May 2026 07:00:00 GMT",Unknown,Bahrain foreign minister warns on Strait of Hormuz,-0.08,Neutral
"Mon, 25 May 2026 13:47:58 GMT",Unknown,"Number of Ships Transiting Strait of Hormuz will Return to Pre-War Level in 30 days Under Potential deal, Tasnim Says",0.0,Neutral
"Tue, 26 May 2026 07:00:00 GMT",Unknown,DMW tightens watch on Filipino seafarers crossing Strait of Hormuz,0.0,Neutral
"Wed, 27 May 2026 07:00:00 GMT",Unknown,"US strikes Iran again, official says, after Trump denies deal on Strait of Hormuz",0.0,Neutral
"Wed, 27 May 2026 07:00:00 GMT",Unknown,Trump threatens Oman in latest play to open the Strait of Hormuz,0.25,Positive
"Wed, 27 May 2026 07:00:00 GMT",Unknown,Iran says US violated ceasefire with strikes near Hormuz,0.1,Neutral
"Wed, 27 May 2026 07:00:00 GMT",Unknown,Strait of Hormuz closure chokes trade and aid for Afghanistan,0.0,Neutral
"Wed, 27 May 2026 07:00:00 GMT",Unknown,"Iran state TV says draft deal with US would reopen Hormuz shipping, end naval blockade",0.0,Neutral
"Wed, 27 May 2026 07:00:00 GMT",Unknown,Oil prices turn lower as U.S.-Iran ceasefire extension awaits Trump approval,0.0,Neutral
"Wed, 27 May 2026 07:00:00 GMT",Unknown,US Treasury sanctions Iran's Hormuz strait authority,0.0,Neutral
"Wed, 27 May 2026 07:00:00 GMT",Unknown,Traders are skeptical of Iran timeline for Strait of Hormuz reopening,-0.5,Negative
"Wed, 27 May 2026 07:00:00 GMT",Unknown,Oil prices fall more than 5% after Rubio says U.S. will give Iran talks 'every chance to succeed',0.5,Positive
"Wed, 27 May 2026 07:00:00 GMT",Unknown,Oil and LNG tankers transiting Strait of Hormuz since start of Iran war,0.0,Neutral
"Wed, 27 May 2026 07:00:00 GMT",Unknown,Strait of Hormuz Traffic Fades to a Crawl After Supertankers Exit,0.0,Neutral
"Wed, 27 May 2026 07:00:00 GMT",Unknown,"Iranian missile likely involved in attack on ship in Strait of Hormuz, South Korea says",0.0,Neutral
"Wed, 27 May 2026 07:00:00 GMT",Unknown,Hormuz ship transits rise May 26 as another Malaysian VLCC exits strait: CAS,0.0,Neutral
"Wed, 27 May 2026 07:00:00 GMT",Unknown,Trump appears to threaten Oman over Strait of Hormuz impasse,0.0,Neutral
"Wed, 27 May 2026 07:00:00 GMT",Unknown,"White House calls Iranian report on Hormuz, MOU 'complete fabrication'",0.05,Neutral
"Wed, 27 May 2026 07:00:00 GMT",Unknown,US Navy Assisting Ships Cross Strait of Hormuz,0.0,Neutral
"Wed, 27 May 2026 07:00:00 GMT",Unknown,Trump threatens to ‘blow up’ US ally Oman amid talks over strait of Hormuz,0.0,Neutral
"Wed, 27 May 2026 07:00:00 GMT",Unknown,Oil prices fall after Iran state media says deal with US would include restored Hormuz shipping,0.0,Neutral
"Wed, 27 May 2026 07:00:00 GMT",Unknown,Strait of Hormuz Traffic Fades to a Crawl,0.0,Neutral
"Wed, 27 May 2026 07:00:00 GMT",Unknown,Trump says no country will control Hormuz Strait under future Iran deal,0.0,Neutral
"Wed, 27 May 2026 07:00:00 GMT",Unknown,Three Months Into Operation Epic Fury: How Iran Restructured Hormuz Instead of Closing It,0.1,Neutral
"Wed, 27 May 2026 07:00:00 GMT",Unknown,Global Monthly,0.0,Neutral
"Wed, 27 May 2026 07:00:00 GMT",Unknown,"We daren’t ask, but … what if the Strait of Hormuz doesn’t reopen?",0.0,Neutral
"Wed, 27 May 2026 07:00:00 GMT",Unknown,"Iran claims that Hormuz payments should not be viewed as ""tolls""",0.0,Neutral
"Tue, 26 May 2026 07:00:00 GMT",Unknown,"Even after a Strait of Hormuz deal, moving 1,500 ships won’t be easy",0.43,Positive
"Wed, 27 May 2026 07:00:00 GMT",Unknown,Brent jumps 4% as US strikes dim Hormuz hopes,0.1,Neutral
"Wed, 27 May 2026 07:00:00 GMT",Unknown,"Iran could open Strait of Hormuz within a month if terms agreed, state TV says",0.0,Neutral
"Wed, 27 May 2026 07:00:00 GMT",Unknown,"Trump says Iran and Oman will not control Strait of Hormuz, deal remains elusive [WATCH]",0.0,Neutral
"Wed, 27 May 2026 07:00:00 GMT",Unknown,Food price risks as Strait of Hormuz disruption drives up farm costs,0.0,Neutral
"Thu, 28 May 2026 07:00:00 GMT",Unknown,The Strait of Hormuz: The supply chain loop that broke the world,0.0,Neutral
"Thu, 28 May 2026 07:00:00 GMT",Unknown,The Strait of Hormuz Closure and the Reshaping of Energy Geopolitics,0.0,Neutral
"Thu, 28 May 2026 07:00:00 GMT",Unknown,U.S. imposes sanctions on Iranian agency trying to control shipping in the Strait of Hormuz,0.0,Neutral
"Thu, 28 May 2026 07:00:00 GMT",Unknown,U.S. and Iran Move Toward Agreement to Reopen the Strait of Hormuz,0.14,Neutral
"Thu, 28 May 2026 07:00:00 GMT",Unknown,"Suez, Panama canals charge for transit — why can't Hormuz?",0.0,Neutral
"Thu, 28 May 2026 07:00:00 GMT",Unknown,Trump Threatens to ‘Blow Up’ Oman Over Strait of Hormuz,0.0,Neutral
"Thu, 28 May 2026 07:00:00 GMT",Unknown,Iran and US trade attacks after Trump rejects report of Hormuz agreement,0.0,Neutral
"Thu, 28 May 2026 07:00:00 GMT",Unknown,"The Choking Point: How Strait of Hormuz Disruptions Impact Global Maritime Logistics, Law and Policy",0.0,Neutral
"Thu, 28 May 2026 07:00:00 GMT",Unknown,"US, Iran reach tentative deal, waiting for Trump’s approval, sources say",0.0,Neutral
"Thu, 28 May 2026 07:00:00 GMT",Unknown,Iran says IRGC navy turned back US tanker near Strait of Hormuz,0.05,Neutral
"Thu, 28 May 2026 07:00:00 GMT",Unknown,U.K. Mine Countermeasures Mothership Leaves Gibraltar for Potential Strait of Hormuz Mission,0.0,Neutral
"Thu, 28 May 2026 07:00:00 GMT",Unknown,Bowen Professor Richard Kilpatrick Explains the Strait of Hormuz Crisis,-0.19,Neutral
"Thu, 28 May 2026 07:00:00 GMT",Unknown,A rare look at the Strait of Hormuz from both land and water,0.3,Positive
"Thu, 28 May 2026 07:00:00 GMT",Unknown,US Treasury threatens Oman with sanctions over Hormuz Strait,0.0,Neutral
"Thu, 28 May 2026 07:00:00 GMT",Unknown,"Three oil, LNG tankers exit Hormuz with transponders off",0.0,Neutral
"Thu, 28 May 2026 07:00:00 GMT",Unknown,Merchant Ships Desert Strait of Hormuz Amid Renewed US Strikes,0.0,Neutral
"Thu, 28 May 2026 07:00:00 GMT",Unknown,U.S. and Iran Standoff at Sea: A Test of ‘Who Will Blink First’,0.21,Positive
"Thu, 28 May 2026 07:00:00 GMT",Unknown,"Greater proportion of non-Iranian ships crossing Strait of Hormuz, data shows",0.5,Positive
"Thu, 28 May 2026 07:00:00 GMT",Unknown,Trump says 'Oman will behave' with strait of Hormuz as he threatens to 'blow them up' – video,0.0,Neutral
"Thu, 28 May 2026 07:00:00 GMT",Unknown,What Will Happen to the US Economy If the Strait of Hormuz Doesn’t Open Soon?,0.0,Neutral
"Thu, 28 May 2026 07:00:00 GMT",Unknown,"The Hormuz crisis has now been ongoing for almost 100 days, whilst new US attacks escalate tensions",0.14,Neutral
"Wed, 27 May 2026 07:00:00 GMT",Unknown,Iran’s threat to control the Strait of Hormuz is rattling oil markets: ‘People are afraid’,-0.6,Negative
"Thu, 28 May 2026 07:00:00 GMT",Unknown,Iran War Updates: U.S. Officials Say They Are Closing In on Arrangement to Reopen Strait of Hormuz,0.14,Neutral
"Thu, 28 May 2026 07:00:00 GMT",Unknown,Iran forces fired at 4 ships attempting to cross Strait of Hormuz,0.0,Neutral
"Thu, 28 May 2026 07:00:00 GMT",Unknown,Trump’s Iran bind deepens with Hormuz shut and hawks pushing war,0.0,Neutral
"Thu, 28 May 2026 07:00:00 GMT",Unknown,US Treasury sanctions Iran’s Hormuz strait authority,0.0,Neutral
"Thu, 28 May 2026 07:00:00 GMT",Unknown,"Trump disputes Iran’s Hormuz control, touching on sticking point",0.5,Positive
"Thu, 28 May 2026 07:00:00 GMT",Unknown,"Some ships making it through Strait of Hormuz, but 'it's a very small amount'",-0.33,Negative
"Thu, 28 May 2026 07:00:00 GMT",Unknown,U.S. Strikes Iran Targets Near Hormuz With No Accord in Sight,0.1,Neutral
"Fri, 29 May 2026 07:00:00 GMT",Unknown,The State of the Strait: The Role of Hormuz in the Middle East War So Far,0.04,Neutral
"Fri, 29 May 2026 07:00:00 GMT",Unknown,Beyond Sovereignty: The Legal and Moral Case for Treating Hormuz as a Global Trust,0.07,Neutral
"Fri, 29 May 2026 07:00:00 GMT",Unknown,Strait of Hormuz disruption threatens extended decline in global tanker demand,0.0,Neutral
"Fri, 29 May 2026 07:00:00 GMT",Unknown,Dark Hormuz transits,-0.15,Neutral
"Fri, 29 May 2026 07:00:00 GMT",Unknown,Ships Are Sailing ‘Dark’ to Sneak Out of Strait of Hormuz,-0.15,Neutral
"Fri, 29 May 2026 07:00:00 GMT",Unknown,"US-Iran deal would extend ceasefire, free Hormuz traffic but delay thorny issues",0.4,Positive
"Fri, 29 May 2026 07:00:00 GMT",Unknown,Explainer: What's included in talks to end the Iran war and reopen Hormuz?,0.0,Neutral
"Fri, 29 May 2026 07:00:00 GMT",Unknown,"These 3 industries have been most disrupted by the Strait of Hormuz closure, say chief economists",0.4,Positive
"Fri, 29 May 2026 07:00:00 GMT",Unknown,"U.S. hasn’t confirmed Iran placed mines in the Strait of Hormuz, sources say",0.4,Positive
"Fri, 29 May 2026 07:00:00 GMT",Unknown,"Trump Claims Breakthrough on Hormuz, But Shipping Questions Remain",0.0,Neutral
"Fri, 29 May 2026 07:00:00 GMT",Unknown,"Ships attacked in Strait of Hormuz this week, Chevron CEO says",0.0,Neutral
"Fri, 29 May 2026 07:00:00 GMT",Unknown,"Trump to Decide Imminently on Iran Deal, Says Hormuz Strait Must Open",0.0,Neutral
"Fri, 29 May 2026 07:00:00 GMT",Unknown,Chevron CEO Multiple Ships Attacked In Strait of Hormuz,-0.23,Negative
"Fri, 29 May 2026 07:00:00 GMT",Unknown,Trump says U.S. blockade on Strait of Hormuz ‘will now be lifted’,0.0,Neutral
"Fri, 29 May 2026 07:00:00 GMT",Unknown,"Hormuz Is Shut, Indian Ships Still Passing. Centre Shares 'Secret' Strategy",-0.4,Negative
"Fri, 29 May 2026 07:00:00 GMT",Unknown,"U.S. blockage on Strait of Hormuz ‘will now be lifted,’ says Trump",0.0,Neutral
"Fri, 29 May 2026 07:00:00 GMT",Unknown,MEP: US has no magic wand to reopen Strait of Hormuz,-0.25,Negative
"Fri, 29 May 2026 19:34:49 GMT",Unknown,The Strait of Hormuz: Defining 'open' in a complex market landscape,-0.12,Neutral
"Sat, 30 May 2026 07:00:00 GMT",Unknown,Strait of Hormuz Ship Transits Are Rising Thanks to US Help,0.2,Neutral
"Sat, 30 May 2026 07:00:00 GMT",Unknown,Oil exports through the Strait of Hormuz might not return to levels seen before the Iran war,0.0,Neutral
"Sat, 30 May 2026 07:00:00 GMT",Unknown,Iran reasserts control over Hormuz Strait as deal with US remains elusive,0.0,Neutral
"Sat, 30 May 2026 07:00:00 GMT",Unknown,More ships are quietly slipping through Strait of Hormuz as air power scares off Iran's attack boats,0.2,Neutral
"Sat, 30 May 2026 07:00:00 GMT",Unknown,U.S. says it stopped a merchant ship trying to breach blockade and reach Iran,0.0,Neutral
"Sat, 30 May 2026 07:00:00 GMT",Unknown,Trump demands 'unrestricted shipping' in Strait of Hormuz as Iran touts 'future administration' of the waterway,0.0,Neutral
"Sat, 30 May 2026 07:00:00 GMT",Unknown,US has helped guide ships going dark through the Strait of Hormuz — report,-0.15,Neutral
"Sat, 30 May 2026 07:00:00 GMT",Unknown,US Says Deals With Iran for Safe Hormuz Transit Are Prohibited,0.5,Positive
"Fri, 29 May 2026 07:00:00 GMT",Unknown,Analysis: The Strait of Hormuz: The supply chain loop that broke the world,0.0,Neutral
"Sat, 30 May 2026 07:00:00 GMT",Unknown,US says deals with Iran for safe Hormuz transit are prohibited,0.5,Positive
"Sun, 31 May 2026 07:00:00 GMT",Unknown,U.S. Military Is Quietly Guiding Ships Through the Strait of Hormuz,-0.01,Neutral
"Sun, 31 May 2026 07:00:00 GMT",Unknown,Iran official says Hormuz transit fees have basis in international law,0.0,Neutral
"Sun, 31 May 2026 07:00:00 GMT",Unknown,U.S. and Iran Trade Fire as Strait of Hormuz Tensions Continue,0.0,Neutral
"Sun, 31 May 2026 07:00:00 GMT",Unknown,Hassett predicts oil will flow through Strait of Hormuz in ‘a month or two’,0.0,Neutral
"Sun, 31 May 2026 07:00:00 GMT",Unknown,Oman warns of mines sighted in Strait of Hormuz,0.0,Neutral
"Sun, 31 May 2026 07:00:00 GMT",Unknown,Dozens of ships escape Strait of Hormuz with US help,0.0,Neutral
"Sun, 31 May 2026 07:00:00 GMT",Unknown,Strait of Hormuz ship transits are rising thanks to US help,0.2,Neutral
"Sun, 31 May 2026 07:00:00 GMT",Unknown,What Price Hormuz?,0.0,Neutral
"Mon, 01 Jun 2026 07:00:00 GMT",Unknown,"Iran stops negotiations with U.S., vows to 'completely' block Strait of Hormuz: State media",0.1,Neutral
"Mon, 01 Jun 2026 07:00:00 GMT",Unknown,How Did the Hormuz Strait Form?,0.0,Neutral
"Mon, 01 Jun 2026 07:00:00 GMT",Unknown,The Strait of Hormuz is splitting into U.S. and Iranian lanes as ship traffic picks up even while fighting intensifies,0.0,Neutral
"Mon, 01 Jun 2026 07:00:00 GMT",Unknown,"Another escalation in Hormuz, Kuwait targeted by drone",0.0,Neutral
"Mon, 01 Jun 2026 07:00:00 GMT",Unknown,Why Oman now holds the key to Hormuz,0.0,Neutral
"Mon, 01 Jun 2026 07:00:00 GMT",Unknown,The Strait of Hormuz and the Limits of Concession,0.0,Neutral
"Mon, 01 Jun 2026 07:00:00 GMT",Unknown,What if the Strait of Hormuz didn’t reopen?,0.0,Neutral
"Mon, 01 Jun 2026 07:00:00 GMT",Unknown,Strait of Hormuz – Situation update 23 June,0.0,Neutral
"Mon, 01 Jun 2026 07:00:00 GMT",Unknown,"Trump recently edited possible U.S.-Iran agreement, including on enriched uranium and Strait of Hormuz, source says",0.0,Neutral
"Mon, 01 Jun 2026 07:00:00 GMT",Unknown,Iran Says the Strait of Hormuz Will Stay Closed. What Happens to the US Economy Next?,-0.05,Neutral
"Mon, 01 Jun 2026 07:00:00 GMT",Unknown,"Iran halts ceasefire talks with US, says it will keep Strait of Hormuz closed",-0.1,Neutral
"Mon, 01 Jun 2026 07:00:00 GMT",Unknown,"Iran is stopping message exchanges with U.S., may block Hormuz, Tasnim news agency says",0.0,Neutral
"Mon, 01 Jun 2026 07:00:00 GMT",Unknown,"Iran stops negotiations with U.S., vows to ‘completely’ block Strait of Hormuz: State media",0.1,Neutral
"Mon, 01 Jun 2026 07:00:00 GMT",Unknown,Dozens of ships sneak past Iran's Hormuz blockade with U.S. help: reports,-0.25,Negative
"Mon, 01 Jun 2026 07:00:00 GMT",Unknown,ALERT: Seafarers Detained in Iran Over Possession of Hormuz-Related Phone Media,0.0,Neutral
"Mon, 01 Jun 2026 07:00:00 GMT",Unknown,How 70 Ships Used 'Dark Passage' And US Help To Cross Strait Of Hormuz,-0.07,Neutral
"Mon, 01 Jun 2026 07:00:00 GMT",Unknown,Can a peace deal preserve free navigation in the Strait of Hormuz?,0.4,Positive
"Mon, 01 Jun 2026 07:00:00 GMT",Unknown,"Royal Navy’s new mine disposal system tested, ready for Hormuz mission",0.17,Neutral
"Tue, 02 Jun 2026 07:00:00 GMT",Unknown,Hormuz closure offsets tariff reversal; U.S. left with upside inflation risk,0.0,Neutral
"Tue, 02 Jun 2026 07:00:00 GMT",Unknown,94 days of paralysis: The Strait of Hormuz remains choked off,0.0,Neutral
"Tue, 02 Jun 2026 07:00:00 GMT",Unknown,War Games and Warnings on Strait of Hormuz Went Unheeded by Trump,0.14,Neutral
"Tue, 02 Jun 2026 07:00:00 GMT",Unknown,US military helps commercial ships transit Strait of Hormuz,-0.05,Neutral
"Tue, 02 Jun 2026 07:00:00 GMT",Unknown,Sailors stressed and exhausted after months trapped by Strait of Hormuz blockade,-0.3,Negative
"Tue, 02 Jun 2026 07:00:00 GMT",Unknown,"Watch Where US, Iran Stand on Peace Talks, Strait of Hormuz",0.0,Neutral
"Tue, 02 Jun 2026 07:00:00 GMT",Unknown,Oil Prices Dip; Still No Agreement to Reopen Hormuz,0.0,Neutral
"Tue, 02 Jun 2026 07:00:00 GMT",Unknown,"US isn’t offering upfront sanctions relief to reopen Hormuz, Rubio says",0.0,Neutral
"Tue, 02 Jun 2026 07:00:00 GMT",Unknown,"Oil products shipments exit Hormuz, LNG tanker loads at UAE",0.0,Neutral
"Tue, 02 Jun 2026 07:00:00 GMT",Unknown,"Iran has mined 'large segments' of Hormuz Strait, Secretary of State Rubio says",0.21,Positive
"Tue, 02 Jun 2026 07:00:00 GMT",Unknown,Strait of Hormuz Traffic Remains Thin Amid Peace-Deal Uncertainty,-0.4,Negative
"Mon, 01 Jun 2026 07:00:00 GMT",Unknown,Oil prices up 7% as Iran threatens to close Strait of Hormuz,0.0,Neutral
"Mon, 01 Jun 2026 07:00:00 GMT",Unknown,Oil prices rally on Iran's US talks freeze and Strait of Hormuz threat,0.0,Neutral
"Tue, 02 Jun 2026 07:00:00 GMT",Unknown,IP26069 | Reopening Hormuz: The Case for European Leadership,0.0,Neutral
"Tue, 02 Jun 2026 07:00:00 GMT",Unknown,Iran to work on Japanese ships’ smooth passage through Hormuz,0.2,Neutral
"Tue, 02 Jun 2026 07:00:00 GMT",Unknown,Secretary Rubio outlines Iran's conditions to reopen Strait of Hormuz,0.0,Neutral
"Wed, 03 Jun 2026 07:00:00 GMT",Unknown,Countering Iran’s Latest “Smart Control” Gambit in the Strait of Hormuz,0.36,Positive
"Tue, 02 Jun 2026 09:19:22 GMT",Unknown,Strait of Hormuz disruptions: The burden of oil price shocks on vulnerable economies |,-0.5,Negative
"Wed, 03 Jun 2026 07:00:00 GMT",Unknown,Strain grows on shipping industry with vessels stuck inside Hormuz,0.0,Neutral
"Tue, 02 Jun 2026 07:00:00 GMT",Unknown,Iran’s new toll entity claims 300 ships have signed up for safe passage through Strait of Hormuz,0.28,Positive
"Wed, 03 Jun 2026 07:00:00 GMT",Unknown,WATCH: Johnson says Trump wants U.S. allies to help reopen Strait of Hormuz,0.2,Neutral
"Wed, 03 Jun 2026 07:00:00 GMT",Unknown,"Gulf tensions escalate as Iran hits Kuwait, US strikes near Hormuz",0.03,Neutral
"Wed, 03 Jun 2026 07:00:00 GMT",Unknown,U.S. Looks to Unblock Hormuz With Quiet Version of Project Freedom,0.0,Neutral
"Wed, 03 Jun 2026 07:00:00 GMT",Unknown,The Strait of Hormuz Squeeze Is Redrawing the Oil Map for Good,0.7,Positive
"Wed, 03 Jun 2026 07:00:00 GMT",Unknown,Report: Disruption of Mideast energy supplies into next year would slam global economy,0.0,Neutral
"Tue, 02 Jun 2026 07:00:00 GMT",Unknown,Strait of Hormuz traffic remains limited despite peace-deal talks,-0.07,Neutral
"Wed, 03 Jun 2026 07:00:00 GMT",Unknown,US Looks to Unblock Hormuz With Quiet Version of Project Freedom,0.0,Neutral
"Wed, 03 Jun 2026 07:00:00 GMT",Unknown,"Ships face 4,000-times higher insurance costs to cross Strait of Hormuz",0.12,Neutral
"Wed, 03 Jun 2026 07:00:00 GMT",Unknown,The country likely winning from Iran's Hormuz gambit? Russia,0.25,Positive
"Wed, 03 Jun 2026 07:00:00 GMT",Unknown,Red Power: How the Hormuz crisis is accelerating China’s clean-tech dominance,0.0,Neutral
"Wed, 03 Jun 2026 07:00:00 GMT",Unknown,Gulf states in talks for oil pipelines to bypass Hormuz,0.0,Neutral
"Wed, 03 Jun 2026 07:00:00 GMT",Unknown,Is the Great Nicobar Island India’s Hormuz-like chokepoint against China?,0.8,Positive
"Tue, 02 Jun 2026 07:00:00 GMT",Unknown,"After Hormuz, Iran is threatening another crucial strait. Here's why it matters",0.0,Neutral
"Wed, 03 Jun 2026 07:00:00 GMT",Unknown,"Iran hits Kuwait, US strikes near Hormuz in Gulf flare-up",0.1,Neutral
"Thu, 04 Jun 2026 07:00:00 GMT",Unknown,"From food lines in Somalia to clinics in Afghanistan, Hormuz crisis sends shockwaves through global aid networks",0.0,Neutral
"Thu, 04 Jun 2026 07:00:00 GMT",Unknown,‘Their new nuclear option’: Why Iran’s influence over the Strait of Hormuz is here to stay,0.14,Neutral
"Thu, 04 Jun 2026 07:00:00 GMT",Unknown,Iran and the US loosen their grip on the Strait of Hormuz despite attacks and twists in negotiations,0.0,Neutral
"Thu, 04 Jun 2026 07:00:00 GMT",Unknown,Opinion | The Strait of Hormuz Is Getting Less Dire by the Day,-0.07,Neutral
"Thu, 04 Jun 2026 07:00:00 GMT",Unknown,Ships stranded in Persian Gulf quietly coordinate with U.S. Navy to exit Hormuz,0.0,Neutral
"Thu, 04 Jun 2026 07:00:00 GMT",Unknown,How can Ukraine help unlock the Strait of Hormuz?,0.0,Neutral
"Thu, 04 Jun 2026 07:00:00 GMT",Unknown,The opportunity to open the Strait of Hormuz permanently,0.0,Neutral
"Thu, 04 Jun 2026 07:00:00 GMT",Unknown,Oil industry warns Trump administration of price spikes within weeks,0.0,Neutral
"Thu, 04 Jun 2026 07:00:00 GMT",Unknown,Nearly 900 outbound tankers went ‘dark’ to squeeze through Strait of Hormuz: analysts,0.01,Neutral
"Thu, 04 Jun 2026 07:00:00 GMT",Unknown,"COMMENTARY: More oil escapes Hormuz, keeping traders guessing",0.5,Positive
"Thu, 04 Jun 2026 07:00:00 GMT",Unknown,Four Iranian tankers seen taking oil through Hormuz for first time since April,0.25,Positive
"Thu, 04 Jun 2026 07:00:00 GMT",Unknown,"Israel, Lebanon agree to implement ceasefire, boosting hopes for Iran deal",0.0,Neutral
"Thu, 04 Jun 2026 07:00:00 GMT",Unknown,Iran seeks to impose service fee on Strait of Hormuz,0.0,Neutral
"Thu, 04 Jun 2026 07:00:00 GMT",Unknown,Shipping tycoon ready to pay Strait of Hormuz fees,0.2,Neutral
"Fri, 05 Jun 2026 07:00:00 GMT",Unknown,Hormuz and the Energy Transition: Change Doesn’t Just Happen,-0.12,Neutral
"Fri, 05 Jun 2026 07:00:00 GMT",Unknown,What may happen as oil supplies dwindle and Strait of Hormuz remains mostly closed,-0.1,Neutral
"Fri, 05 Jun 2026 07:00:00 GMT",Unknown,U.S. Counts Far More Hormuz Ship Transits Than Commercial Tracking Data Shows,0.2,Neutral
"Fri, 05 Jun 2026 07:00:00 GMT",Unknown,India's energy security at a crossroads: The Hormuz crisis and an opportunity for US-India cooperation,0.0,Neutral
"Fri, 05 Jun 2026 07:00:00 GMT",Unknown,Tensions in the Strait of Hormuz; Iran’s Military Fires Warning Shots at US Destroyers,-0.1,Neutral
"Fri, 05 Jun 2026 07:00:00 GMT",Unknown,How oil is finding its way around the Strait of Hormuz,0.0,Neutral
"Fri, 05 Jun 2026 07:00:00 GMT",Unknown,Hormuz Bottleneck: Gulf Energy Has a ‘Plan B’,0.0,Neutral
"Fri, 05 Jun 2026 07:00:00 GMT",Unknown,U.S. says it shot down Iranian drones launched toward Strait of Hormuz,-0.16,Neutral
"Fri, 05 Jun 2026 07:00:00 GMT",Unknown,"Strait Of Hormuz To Be Jointly Managed With Oman Per International Law, Iran Announces",0.0,Neutral
"Fri, 05 Jun 2026 07:00:00 GMT",Unknown,How the Strait of Hormuz standoff flipped the energy security debate,0.0,Neutral
"Fri, 05 Jun 2026 07:00:00 GMT",Unknown,Hormuz Traffic Remains Near Zero as Peace Talks Stall,0.1,Neutral
"Fri, 05 Jun 2026 07:00:00 GMT",Unknown,"Iran Fired Drones Toward Strait of Hormuz With U.S. Shooting Down at Least 4, U.S. Military Says",-0.14,Neutral
"Fri, 05 Jun 2026 07:00:00 GMT",Unknown,"Iran has launched multiple drones towards the Strait of Hormuz, CNN reports",0.0,Neutral
"Fri, 05 Jun 2026 07:00:00 GMT",Unknown,Iran says Strait of Hormuz to be managed jointly with Oman under international law,0.0,Neutral
"Fri, 05 Jun 2026 07:00:00 GMT",Unknown,US forces shot down four Iranian drones headed toward Strait of Hormuz: CENTCOM,-0.16,Neutral
"Fri, 05 Jun 2026 07:00:00 GMT",Unknown,Iran’s Strait of Hormuz ‘service fees’ risk setting dangerous global precedent,-0.3,Negative
"Fri, 05 Jun 2026 07:00:00 GMT",Unknown,Oman resists US pressure to break ties with Iran over strait of Hormuz,0.0,Neutral
"Fri, 05 Jun 2026 07:00:00 GMT",Unknown,How the US naval blockade has bled Iran of nearly $6bn in oil revenues,0.1,Neutral
"Fri, 05 Jun 2026 07:00:00 GMT",Unknown,The Key Sticking Points for a US-Iran Peace Deal,0.0,Neutral
"Fri, 05 Jun 2026 07:00:00 GMT",Unknown,Iran's threats against this Red Sea choke point are a big vulnerability for the oil market,0.0,Neutral
"Fri, 05 Jun 2026 07:00:00 GMT",Unknown,US military shoots down 4 Iranian drones heading toward Strait of Hormuz,-0.13,Neutral
"Fri, 05 Jun 2026 07:00:00 GMT",Unknown,How the US secretly guides ships through the Strait of Hormuz,-0.4,Negative
"Fri, 05 Jun 2026 07:00:00 GMT",Unknown,"US Forces See Nearly 1,000 Hormuz Crossings Since Ceasefire",0.1,Neutral
"Fri, 05 Jun 2026 07:00:00 GMT",Unknown,"Strait of Hormuz To Open Immediately After Signing Deal With Iran, Trump Assures",0.0,Neutral
"Fri, 05 Jun 2026 07:00:00 GMT",Unknown,US attacks sites on Hormuz after Iran launches drones in latest flare-up,0.5,Positive
"Fri, 05 Jun 2026 07:00:00 GMT",Unknown,US and Iran trade fire in Strait of Hormuz,0.0,Neutral
"Fri, 05 Jun 2026 07:00:00 GMT",Unknown,Mercuria Lawyers Say Government Deals Got Oil Through Hormuz,0.0,Neutral
"Sat, 06 Jun 2026 07:00:00 GMT",Unknown,The Strait of Hormuz is more open than previously thought as the U.S. provides 'naval overwatch',0.11,Neutral
"Sat, 06 Jun 2026 07:00:00 GMT",Unknown,Russia's Sechin says U.S. companies benefit from the closure of the Strait of Hormuz,0.0,Neutral
"Sat, 06 Jun 2026 07:00:00 GMT",Unknown,Hormuz Crisis Exposes a Global Flaw That Will Take Years to Fix,0.0,Neutral
"Sat, 06 Jun 2026 07:00:00 GMT",Unknown,"Iran launched missiles and drones toward Strait of Hormuz, U.S. military says",-0.1,Neutral
"Sat, 06 Jun 2026 07:00:00 GMT",Unknown,Oil Market Flying Blind as Dark Tanker Traffic Surges in Hormuz,-0.4,Negative
"Sat, 06 Jun 2026 07:00:00 GMT",Unknown,"U.S., Iran Exchange Fire as Hormuz Tensions Persist",0.0,Neutral
"Sat, 06 Jun 2026 07:00:00 GMT",Unknown,NYT: Over 100 ships safely cross Strait of Hormuz,0.0,Neutral
"Sat, 06 Jun 2026 07:00:00 GMT",Unknown,ICC Secretary General: The Hormuz clock that matters isn’t diplomatic — it’s agricultural,0.05,Neutral
"Sat, 06 Jun 2026 07:00:00 GMT",Unknown,Hormuz Crisis Highlights China’s Strategic Oil Diversification Efforts,0.0,Neutral
"Sun, 07 Jun 2026 07:00:00 GMT",Unknown,Iran lawmaker says ships pay up to $2 million to cross Hormuz,0.0,Neutral
"Sun, 07 Jun 2026 07:00:00 GMT",Unknown,"Hormuz strait will be open but with transit fees, Iran envoy to Moscow quoted",0.0,Neutral
"Sun, 07 Jun 2026 07:00:00 GMT",Unknown,The Strait of Hormuz closure: How it happened and what it led to?,0.0,Neutral
"Sun, 07 Jun 2026 07:00:00 GMT",Unknown,US says it destroyed two Iranian drones targeting Hormuz shipping,0.0,Neutral
"Sun, 07 Jun 2026 07:00:00 GMT",Unknown,How the Strait of Hormuz crisis is reshaping the old world order,0.1,Neutral
"Sun, 07 Jun 2026 07:00:00 GMT",Unknown,"Iran, Oman to Cooperate on Strait of Hormuz Management",0.0,Neutral
"Sun, 07 Jun 2026 07:00:00 GMT",Unknown,Trump calls Iran war a 'military exercise' as Hormuz fighting heats up and denies vowing no new wars,-0.08,Neutral
"Sun, 07 Jun 2026 07:00:00 GMT",Unknown,80 US-escorted merchant vessels transit Hormuz Strait in 72 hours,0.0,Neutral
"Sun, 07 Jun 2026 07:00:00 GMT",Unknown,OPEC+ approves fourth oil output quota hike since Hormuz closure,0.0,Neutral
"Sun, 07 Jun 2026 07:00:00 GMT",Unknown,Post-War Oil Trade Could Look Nothing Like It Did Before Hormuz,-0.7,Negative
"Mon, 08 Jun 2026 07:00:00 GMT",Unknown,A sinking feeling: The Strait of Hormuz and strains on US naval power,0.0,Neutral
"Mon, 08 Jun 2026 07:00:00 GMT",Unknown,The rise of AIS ‘trolling’ in the Strait of Hormuz,0.0,Neutral
"Mon, 08 Jun 2026 07:00:00 GMT",Unknown,Kalshi traders say Strait of Hormuz traffic won't return to normal before January,0.15,Neutral
"Mon, 08 Jun 2026 07:00:00 GMT",Unknown,US Allies Seek Trump’s Approval of Hormuz Demining Mission,0.0,Neutral
"Mon, 08 Jun 2026 07:00:00 GMT",Unknown,Will Iran give up on ceasefire talks as strait of Hormuz blockade continues?,0.0,Neutral
"Mon, 08 Jun 2026 07:00:00 GMT",Unknown,Connectivity as Coercion: How Iran Turned the Strait of Hormuz into Leverage,0.0,Neutral
"Sun, 07 Jun 2026 07:00:00 GMT",Unknown,The Strait of Hormuz is more open than previously thought as the U.S. shoots down Iranian drones threatening ships and provides ‘naval overwatch’,0.04,Neutral
"Mon, 08 Jun 2026 07:00:00 GMT",Unknown,How the regime is sneaking tankers past Trump's blockade,-0.17,Neutral
"Mon, 08 Jun 2026 07:00:00 GMT",Unknown,From chokepoint to crisis: The Strait of Hormuz and global oil markets,0.0,Neutral
"Mon, 08 Jun 2026 07:00:00 GMT",Unknown,Iranian Official Says Hormuz to Reopen with New Toll Regime,-0.14,Neutral
"Mon, 08 Jun 2026 07:00:00 GMT",Unknown,EU sanctions Iranians over restricting naval traffic in Hormuz,0.0,Neutral
"Mon, 08 Jun 2026 07:00:00 GMT",Unknown,Biden’s Defense Chief Austin Says US Navy Could Open Hormuz,0.0,Neutral
"Sun, 07 Jun 2026 07:00:00 GMT",Unknown,Russia's Sechin says US companies benefit from Strait of Hormuz closure,0.0,Neutral
"Mon, 08 Jun 2026 07:00:00 GMT",Unknown,Qatar Quietly Sends LNG Tanker Through Hormuz Despite Tensions,0.0,Neutral
"Mon, 08 Jun 2026 07:00:00 GMT",Unknown,Pilots 'fine' after US helicopter goes down near Strait of Hormuz,0.1,Neutral
"Mon, 08 Jun 2026 07:00:00 GMT",Unknown,Iran says Strait of Hormuz will remain open but under new rules,0.07,Neutral
"Mon, 08 Jun 2026 07:00:00 GMT",Unknown,Only eight ships pass through Hormuz as 500 stranded in Persian Gulf,0.0,Neutral
"Mon, 08 Jun 2026 07:00:00 GMT",Unknown,"New EU sanctions against Iran: ""Blockade of the Strait of Hormuz is unacceptable""",0.14,Neutral
"Mon, 08 Jun 2026 07:00:00 GMT",Unknown,The Strait of Hormuz will remain closed as long as Iran wants it to,0.02,Neutral
"Mon, 08 Jun 2026 07:00:00 GMT",Unknown,"US helicopter pilots who went down in Strait of Hormuz are fine, says Trump",0.13,Neutral
"Tue, 09 Jun 2026 07:00:00 GMT",Unknown,Energy Secretary Chris Wright says traffic in Strait of Hormuz is rising 'very meaningfully',0.65,Positive
"Tue, 09 Jun 2026 07:00:00 GMT",Unknown,No safe passage: Strait of Hormuz remains highly volatile,-0.04,Neutral
"Tue, 09 Jun 2026 07:00:00 GMT",Unknown,Wright says amount of oil through the Strait of Hormuz will ‘continue to rise’,0.0,Neutral
"Tue, 09 Jun 2026 07:00:00 GMT",Unknown,U.S. retaliates against Iran after American helicopter downed near Strait of Hormuz,0.05,Neutral
"Tue, 09 Jun 2026 07:00:00 GMT",Unknown,Trump vows to respond after Iran downed a U.S. Army helicopter near Strait of Hormuz,0.1,Neutral
"Tue, 09 Jun 2026 07:00:00 GMT",Unknown,Oil is Quietly Escaping the Strait of Hormuz. What it Means for Oil Stocks.,0.2,Neutral
"Tue, 09 Jun 2026 07:00:00 GMT",Unknown,"US energy chief says oil exports through Strait of Hormuz, Gulf will 'continue to rise'",0.0,Neutral
"Tue, 09 Jun 2026 07:00:00 GMT",Unknown,Oil Prices Fall 4% as Hormuz Ship Traffic Increases: Trade on Markets for Crude Oil Prices,-0.7,Negative
"Tue, 09 Jun 2026 07:00:00 GMT",Unknown,The Strait of Hormuz is ‘leaking’ oil,0.0,Neutral
"Tue, 09 Jun 2026 07:00:00 GMT",Unknown,Trump says U.S. 'must' respond after Iran shots down Army helicopter near Strait of Hormuz,-0.03,Neutral
"Tue, 09 Jun 2026 07:00:00 GMT",Unknown,Safe passage of Strait of Hormuz does not exist: IMO Sec-Gen,0.5,Positive
"Tue, 09 Jun 2026 07:00:00 GMT",Unknown,Oil prices fall after U.S. Energy secretary says Hormuz ship traffic is increasing,0.0,Neutral
"Tue, 09 Jun 2026 07:00:00 GMT",Unknown,Iraq and UAE race to establish alternative oil pipelines as exports through Hormuz dry up,-0.07,Neutral
"Tue, 09 Jun 2026 07:00:00 GMT",Unknown,CMA CGM chief says 'unwise' to assume Hormuz will return to pre-war situation,0.0,Neutral
"Tue, 09 Jun 2026 07:00:00 GMT",Unknown,US attacks Iran after Apache helicopter downed in Strait of Hormuz,0.0,Neutral
"Tue, 09 Jun 2026 07:00:00 GMT",Unknown,"Saudi jet fuel supply to Europe higher than before Hormuz closure, data shows",0.25,Positive
"Tue, 09 Jun 2026 07:00:00 GMT",Unknown,Oman undermining reputation with silence on Strait of Hormuz,0.0,Neutral
"Tue, 09 Jun 2026 07:00:00 GMT",Unknown,"Tehran targets Bahrain, Kuwait and Jordan after U.S. strikes Iranian assets",0.0,Neutral
"Tue, 09 Jun 2026 07:00:00 GMT",Unknown,'Dark' Transits Through Strait of Hormuz Increase,-0.15,Neutral
"Tue, 09 Jun 2026 07:00:00 GMT",Unknown,Biden Defense secretary: US Navy could open Strait of Hormuz,0.0,Neutral
"Tue, 09 Jun 2026 07:00:00 GMT",Unknown,U.S. Apache helicopter shot down over Strait of Hormuz,-0.1,Neutral
"Tue, 09 Jun 2026 07:00:00 GMT",Unknown,Trump Strikes Back Against Iran After U.S. Army Helicopter Shot Down,-0.08,Neutral
"Tue, 09 Jun 2026 07:00:00 GMT",Unknown,"U.S. Apache helicopter shot down by Iran, Trump says; crew rescued by sea drone",-0.16,Neutral
"Tue, 09 Jun 2026 07:00:00 GMT",Unknown,US launches new strikes on Iran after helicopter downed,0.14,Neutral
"Tue, 09 Jun 2026 07:00:00 GMT",Unknown,Sea drone rescues US army helicopter crew near Strait of Hormuz,0.1,Neutral
"Tue, 09 Jun 2026 07:00:00 GMT",Unknown,Hormuz transit fees: Iran proposes charging for the Strait,0.0,Neutral
"Tue, 09 Jun 2026 07:00:00 GMT",Unknown,EU expands Iran sanctions to target Strait of Hormuz disruption,0.0,Neutral
"Tue, 09 Jun 2026 07:00:00 GMT",Unknown,US and Iran launch airstrikes after Trump blames Tehran for downing Army helicopter,0.0,Neutral
"Tue, 09 Jun 2026 07:00:00 GMT",Unknown,Commentary: Brace for a flood of oil as soon as Hormuz reopens,0.0,Neutral
"Mon, 08 Jun 2026 07:00:00 GMT",Unknown,Strait of Hormuz will be open but with transit fees: Iran envoy to Moscow,0.0,Neutral
"Tue, 09 Jun 2026 07:00:00 GMT",Unknown,US and Iran exchange fire after American patrol helicopter downed in Hormuz,0.0,Neutral
"Wed, 10 Jun 2026 07:00:00 GMT",Unknown,Strait of Hormuz crisis accelerates petrodollar decline,0.0,Neutral
"Wed, 10 Jun 2026 07:00:00 GMT",Unknown,US military says none of its warships struck in Strait of Hormuz,-0.1,Neutral
"Wed, 10 Jun 2026 07:00:00 GMT",Unknown,Iraq Boosts Oil Exports as More Tankers Transit Strait of Hormuz,0.5,Positive
"Wed, 10 Jun 2026 07:00:00 GMT",Unknown,"U.S. launches new attacks on Iran in response to downing of helicopter, CENTCOM says",0.14,Neutral
"Wed, 10 Jun 2026 07:00:00 GMT",Unknown,Oil Tankers Go Dark to Sneak More Barrels of Oil Through Hormuz,0.17,Neutral
"Wed, 10 Jun 2026 07:00:00 GMT",Unknown,Iran announces closure of Strait of Hormuz after US attacks,0.0,Neutral
"Wed, 10 Jun 2026 07:00:00 GMT",Unknown,Trump says U.S. secretly moved more than 100 million barrels of oil through Strait of Hormuz,0.05,Neutral
"Wed, 10 Jun 2026 07:00:00 GMT",Unknown,"WATCH: Trump claims U.S. is taking 'millions of barrels' of oil out of Strait of Hormuz, calls inflation data 'great'",0.8,Positive
"Wed, 10 Jun 2026 07:00:00 GMT",Unknown,Hormuz closure sparks global pitchfest on energy,0.0,Neutral
"Wed, 10 Jun 2026 07:00:00 GMT",Unknown,"Iran claims it hit two ships, declares Strait of Hormuz closed",-0.1,Neutral
"Wed, 10 Jun 2026 07:00:00 GMT",Unknown,Suez Canal Gets Oil Tanker Boost Amid Hormuz Strait Shutdown,0.0,Neutral
"Wed, 10 Jun 2026 07:00:00 GMT",Unknown,Oil prices fall nearly 4% after U.S. Energy Secretary says Hormuz ship traffic is increasing,0.1,Neutral
"Wed, 10 Jun 2026 07:00:00 GMT",Unknown,"U.S. Plans Major Strikes on Iran, Hegseth Says",0.06,Neutral
"Wed, 10 Jun 2026 07:00:00 GMT",Unknown,Oil tankers increase ‘dark’ transits through Strait of Hormuz,-0.1,Neutral
"Wed, 10 Jun 2026 07:00:00 GMT",Unknown,Trump’s ‘Secret Mission’ to Ferry Oil Past Iran Was Widely Disclosed,-0.19,Neutral
"Wed, 10 Jun 2026 07:00:00 GMT",Unknown,Hormuz crisis compounds Nigeria nutrition emergency as hungry season arrives early,0.07,Neutral
"Wed, 10 Jun 2026 07:00:00 GMT",Unknown,Iran declares Strait of Hormuz fully shut again after new wave of US airstrikes,0.14,Neutral
"Wed, 10 Jun 2026 07:00:00 GMT",Unknown,“Hormuz Safe”: Iran’s Fifth Layer of Maritime Sovereignty,0.5,Positive
"Wed, 10 Jun 2026 07:00:00 GMT",Unknown,"Iran attacks Bahrain, Kuwait and Jordan again after new waves of US strikes",0.14,Neutral
"Wed, 10 Jun 2026 07:00:00 GMT",Unknown,Donald Trump says US secretly helped ships move oil through Strait of Hormuz,-0.27,Negative
"Wed, 10 Jun 2026 07:00:00 GMT",Unknown,Did Iran Mean to Down the US Helicopter Over Strait of Hormuz?,-0.23,Negative
"Wed, 10 Jun 2026 07:00:00 GMT",Unknown,"Iran attacks Bahrain, Kuwait, Jordan in retaliation for US strikes",0.0,Neutral
"Wed, 10 Jun 2026 07:00:00 GMT",Unknown,"U.S. launches strikes on Iran after downing of Army helicopter, prompting retaliation",0.0,Neutral
"Wed, 10 Jun 2026 07:00:00 GMT",Unknown,Oil rises $2 as Iran announces closure of Strait of Hormuz following US strikes,0.0,Neutral
"Wed, 10 Jun 2026 07:00:00 GMT",Unknown,Trump says secret mission helped 200 ships pass Hormuz,-0.27,Negative
"Wed, 10 Jun 2026 07:00:00 GMT",Unknown,Iran says will target any vessel traffic in Strait of Hormuz,0.0,Neutral
"Wed, 10 Jun 2026 07:00:00 GMT",Unknown,Trump says over 100 million barrels of oil have passed through Hormuz strait,0.0,Neutral
"Thu, 11 Jun 2026 07:00:00 GMT",Unknown,"Did US sneak 100 million barrels of oil out of Hormuz, as Trump claims?",0.0,Neutral
"Thu, 11 Jun 2026 07:00:00 GMT",Unknown,The North Sea Route as an Alternative to the Hormuz-Red Sea Conundrum,0.0,Neutral
"Thu, 11 Jun 2026 07:00:00 GMT",Unknown,Oil tanker CEO sees Hormuz ship traffic quickly increasing if U.S. and Iran reach a deal,0.33,Positive
"Thu, 11 Jun 2026 07:00:00 GMT",Unknown,Strait of Hormuz traffic data reveals gap between US and private sector estimates,0.0,Neutral
"Thu, 11 Jun 2026 07:00:00 GMT",Unknown,U.S. Military Says Hormuz Open After Iran Declares Strait Closed,-0.07,Neutral
"Thu, 11 Jun 2026 07:00:00 GMT",Unknown,Iran shuts Hormuz strait: But wasn’t it already closed?,-0.1,Neutral
"Thu, 11 Jun 2026 07:00:00 GMT",Unknown,Hormuz Oil Sneakouts Rise 50% as Iran and US Vie for Control,0.0,Neutral
"Thu, 11 Jun 2026 07:00:00 GMT",Unknown,COMMENTARY: Hormuz reopening could be OPEC’s undoing,0.0,Neutral
"Thu, 11 Jun 2026 07:00:00 GMT",Unknown,Trump says 'great' Iran settlement will trigger opening of Strait of Hormuz,0.8,Positive
"Thu, 11 Jun 2026 07:00:00 GMT",Unknown,What's the latest in the Strait of Hormuz?,0.5,Positive
"Thu, 11 Jun 2026 07:00:00 GMT",Unknown,Iran announces closure of Strait of Hormuz following US strikes,0.0,Neutral
"Thu, 11 Jun 2026 07:00:00 GMT",Unknown,"Iran closes Strait of Hormuz, targets two ships after US strikes",0.0,Neutral
"Thu, 11 Jun 2026 07:00:00 GMT",Unknown,"Iran says 18 targets hit across US bases, Strait of Hormuz closed",-0.1,Neutral
"Thu, 11 Jun 2026 07:00:00 GMT",Unknown,Does the US have any control over the Strait of Hormuz?,0.0,Neutral
"Thu, 11 Jun 2026 07:00:00 GMT",Unknown,US and Iran exchange strikes across Middle East for second day in a row,0.0,Neutral
"Thu, 11 Jun 2026 07:00:00 GMT",Unknown,Iran declares the Strait of Hormuz completely closed,-0.1,Neutral
"Thu, 11 Jun 2026 07:00:00 GMT",Unknown,Trump’s secret Hormuz mission provoked Iran and sank his ceasefire,-0.4,Negative
"Thu, 11 Jun 2026 07:00:00 GMT",Unknown,Oil prices settle lower after Trump cancels planned strikes against Iran,0.0,Neutral
"Thu, 11 Jun 2026 07:00:00 GMT",Unknown,"Iran declares Strait of Hormuz closed, warns all passing ships will be targeted",-0.1,Neutral
"Thu, 11 Jun 2026 07:00:00 GMT",Unknown,"Strait of Hormuz closed again as US, Iran launch new wave of strikes",0.02,Neutral
"Thu, 11 Jun 2026 07:00:00 GMT",Unknown,Commentary: Comparing the Straits of Malacca and Singapore to Hormuz is a fallacy,0.0,Neutral
"Thu, 11 Jun 2026 07:00:00 GMT",Unknown,"US, Iran trade attacks for a second day, undermining shaky ceasefire; Teheran says it closed Hormuz",-0.14,Neutral
"Thu, 11 Jun 2026 07:00:00 GMT",Unknown,Iran announces closure of Strait of Hormuz after fresh US military strikes,0.1,Neutral
"Thu, 11 Jun 2026 07:00:00 GMT",Unknown,Live: Iran says it's closing Strait of Hormuz as US blasts targets,0.14,Neutral
"Thu, 11 Jun 2026 07:00:00 GMT",Unknown,Lithuania's parliament approves sending up to 40 personnel to Strait of Hormuz,0.0,Neutral
"Thu, 11 Jun 2026 07:00:00 GMT",Unknown,Iran announces closure of Strait of Hormuz to all vessels amid renewed US attacks,0.0,Neutral
"Thu, 11 Jun 2026 07:00:00 GMT",Unknown,Hormuz oil sneakouts rise 50% as Iran and US vie for control,0.0,Neutral
"Fri, 12 Jun 2026 07:00:00 GMT",Unknown,Analysis: Iran’s stranglehold on Strait of Hormuz loosens as Gulf Arab oil reaches market,0.0,Neutral
"Fri, 12 Jun 2026 07:00:00 GMT",Unknown,"US military escorting growing number of oil tankers through Hormuz, Energy secretary says",-0.1,Neutral
"Fri, 12 Jun 2026 07:00:00 GMT",Unknown,The Strait of Hormuz Has Been Closed for 100 Days. Why Isn’t Oil Higher?,0.06,Neutral
"Fri, 12 Jun 2026 07:00:00 GMT",Unknown,Ships Stranded by War Face Costly Dilemma: Wait It Out or Risk Attack,0.14,Neutral
"Fri, 12 Jun 2026 07:00:00 GMT",Unknown,Iran officials threaten Hormuz escalation as Trump says deal is near,0.07,Neutral
"Fri, 12 Jun 2026 07:00:00 GMT",Unknown,Strait showdown: Hormuz remains open as US and Iran edge toward a deal,0.0,Neutral
"Fri, 12 Jun 2026 07:00:00 GMT",Unknown,Middle East Fuel Exports Rebound as Tankers Slip Through Hormuz,0.0,Neutral
"Fri, 12 Jun 2026 07:00:00 GMT",Unknown,US-Iran ceasefire? Not for Indian sailors being killed in Hormuz,-0.2,Neutral
"Fri, 12 Jun 2026 07:00:00 GMT",Unknown,"Iran deal very close, signing possible in coming days, US official says",0.1,Neutral
"Fri, 12 Jun 2026 07:00:00 GMT",Unknown,Global Hotspots: Strait of Hormuz Closed; Ethiopian Elections Impact,-0.05,Neutral
"Fri, 12 Jun 2026 07:00:00 GMT",Unknown,"US deal covers ending naval blockade, Hormuz will not return to pre-war era, Iran’s FM says",0.0,Neutral
"Fri, 12 Jun 2026 07:00:00 GMT",Unknown,Has the US really carried out a secret mission to get oil through Hormuz?,-0.1,Neutral
"Fri, 12 Jun 2026 07:00:00 GMT",Unknown,"Proposed Iran-U.S. deal would reopen Hormuz strait and lift oil sanctions, Iran state media says",0.0,Neutral
"Fri, 12 Jun 2026 07:00:00 GMT",Unknown,"U.S., Iran Signal Peace Deal Near as Tehran Claims Victory",0.1,Neutral
"Fri, 12 Jun 2026 07:00:00 GMT",Unknown,"Trump denies Iran's account of deal terms, decries new drone attack: 'Dishonorable people'",0.14,Neutral
"Fri, 12 Jun 2026 07:00:00 GMT",Unknown,Shipowners on Edge for News on Hormuz as Iran Deal Inches Closer,0.0,Neutral
"Fri, 12 Jun 2026 07:00:00 GMT",Unknown,"Iran’s Claims of Having Stopped Hormuz Transits ""Rebuffed"" by Trump",0.0,Neutral
"Fri, 12 Jun 2026 07:00:00 GMT",Unknown,"U.S., Iran Edge Toward Interim Deal to Reopen Hormuz",0.0,Neutral
"Fri, 12 Jun 2026 07:00:00 GMT",Unknown,Trump says Iran war deal close as Strait of Hormuz tensions linger,0.0,Neutral
"Fri, 12 Jun 2026 07:00:00 GMT",Unknown,Hormuz oil flows surge as Gulf producers embrace workarounds,0.0,Neutral
"Fri, 12 Jun 2026 07:00:00 GMT",Unknown,RFA Lyme Bay arrives in Cyprus ahead of potential Hormuz mission,0.0,Neutral
"Fri, 12 Jun 2026 07:00:00 GMT",Unknown,"The Hormuz crisis should be a gold mine for SA, but it isn’t",0.0,Neutral
"Sat, 13 Jun 2026 07:00:00 GMT",Unknown,The Reopening of the Strait of Hormuz: Possible Scenarios,0.0,Neutral
"Fri, 12 Jun 2026 13:43:29 GMT",Unknown,A Critical-Inputs Playbook: What the Strait of Hormuz Tells Europe,0.1,Neutral
"Sat, 13 Jun 2026 07:00:00 GMT",Unknown,Tanker Attack Raises New Questions About U.S. ‘Secret Mission’ in Hormuz,-0.13,Neutral
"Sat, 13 Jun 2026 07:00:00 GMT",Unknown,Trump says he’ll sign deal with Iran to reopen Hormuz Sunday,0.0,Neutral
"Sat, 13 Jun 2026 07:00:00 GMT",Unknown,"Even With U.S. Help, Little Oil Has Gone Through Strait of Hormuz",-0.08,Neutral
"Sat, 13 Jun 2026 07:00:00 GMT",Unknown,Trump says peace deal will be signed Sunday after Iran said it remains cautious on timing,0.0,Neutral
"Sat, 13 Jun 2026 07:00:00 GMT",Unknown,"US and Iran reach deal to end war, reopen Hormuz",0.0,Neutral
"Sat, 13 Jun 2026 07:00:00 GMT",Unknown,"Iran says blocked funds part of deal, Hormuz services must be paid for",0.0,Neutral
"Sat, 13 Jun 2026 07:00:00 GMT",Unknown,"As U.S.-Iran deal nears, Tehran wants to charge ships crossing Hormuz 'for services rendered'",0.2,Neutral
"Sat, 13 Jun 2026 07:00:00 GMT",Unknown,Iran lawmaker frames Hormuz transit-fee plan as historic as oil nationalization,0.0,Neutral
"Sat, 13 Jun 2026 07:00:00 GMT",Unknown,Crew Is Rescued After U.S. Helicopter Goes Down Near Strait of Hormuz,0.01,Neutral
"Sat, 13 Jun 2026 07:00:00 GMT",Unknown,"Trump says deal to end war will be signed on Sunday, Iran questions timing",0.0,Neutral
"Sat, 13 Jun 2026 07:00:00 GMT",Unknown,"US, Iran edge toward interim peace deal to reopen Strait of Hormuz",0.0,Neutral
"Sat, 13 Jun 2026 07:00:00 GMT",Unknown,"Israel carries out air strikes on Lebanon, state media says, as Iran claims deal with US near",0.1,Neutral
"Sat, 13 Jun 2026 07:00:00 GMT",Unknown,Hong Kong tanker attacked in Hormuz even as peace deal looms,0.0,Neutral
"Sat, 13 Jun 2026 07:00:00 GMT",Unknown,"Trump says Iran peace deal could be signed by Sunday, with strait of Hormuz to open shortly after",0.0,Neutral
"Sat, 13 Jun 2026 07:00:00 GMT",Unknown,Trump says Strait of Hormuz will 'immediately open to all' after US-Iran deal is signed on Sunday,0.0,Neutral
"Sat, 13 Jun 2026 07:00:00 GMT",Unknown,"'Deal With Iran On Sunday, Strait Of Hormuz To Be Open To All': Trump",0.0,Neutral
"Sat, 13 Jun 2026 07:00:00 GMT",Unknown,'Who will be accountable for this?': Families grieve sailors killed in Strait of Hormuz,-0.13,Neutral
"Sat, 13 Jun 2026 07:00:00 GMT",Unknown,"Trump: Iran deal to be signed tomorrow, Hormuz to reopen",0.0,Neutral
"Sat, 13 Jun 2026 07:00:00 GMT",Unknown,SpaceX Valuation Surge Highlights Energy Sector Disconnect Amid Hormuz Tensions,0.0,Neutral
"Sun, 14 Jun 2026 07:00:00 GMT",Unknown,"COMMENTARY: Fragile Iran deal offers oil relief, but Hormuz risks remain",0.05,Neutral
"Sun, 14 Jun 2026 07:00:00 GMT",Unknown,"Hormuz Reopening Would Offer Relief for Asia, but Economic Scars Will Remain",0.18,Neutral
"Sun, 14 Jun 2026 07:00:00 GMT",Unknown,Deal is reached to end Iran war and Trump orders stop to U.S. naval blockade,0.0,Neutral
"Sun, 14 Jun 2026 07:00:00 GMT",Unknown,Trump news at a glance: Fate of the strait of Hormuz unclear as president claims ‘toll-free opening’,0.0,Neutral
"Sun, 14 Jun 2026 07:00:00 GMT",Unknown,"Iran and the US agree to reopen Strait of Hormuz, talk further",0.0,Neutral
"Sun, 14 Jun 2026 07:00:00 GMT",Unknown,US-Iran ‘peace deal’ announced; Trump says Strait of Hormuz reopening,0.0,Neutral
"Sun, 14 Jun 2026 07:00:00 GMT",Unknown,Hegseth's timeline for Strait of Hormuz is a bit murky,0.0,Neutral
"Sun, 14 Jun 2026 07:00:00 GMT",Unknown,Strait of Hormuz set to reopen under US – Iran peace deal,0.0,Neutral
"Sun, 14 Jun 2026 07:00:00 GMT",Unknown,Hormuz Halt Forces Middle East Trade Into Huge Rewiring,0.2,Positive
"Sun, 14 Jun 2026 07:00:00 GMT",Unknown,Qatari negotiators fly to Tehran in a push to finalize U.S.-Iran deal,0.8,Positive
"Sun, 14 Jun 2026 07:00:00 GMT",Unknown,The Strait of Hormuz Has Been Closed for 100 Days. Why Aren’t Oil Prices Higher?,0.07,Neutral
"Sun, 14 Jun 2026 07:00:00 GMT",Unknown,"Iran proved it can close the Strait of Hormuz, but the U.S. is showing it can punch open a hole",0.0,Neutral
"Sun, 14 Jun 2026 07:00:00 GMT",Unknown,Trump Claims Strait Will Be ‘Permanently Toll-Free’ Under Agreement With Iran,0.14,Neutral
"Sun, 14 Jun 2026 07:00:00 GMT",Unknown,Oil Prices Plunge as U.S. and Iran Reach Deal to Reopen Strait of Hormuz,-0.7,Negative
"Sun, 14 Jun 2026 07:00:00 GMT",Unknown,"World leaders welcome U.S.-Iran deal as Europe signals sanctions relief, urges Hormuz reopening",0.8,Positive
"Sun, 14 Jun 2026 07:00:00 GMT",Unknown,"US officials say Iran deal would extend ceasefire, reopen Strait of Hormuz",0.0,Neutral
"Sun, 14 Jun 2026 07:00:00 GMT",Unknown,U.S. and Iran reach deal to extend ceasefire and open strait,0.0,Neutral
"Sun, 14 Jun 2026 07:00:00 GMT",Unknown,Oil prices fall about 5% as Iran deal is set to open Hormuz Strait,0.0,Neutral
"Sun, 14 Jun 2026 07:00:00 GMT",Unknown,Trump says Iran and US have reached deal to stop war,0.0,Neutral
"Sun, 14 Jun 2026 07:00:00 GMT",Unknown,Hegseth insists US had control of Strait of Hormuz all along – despite shipping freeze that has impacted global economy,0.0,Neutral
"Sun, 14 Jun 2026 07:00:00 GMT",Unknown,"Kayhan editor questions Hormuz Strait reopening, compensation plans",0.0,Neutral
"Sun, 14 Jun 2026 07:00:00 GMT",Unknown,U.S. and Iran Agree to 60-Day Ceasefire Deal to End Hormuz Crisis,0.0,Neutral
"Sun, 14 Jun 2026 07:00:00 GMT",Unknown,Iran Peace Deal Reached: Trump Lifting Strait Of Hormuz Blockade,0.0,Neutral
"Sun, 14 Jun 2026 07:00:00 GMT",Unknown,Trump says Hormuz ‘will be opening up for business very shortly’,0.0,Neutral
"Sun, 14 Jun 2026 07:00:00 GMT",Unknown,"US, Iran reach preliminary agreement to end war, signing set for Friday",0.0,Neutral
"Sun, 14 Jun 2026 07:00:00 GMT",Unknown,Tanker owners await practical details on Hormuz re-opening,0.0,Neutral
"Sun, 14 Jun 2026 07:00:00 GMT",Unknown,"US-Iran Deal Should Immediately Reopen Hormuz Strait, Von Der Leyen Says",0.0,Neutral
"Sun, 14 Jun 2026 07:00:00 GMT",Unknown,Oil slumps as Trump says Iran deal agreed and Hormuz to reopen,0.0,Neutral
"Sun, 14 Jun 2026 07:00:00 GMT",Unknown,"U.S. and Iran reach deal to halt war, reopen Strait of Hormuz",0.0,Neutral
"Sun, 14 Jun 2026 07:00:00 GMT",Unknown,"US, Iran inch closer to deal, timing remains unclear",0.0,Neutral
"Sun, 14 Jun 2026 07:00:00 GMT",Unknown,US and Iran announce ceasefire and plans to reopen Strait of Hormuz,0.0,Neutral
"Sun, 14 Jun 2026 07:00:00 GMT",Unknown,"US-Iran peace deal signing, opening of Hormuz planned for June 14",0.0,Neutral
"Sun, 14 Jun 2026 07:00:00 GMT",Unknown,Record reveals Iran's new warning in the Strait of Hormuz,0.14,Neutral
"Sun, 14 Jun 2026 07:00:00 GMT",Unknown,US-Iran Peace Deal: Trump Announces Sunday Signing to Reopen Strait of Hormuz,0.0,Neutral
"Mon, 15 Jun 2026 07:00:00 GMT",Unknown,Navigating the Strait of Hormuz,0.0,Neutral
"Mon, 15 Jun 2026 07:00:00 GMT",Unknown,What to know about the demining and escort mission that US allies want for the Strait of Hormuz,0.0,Neutral
"Mon, 15 Jun 2026 07:00:00 GMT",Unknown,Iran and U.S. reach an initial deal to extend the ceasefire and open the Strait of Hormuz but challenges remain,0.0,Neutral
"Tue, 16 Jun 2026 07:00:00 GMT",Unknown,Blockading the Strait of Hormuz creates a problem. Syria offers a solution.,0.07,Neutral
"Mon, 15 Jun 2026 07:00:00 GMT",Unknown,"France, Britain push Hormuz mission as truce nears, but Iran’s stance key",0.0,Neutral
"Mon, 15 Jun 2026 07:00:00 GMT",Unknown,Trump says the Strait of Hormuz is reopened. But most ships are staying put,0.5,Positive
"Mon, 15 Jun 2026 07:00:00 GMT",Unknown,"Strait of Hormuz: Oil and gas supplies could take months to return to normal after Iran deal, energy experts say",0.15,Neutral
"Tue, 16 Jun 2026 07:00:00 GMT",Unknown,Strait of Hormuz crisis reinforces need for Southeast Asia to tackle major energy vulnerabilities,0.04,Neutral
"Tue, 16 Jun 2026 07:00:00 GMT",Unknown,Three reasons ships are not going through the Strait of Hormuz yet,0.0,Neutral
"Mon, 15 Jun 2026 07:00:00 GMT",Unknown,"While world waits for details on Iran-US accord, UN calls for Hormuz aid corridor",0.0,Neutral
"Mon, 15 Jun 2026 07:00:00 GMT",Unknown,Deal to Reopen Hormuz Kicks Off Long Effort to Ease Energy Crisis,0.01,Neutral
"Mon, 15 Jun 2026 07:00:00 GMT",Unknown,Strait of Hormuz oil supply crunch has countries looking for workarounds,0.0,Neutral
"Mon, 15 Jun 2026 07:00:00 GMT",Unknown,Strait of Hormuz reopening won't end shipping risks,0.0,Neutral
"Mon, 15 Jun 2026 07:00:00 GMT",Unknown,U.S. and Iran announce an initial deal to end the war and reopen the Strait of Hormuz,0.0,Neutral
"Mon, 15 Jun 2026 07:00:00 GMT",Unknown,How the Strait of Hormuz reopening could unfold if the U.S.-Iran deal is implemented,0.0,Neutral
"Mon, 15 Jun 2026 07:00:00 GMT",Unknown,Trump is urging tankers to sail through Hormuz. Vessels aren’t so sure yet.,0.5,Positive
"Mon, 15 Jun 2026 07:00:00 GMT",Unknown,The maritime chokepoints that could be worse than Hormuz,-0.4,Negative
"Mon, 15 Jun 2026 07:00:00 GMT",Unknown,FAQ: Strait of Hormuz Reopening — What It Means for Pharma Supply Chains,0.0,Neutral
"Mon, 15 Jun 2026 07:00:00 GMT",Unknown,"Even with a deal to reopen the Strait of Hormuz, it could take weeks or months for oil to fully flow",0.0,Neutral
"Mon, 15 Jun 2026 07:00:00 GMT",Unknown,"Oil Plunges as U.S., Iran Reach Deal to Reopen Hormuz But Outlook Remains Uncertain",0.0,Neutral
"Tue, 16 Jun 2026 07:00:00 GMT",Unknown,Ships beginning to trickle through Strait of Hormuz — here's how long it will take to return to normal,0.07,Neutral
"Tue, 16 Jun 2026 07:00:00 GMT",Unknown,Sigh of relief in Africa as the Strait of Hormuz 'reopens',0.0,Neutral
"Mon, 15 Jun 2026 07:00:00 GMT",Unknown,"What the US-Iran Peace Deal Means for the Strait of Hormuz, Oil and Shipping",0.0,Neutral
"Mon, 15 Jun 2026 07:00:00 GMT",Unknown,"US says Iran signed deal to end war, ships moving through Strait of Hormuz",0.0,Neutral
"Mon, 15 Jun 2026 07:00:00 GMT",Unknown,Vance says U.S. expects Strait of Hormuz to be open 'toll free' long term,0.12,Neutral
"Mon, 15 Jun 2026 07:00:00 GMT",Unknown,US and Iran agree deal to end war as Trump says Strait of Hormuz to reopen,0.0,Neutral
"Mon, 15 Jun 2026 07:00:00 GMT",Unknown,Strait of Hormuz still eerily quiet as doubts remain over ‘fragile’ peace deal,0.0,Neutral
"Mon, 15 Jun 2026 07:00:00 GMT",Unknown,"Strait of Hormuz to Fully Open by Friday, Trump Says",0.0,Neutral
"Mon, 15 Jun 2026 07:00:00 GMT",Unknown,"Iran, US agree to halt war and reopen Hormuz, sending oil prices tumbling",0.0,Neutral
"Tue, 16 Jun 2026 07:00:00 GMT",Unknown,Empty Tankers Entering Gulf Via Hormuz Is Key for Energy Market,-0.05,Neutral
"Mon, 15 Jun 2026 07:00:00 GMT",Unknown,Trump says ships carrying oil are moving out of Strait of Hormuz,0.0,Neutral
"Tue, 16 Jun 2026 07:00:00 GMT",Unknown,‘VIP pass’: Trump administration mulling how to coax more oil tankers through Hormuz,0.5,Positive
"Mon, 15 Jun 2026 07:00:00 GMT",Unknown,Shippers remain cautious on Hormuz strait transit after US and Iran agree deal,0.0,Neutral
"Tue, 16 Jun 2026 07:00:00 GMT",Unknown,"Ships start to trickle through Hormuz, but question of control lingers",0.0,Neutral
"Tue, 16 Jun 2026 07:00:00 GMT",Unknown,Hormuz Is Reopening. Shipping’s Old Playbook Isn’t.,0.1,Neutral
"Tue, 16 Jun 2026 07:00:00 GMT",Unknown,"UK will play full part in reopening Strait of Hormuz, Starmer says",0.35,Positive
"Tue, 16 Jun 2026 07:00:00 GMT",Unknown,Europe Stayed Out of the U.S.-Iran War. Now It’s ‘Ready to Act.’,0.18,Neutral
"Tue, 16 Jun 2026 07:00:00 GMT",Unknown,The Strait of Hormuz could open soon. But will it be safe for ships?,0.25,Positive
"Tue, 16 Jun 2026 07:00:00 GMT",Unknown,"14 dead, thousands stranded: Inside the plight of mariners trapped in the Strait of Hormuz",-0.2,Neutral
"Mon, 15 Jun 2026 07:00:00 GMT",Unknown,"U.S. officials say Iran pact signed, Hormuz traffic will rise significantly",0.38,Positive
"Tue, 16 Jun 2026 07:00:00 GMT",Unknown,"Trump says the Strait of Hormuz is ""safe, secure and pristine."" Shipping companies aren't convinced.",0.45,Positive
"Mon, 15 Jun 2026 07:00:00 GMT",Unknown,"Strait of Hormuz traffic to return to normal as soon as August, Kalshi traders speculate",0.15,Neutral
"Mon, 15 Jun 2026 07:00:00 GMT",Unknown,US and Iran agree Strait of Hormuz will be toll-free for 60 days. They differ on what happens after that.,0.0,Neutral
"Mon, 15 Jun 2026 07:00:00 GMT",Unknown,US and Iran announce an agreement to open the Strait of Hormuz and end the war,0.0,Neutral
"Tue, 16 Jun 2026 07:00:00 GMT",Unknown,Hormuz Reopening Seen Unleashing Pent-Up Gulf Grain Demand,0.0,Neutral
"Tue, 16 Jun 2026 07:00:00 GMT",Unknown,How can a joint France-UK mission help restart shipping in the Strait of Hormuz?,0.0,Neutral
"Tue, 16 Jun 2026 07:00:00 GMT",Unknown,"Strait of Hormuz transit will take ‘weeks’ to resume, largest tanker operator tells FT",0.0,Neutral
"Mon, 15 Jun 2026 07:00:00 GMT",Unknown,"Trump, Iran agree to memorandum of understanding opening Strait of Hormuz: What is in the 60-day deal?",0.5,Positive
"Tue, 16 Jun 2026 07:00:00 GMT",Unknown,US intel assesses Iran can shut down the Strait of Hormuz at will from now on,-0.16,Neutral
"Mon, 15 Jun 2026 07:00:00 GMT",Unknown,"The Strait of Hormuz is finally reopening, but energy flows may not get back to normal until next year",0.04,Neutral
"Tue, 16 Jun 2026 07:00:00 GMT",Unknown,Oil prices rise slightly after Trump threatens to bomb Iran if Tehran doesn't 'behave',-0.17,Neutral
"Mon, 15 Jun 2026 07:00:00 GMT",Unknown,Iran Says Strait of Hormuz Won’t Have ‘Tolls’ but It Will Have ‘Fees’,0.14,Neutral
"Mon, 15 Jun 2026 07:00:00 GMT",Unknown,"Shipping Firms, Awaiting Details, Are Cautious of U.S.-Iran Deal",0.14,Neutral
"Mon, 15 Jun 2026 07:00:00 GMT",Unknown,Global shippers cautious on Hormuz transit despite US-Iran deal,0.0,Neutral
"Mon, 15 Jun 2026 07:00:00 GMT",Unknown,Trump says the Strait of Hormuz will be 'completely open' by Friday,0.0,Neutral
"Tue, 16 Jun 2026 07:00:00 GMT",Unknown,"Iran Has More Control Over Strait Of Hormuz Than Before War, U.S. Intel Finds",0.5,Positive
"Mon, 15 Jun 2026 07:00:00 GMT",Unknown,First Tanker Crosses Strait of Hormuz Following U.S.-Iran Agreement,0.12,Neutral
"Tue, 16 Jun 2026 07:00:00 GMT",Unknown,View / Hormuz will never really be open again,0.0,Neutral
"Mon, 15 Jun 2026 07:00:00 GMT",Unknown,Strait of Hormuz security concerns remain for shipping,0.0,Neutral
"Tue, 16 Jun 2026 07:00:00 GMT",Unknown,Strait of Hormuz shipping traffic may take few months to return to pre-war levels,-0.2,Neutral
"Mon, 15 Jun 2026 07:00:00 GMT",Unknown,"U.S. Officials Say Iran Pact Signed, Hormuz Traffic Will Rise Significantly",0.38,Positive
"Mon, 15 Jun 2026 07:00:00 GMT",Unknown,U.S. and Iran reach framework deal to end war and reopen the Strait of Hormuz,0.0,Neutral
"Tue, 16 Jun 2026 07:00:00 GMT",Unknown,Iran says Strait of Hormuz will have 'fees',0.0,Neutral
"Tue, 16 Jun 2026 07:00:00 GMT",Unknown,"Iran says Strait of Hormuz will have 'fees,' not 'tolls' — a maritime strategist says that's code for safe passage",0.5,Positive
"Tue, 16 Jun 2026 07:00:00 GMT",Unknown,The $10 Billion Energy Corridor That Could Bypass Hormuz,-0.7,Negative
"Tue, 16 Jun 2026 07:00:00 GMT",Unknown,When Will Shipping Bounce Back in the Strait of Hormuz?,0.0,Neutral
"Tue, 16 Jun 2026 07:00:00 GMT",Unknown,US says Hormuz to be toll-free under Iran deal,0.0,Neutral
"Mon, 15 Jun 2026 07:00:00 GMT",Unknown,"Trump says US-Iran deal to be signed Sunday, Hormuz to open after",0.0,Neutral
"Mon, 15 Jun 2026 07:00:00 GMT",Unknown,"Trump says U.S. deal with Iran ""is now complete,"" authorizes removal of Navy blockade of Strait of Hormuz",0.1,Neutral
"Tue, 16 Jun 2026 07:00:00 GMT",Unknown,Threat level reduced to shipping in Strait of Hormuz,0.0,Neutral
"Tue, 16 Jun 2026 07:00:00 GMT",Unknown,Exxon Mobil (XOM) Faces New Questions As Strait Of Hormuz Reopens,0.14,Neutral
"Mon, 15 Jun 2026 07:00:00 GMT",Unknown,Shipowners Seek Clarity on Hormuz Deal as 600 Vessels Eye Exit,0.0,Neutral
"Mon, 15 Jun 2026 07:00:00 GMT",Unknown,"US and Iran sign ceasefire agreement, details remain unclear",0.0,Neutral
"Mon, 15 Jun 2026 07:00:00 GMT",Unknown,Trump: Oil Tankers Are Moving Through Strait of Hormuz,0.0,Neutral
"Mon, 15 Jun 2026 07:00:00 GMT",Unknown,Japanese Shipping Companies Hold Back Despite Hormuz Deal,-0.14,Neutral
"Tue, 16 Jun 2026 07:00:00 GMT",Unknown,US allies propose to lead demining mission of Strait of Hormuz,0.0,Neutral
"Mon, 15 Jun 2026 07:00:00 GMT",Unknown,Iran and US agree deal to open Strait of Hormuz and extend ceasefire,0.0,Neutral
"Mon, 15 Jun 2026 07:00:00 GMT",Unknown,"Searching Strait of Hormuz for mines could take weeks, delaying shipping return",0.0,Neutral
"Tue, 16 Jun 2026 07:00:00 GMT",Unknown,Here’s why it could take weeks to reopen the Strait of Hormuz,0.0,Neutral
"Tue, 16 Jun 2026 07:00:00 GMT",Unknown,Oil prices sink to a 3-month low. But tanker bosses aren't rushing back to the Strait of Hormuz,0.0,Neutral
"Tue, 16 Jun 2026 07:00:00 GMT",Unknown,Brent falls below $80 per barrel on report U.S. will allow Iran to sell oil immediately,0.0,Neutral
"Tue, 16 Jun 2026 07:00:00 GMT",Unknown,"Strait of Hormuz may take weeks to fully reopen despite Trump claims, shipping industry warns",0.0,Neutral
"Mon, 15 Jun 2026 07:00:00 GMT",Unknown,Trump Says Strait of Hormuz ‘Partially Opened’ Under Iran Peace Deal,-0.1,Neutral
"Mon, 15 Jun 2026 07:00:00 GMT",Unknown,"Amidst Early Criticism, U.S. Signs Strait of Hormuz MOU With Iran",0.1,Neutral
"Mon, 15 Jun 2026 07:00:00 GMT",Unknown,"Hormuz Trade Will Take Months to Return to Normal, Analysts Say",0.15,Neutral
"Mon, 15 Jun 2026 07:00:00 GMT",Unknown,US-Iran deal to open Strait of Hormuz faces immediate challenges,0.0,Neutral
"Mon, 15 Jun 2026 07:00:00 GMT",Unknown,"Iran deal allows Tehran to charge maritime service fees on Hormuz Strait transit, ministry days",0.0,Neutral
"Mon, 15 Jun 2026 07:00:00 GMT",Unknown,Morning Wrap: Strait of Hormuz Finally Set to Open (15.06.2026),0.0,Neutral
"Mon, 15 Jun 2026 07:00:00 GMT",Unknown,Oil settles at three-month low after Trump says deal signed to end Iran war,0.0,Neutral
"Mon, 15 Jun 2026 07:00:00 GMT",Unknown,Oil prices hit three-month low and markets reach record high amid Iran deal breakthrough,0.08,Neutral
"Tue, 16 Jun 2026 07:00:00 GMT",Unknown,Chinese shipowners and brokers survey Strait of Hormuz reopening,0.0,Neutral
"Mon, 15 Jun 2026 07:00:00 GMT",Unknown,Why Strait Of Hormuz Reopening Won't Instantly Fix Economic Issues,0.1,Neutral
"Mon, 15 Jun 2026 07:00:00 GMT",Unknown,Strait of Hormuz ‘open’: How soon will global shipping return to normal?,0.05,Neutral
"Tue, 16 Jun 2026 07:00:00 GMT",Unknown,Trump team promises normal traffic in Strait of Hormuz within a month. Shipping officials project 50% at best.,0.57,Positive
"Tue, 16 Jun 2026 07:00:00 GMT",Unknown,"Strait of Hormuz flow will take ‘weeks’ to resume, warns shipping boss",0.0,Neutral
"Tue, 16 Jun 2026 07:00:00 GMT",Unknown,France's Macron warns Iran against imposing Hormuz tolls,0.0,Neutral
"Wed, 17 Jun 2026 07:00:00 GMT",Unknown,What to know about the demining and escort mission that U.S. allies want for the Strait of Hormuz,0.0,Neutral
"Wed, 17 Jun 2026 07:00:00 GMT",Unknown,Strait of Hormuz reopens: But can ships’ safety be assured?,0.0,Neutral
"Wed, 17 Jun 2026 07:00:00 GMT",Unknown,Can the World Live Without the Strait of Hormuz? | Alhurra,0.14,Neutral
"Wed, 17 Jun 2026 07:00:00 GMT",Unknown,"With Iran deal, Trump told ships to ‘start your engines.’ That’s not happening yet",0.0,Neutral
"Wed, 17 Jun 2026 07:00:00 GMT",Unknown,Strait of Hormuz reopening likely to be delayed to sweep Iranian mines,0.0,Neutral
"Wed, 17 Jun 2026 07:00:00 GMT",Unknown,What happens when the Strait of Hormuz re-opens?,0.0,Neutral
"Wed, 17 Jun 2026 07:00:00 GMT",Unknown,UAE Moves to Cut Dependency on Strait of Hormuz to ‘Zero’,0.0,Neutral
"Wed, 17 Jun 2026 07:00:00 GMT",Unknown,"Iran to define Strait of Hormuz administration with Oman and Gulf states, senior U.S. officials say",0.0,Neutral
"Wed, 17 Jun 2026 07:00:00 GMT",Unknown,"Recovery of ship traffic in Hormuz limited, but signs emerge",-0.07,Neutral
"Wed, 17 Jun 2026 07:00:00 GMT",Unknown,US,0.33,Positive
"Wed, 17 Jun 2026 07:00:00 GMT",Unknown,Iranian tankers recently sailed through Strait of Hormuz despite US blockade,0.0,Neutral
"Wed, 17 Jun 2026 07:00:00 GMT",Unknown,Iran deal keeps Strait of Hormuz toll-free only for 60 days. Trump: 'You can't cover everything in a document.',0.0,Neutral
"Wed, 17 Jun 2026 07:00:00 GMT",Unknown,"Strait of Hormuz threat level downgraded after Iran deal, says U.S.-led maritime security group",0.0,Neutral
"Wed, 17 Jun 2026 07:00:00 GMT",Unknown,"Oil Tankers U-Turn, Rush to Middle East Before Hormuz Reopening",0.0,Neutral
"Wed, 17 Jun 2026 07:00:00 GMT",Unknown,Oil prices little changed after Vance says more than 12 million barrels exit Strait of Hormuz,0.16,Neutral
"Wed, 17 Jun 2026 07:00:00 GMT",Unknown,"Iran, US presidents sign deal to extend ceasefire, reopen Strait of Hormuz",0.0,Neutral
"Wed, 17 Jun 2026 07:00:00 GMT",Unknown,"Read: 14-point US-Iran agreement to end war, open Strait of Hormuz",0.0,Neutral
"Wed, 17 Jun 2026 07:00:00 GMT",Unknown,"Oil prices continue slide amid hopes for peace, opening of Strait of Hormuz",0.0,Neutral
"Wed, 17 Jun 2026 07:00:00 GMT",Unknown,Apache helicopter gunships showed off their power cleaning up the Strait of Hormuz,0.0,Neutral
"Wed, 17 Jun 2026 07:00:00 GMT",Unknown,Strait of Hormuz would reopen if US secures $300 billion to rebuild Iran,0.0,Neutral
"Wed, 17 Jun 2026 07:00:00 GMT",Unknown,IRGC drones targeted ships in Strait of Hormuz after signing of US-Iran deal,0.0,Neutral
"Wed, 17 Jun 2026 07:00:00 GMT",Unknown,Declaring the Strait of Hormuz open is easy. Restarting shipping traffic is not.,0.22,Positive
"Wed, 17 Jun 2026 07:00:00 GMT",Unknown,US releases official agreement with Iran. Read the 14-point text,0.0,Neutral
"Wed, 17 Jun 2026 07:00:00 GMT",Unknown,Three Iranian tankers exit U.S. blockade for first time in months as shipowners eye Hormuz in 'wary disbelief',-0.12,Neutral
"Tue, 16 Jun 2026 07:00:00 GMT",Unknown,Strait of Hormuz reopening won’t end shipping risks,0.0,Neutral
"Wed, 17 Jun 2026 07:00:00 GMT",Unknown,Strait of Hormuz: Iran sends loaded oil tankers past US naval blockade,-0.25,Negative
"Wed, 17 Jun 2026 07:00:00 GMT",Unknown,Oil Tankers Reverse Course on Hopes of Hormuz Reopening,-0.7,Negative
"Wed, 17 Jun 2026 07:00:00 GMT",Unknown,UAE aims to cut dependency on Strait of Hormuz to 'zero' with major ports expansion plan,0.06,Neutral
"Tue, 16 Jun 2026 07:00:00 GMT",Unknown,Hormuz and the new era of economic warfare,0.17,Neutral
"Wed, 17 Jun 2026 07:00:00 GMT",Unknown,IEA sees significant 2027 oil surplus after Hormuz recovery,0.38,Positive
"Tue, 16 Jun 2026 21:12:50 GMT",Unknown,The Strait of Hormuz is open but when will it make a difference?,0.0,Neutral
"Tue, 16 Jun 2026 07:00:00 GMT",Unknown,U.S. says Hormuz to be toll-free under Iran deal,0.0,Neutral
"Tue, 16 Jun 2026 07:00:00 GMT",Unknown,Trump says Hormuz to reopen on June 19 under US-Iran deal,0.0,Neutral
"Tue, 16 Jun 2026 07:00:00 GMT",Unknown,U.S. intelligence warns Iran could close Strait of Hormuz and disrupt global trade,0.0,Neutral
"Wed, 17 Jun 2026 07:00:00 GMT",Unknown,"Iran Will Reopen Hormuz Under Deal With U.S., Officials Say",0.0,Neutral
"Wed, 17 Jun 2026 07:00:00 GMT",Unknown,Why restoring normal traffic through Hormuz won’t be easy,0.29,Positive
"Wed, 17 Jun 2026 07:00:00 GMT",Unknown,Saudi Arabia Stresses Importance of Restoring Freedom of Navigation in Hormuz Strait,0.0,Neutral
"Tue, 16 Jun 2026 07:00:00 GMT",Unknown,Ships start trickling through Strait of Hormuz,0.0,Neutral
"Tue, 16 Jun 2026 07:00:00 GMT",Unknown,Trump says Strait of Hormuz to reopen on Friday under US-Iran deal,0.0,Neutral
"Wed, 17 Jun 2026 07:00:00 GMT",Unknown,IEA sees gradual Hormuz recovery tipping into significant 2027 surplus,0.38,Positive
"Tue, 16 Jun 2026 07:00:00 GMT",Unknown,'Unconditionally' re-opening Hormuz vital to end energy crisis,0.1,Neutral
"Wed, 17 Jun 2026 07:00:00 GMT",Unknown,A free and open Strait of Hormuz can’t be left to chance,0.13,Neutral
"Wed, 17 Jun 2026 07:00:00 GMT",Unknown,"Trump, Iran sign agreement that U.S. claims will dilute Tehran’s uranium, open Strait of Hormuz",0.0,Neutral
"Thu, 18 Jun 2026 07:00:00 GMT",Unknown,Iran wants to charge ‘fees’ on Hormuz passage. What impacts could that have?,0.2,Neutral
"Thu, 18 Jun 2026 07:00:00 GMT",Unknown,The Strait of Hormuz to re-open. Now what?,0.0,Neutral
"Thu, 18 Jun 2026 07:00:00 GMT",Unknown,"Stranded ships have begun transiting the Strait of Hormuz, maritime data company says",0.0,Neutral
"Thu, 18 Jun 2026 07:00:00 GMT",Unknown,Three Saudi oil tankers carrying 6 million barrels cross Strait of Hormuz,0.0,Neutral
"Thu, 18 Jun 2026 07:00:00 GMT",Unknown,"Tracking traffic in the Strait of Hormuz, in maps and charts",0.0,Neutral
"Thu, 18 Jun 2026 07:00:00 GMT",Unknown,"Iran Deal Provides Economic Boost, But Hormuz Shipping Is Key",0.16,Neutral
"Thu, 18 Jun 2026 07:00:00 GMT",Unknown,"The Strait of Hormuz is reopening, but global shipping won’t return to normal for months",0.07,Neutral
"Thu, 18 Jun 2026 07:00:00 GMT",Unknown,Five Things the Hormuz Crisis Taught Us About the Global Economy,0.0,Neutral
"Thu, 18 Jun 2026 07:00:00 GMT",Unknown,"US Ends Hormuz Blockade, Downplays Tolls as Negotiations Restart",0.0,Neutral
"Thu, 18 Jun 2026 07:00:00 GMT",Unknown,"Shipping groups want mines cleared, TSS restored for normal Hormuz traffic",0.1,Neutral
"Thu, 18 Jun 2026 07:00:00 GMT",Unknown,Shipping disruptions and maritime CO₂ emissions: Evidence from the closure of the Strait of Hormuz,0.0,Neutral
"Thu, 18 Jun 2026 07:00:00 GMT",Unknown,White House defends Iran agreement as U.S. lifts Strait of Hormuz blockade,0.0,Neutral
"Thu, 18 Jun 2026 07:00:00 GMT",Unknown,Strait of Hormuz reopening may take weeks to ease shipping backlog and oil pressure,0.0,Neutral
"Thu, 18 Jun 2026 07:00:00 GMT",Unknown,Will Passage Fees be Charged in the Strait of Hormuz?,0.0,Neutral
"Thu, 18 Jun 2026 07:00:00 GMT",Unknown,Even Hormuz reopening will not resolve Europe’s key energy vulnerability,0.0,Neutral
"Thu, 18 Jun 2026 07:00:00 GMT",Unknown,"Three Saudi-flagged supertankers sail through Hormuz after Iran deal signed, data shows",0.0,Neutral
"Thu, 18 Jun 2026 07:00:00 GMT",Unknown,Hormuz Shipping Activity Accelerates,0.0,Neutral
"Thu, 18 Jun 2026 07:00:00 GMT",Unknown,3 supertankers sail through Strait of Hormuz after deal signed: Report,0.0,Neutral
"Thu, 18 Jun 2026 07:00:00 GMT",Unknown,U.S. lifts naval blockade of the Strait of Hormuz and Iranian ports,0.0,Neutral
"Thu, 18 Jun 2026 07:00:00 GMT",Unknown,"What the Trump-Iran agreement says about Lebanon, Hormuz and uranium",0.0,Neutral
"Thu, 18 Jun 2026 07:00:00 GMT",Unknown,Iran announces plans to bring in maritime fees for strait of Hormuz,0.0,Neutral
"Thu, 18 Jun 2026 07:00:00 GMT",Unknown,COMMENTARY: Gulf exporters' quest to bypass Hormuz will reshape the region,0.0,Neutral
"Thu, 18 Jun 2026 07:00:00 GMT",Unknown,Strait of Hormuz reopening gradually as 12 tankers transit after US-Iran framework deal,0.0,Neutral
"Thu, 18 Jun 2026 07:00:00 GMT",Unknown,"US and Iran sign initial deal to end war, ease sanctions and open strait as nuclear talks continue",0.0,Neutral
"Thu, 18 Jun 2026 07:00:00 GMT",Unknown,Middle East Matters,0.0,Neutral
"Thu, 18 Jun 2026 07:00:00 GMT",Unknown,Why the oil may start flowing through the Strait of Hormuz faster than many believe,0.5,Positive
"Thu, 18 Jun 2026 07:00:00 GMT",Unknown,"More than 12 million oil barrels transited the Strait of Hormuz overnight, Vance says",0.5,Positive
"Thu, 18 Jun 2026 07:00:00 GMT",Unknown,"Hormuz reopening to release wave of oil supply, depress prices",-0.07,Neutral
"Thu, 18 Jun 2026 07:00:00 GMT",Unknown,Oil Prices Fall as U.S.-Iran Deal to Reopen Hormuz Takes Effect,0.14,Neutral
"Thu, 18 Jun 2026 07:00:00 GMT",Unknown,Is the Strait of Hormuz now open?,0.0,Neutral
"Thu, 18 Jun 2026 07:00:00 GMT",Unknown,"Iran MOU leaves Strait of Hormuz in Tehran’s hands, analysts say",0.0,Neutral
"Thu, 18 Jun 2026 07:00:00 GMT",Unknown,Two key things that need to happen before Strait of Hormuz traffic can return to prewar levels,0.0,Neutral
"Thu, 18 Jun 2026 07:00:00 GMT",Unknown,Oil tankers pass Hormuz Strait after war deal: tracker,0.0,Neutral
"Thu, 18 Jun 2026 07:00:00 GMT",Unknown,Strait of Hormuz Reopening Brings Relief for Global Economy,0.0,Neutral
"Thu, 18 Jun 2026 07:00:00 GMT",Unknown,"Trump, Pezeshkian sign deal to end Iran war, reopen Hormuz",0.0,Neutral
"Thu, 18 Jun 2026 07:00:00 GMT",Unknown,"Trump and Iran’s president sign initial deal to end war, open Strait of Hormuz and ease sanctions",0.0,Neutral
"Thu, 18 Jun 2026 07:00:00 GMT",Unknown,2 key details about the Strait of Hormuz in the agreement Trump and Iran just signed,0.0,Neutral
"Thu, 18 Jun 2026 07:00:00 GMT",Unknown,U.S.-Iran deal takes effect as focus turns to Strait of Hormuz,0.0,Neutral
"Thu, 18 Jun 2026 07:00:00 GMT",Unknown,INTERVIEW: Japan's MOL expects up to a month for Hormuz transit to take shape: CEO,0.0,Neutral
"Thu, 18 Jun 2026 07:00:00 GMT",Unknown,"World reacts to US-Iran deal to extend ceasefire, reopen Strait of Hormuz",0.0,Neutral
"Thu, 18 Jun 2026 07:00:00 GMT",Unknown,French tanker crosses Strait of Hormuz days after US-Iran deal,0.0,Neutral
"Thu, 18 Jun 2026 07:00:00 GMT",Unknown,US-Iran peace deal: what happens to Strait of Hormuz supplies?,0.0,Neutral
"Thu, 18 Jun 2026 07:00:00 GMT",Unknown,Hormuz coalition on hold despite US-Iran deal,0.0,Neutral
"Thu, 18 Jun 2026 07:00:00 GMT",Unknown,"Strait of Hormuz may be “open,” but mines are still a danger",0.0,Neutral
"Thu, 18 Jun 2026 07:00:00 GMT",Unknown,Iran says Strait of Hormuz will never return to pre-war status,0.0,Neutral
"Thu, 18 Jun 2026 07:00:00 GMT",Unknown,Supertankers With 80 Million Barrels of Oil Ready to Pass Hormuz,0.2,Neutral
"Thu, 18 Jun 2026 07:00:00 GMT",Unknown,Shipping industry wary of resuming Strait of Hormuz navigation despite imminent deal,-0.5,Negative
"Thu, 18 Jun 2026 07:00:00 GMT",Unknown,"Khamenei shifts responsibility for MoU as Iran, US implement Hormuz terms",0.0,Neutral
"Thu, 18 Jun 2026 07:00:00 GMT",Unknown,"Sanctions clarity needed before Hormuz trade resumes, says LMA",0.0,Neutral
"Thu, 18 Jun 2026 07:00:00 GMT",Unknown,"US-Iran accord opens way for Hormuz charges, industry warns",0.0,Neutral
"Thu, 18 Jun 2026 07:00:00 GMT",Unknown,"US-Iran deal takeaways: reopening the strait of Hormuz, waived oil sanctions and Lebanon",0.0,Neutral
"Thu, 18 Jun 2026 07:00:00 GMT",Unknown,"US ends Iran blockade, Hormuz threat level reduced further",0.0,Neutral
"Thu, 18 Jun 2026 07:00:00 GMT",Unknown,US-Iran memorandum of understanding in full,0.35,Positive
"Thu, 18 Jun 2026 07:00:00 GMT",Unknown,Oil falls as supply moves through Strait of Hormuz after Iran war pact,0.0,Neutral
"Thu, 18 Jun 2026 07:00:00 GMT",Unknown,Oil falls as supply starts moving through Strait of Hormuz,0.0,Neutral
"Thu, 18 Jun 2026 07:00:00 GMT",Unknown,First Saudi Supertankers Start Crossing Hormuz After Deal,0.25,Positive
"Thu, 18 Jun 2026 07:00:00 GMT",Unknown,DC Wrap: Oil tankers begin to move in Strait of Hormuz; Obama cel­e­brates opening of his center,-0.1,Neutral
"Thu, 18 Jun 2026 07:00:00 GMT",Unknown,Vance slams Israeli reaction to Iran deal as U.S. military lifts blockade,-0.1,Neutral
"Thu, 18 Jun 2026 07:00:00 GMT",Unknown,Iran says it will charge a ‘payment for services’ in the Strait of Hormuz,0.0,Neutral
"Thu, 18 Jun 2026 07:00:00 GMT",Unknown,President Trump’s “Munich on the Hormuz”: Avideh Motmaen-Far for Inside Policy,0.0,Neutral
"Thu, 18 Jun 2026 07:00:00 GMT",Unknown,"First tankers cross Hormuz after US, Iran ink interim deal to end war",0.12,Neutral
"Thu, 18 Jun 2026 07:00:00 GMT",Unknown,Focus turns to Strait of Hormuz after US and Iran presidents sign ceasefire agreement,0.0,Neutral
"Thu, 18 Jun 2026 07:00:00 GMT",Unknown,"Iran’s Strait Authority to facilitate ships’ passage through Hormuz, Supreme National Security Council says",0.0,Neutral
"Fri, 19 Jun 2026 07:00:00 GMT",Unknown,Stranded Ships Hoping for Escape Find a Turbulent Strait of Hormuz,0.14,Neutral
"Fri, 19 Jun 2026 07:00:00 GMT",Unknown,"Strait of Hormuz ship transits – two routes, two sets of rules",0.0,Neutral
"Fri, 19 Jun 2026 07:00:00 GMT",Unknown,The Hormuz risk question has changed and compliance frameworks haven't caught up,0.0,Neutral
"Fri, 19 Jun 2026 07:00:00 GMT",Unknown,Video: Demining the Strait of Hormuz,0.14,Neutral
"Fri, 19 Jun 2026 07:00:00 GMT",Unknown,Opinion | Iran Just Taught the World a Dangerous Lesson,-0.35,Negative
"Fri, 19 Jun 2026 07:00:00 GMT",Unknown,Oil tanker traffic in Strait of Hormuz jumps after U.S. and Iran implement deal to open sea lane,0.0,Neutral
"Fri, 19 Jun 2026 07:00:00 GMT",Unknown,Sailing the Strait of Hormuz as mines and uncertainty slow full recovery,0.02,Neutral
"Fri, 19 Jun 2026 07:00:00 GMT",Unknown,Iran waives Strait of Hormuz fees during 60-day peace negotiation period,0.0,Neutral
"Fri, 19 Jun 2026 07:00:00 GMT",Unknown,Hormuz Reopening Shifts Focus to Gulf Oil Storage and Shipping,0.0,Neutral
"Fri, 19 Jun 2026 07:00:00 GMT",Unknown,Iran says it will waive fees for Hormuz during 60 day negotiation period,0.0,Neutral
"Fri, 19 Jun 2026 07:00:00 GMT",Unknown,"IRGC outlet urges Tehran to close Hormuz, end US MoU implementation",0.0,Neutral
"Fri, 19 Jun 2026 07:00:00 GMT",Unknown,Tehran says Strait of Hormuz remains open after confusion,0.0,Neutral
"Fri, 19 Jun 2026 07:00:00 GMT",Unknown,Iran Asserts Control Over the Strait of Hormuz,0.0,Neutral
"Fri, 19 Jun 2026 07:00:00 GMT",Unknown,First LNG tanker crosses Strait of Hormuz and docks after peace deal,0.25,Positive
"Fri, 19 Jun 2026 07:00:00 GMT",Unknown,Iran says traffic through Strait of Hormuz 'will be increased gradually',0.0,Neutral
"Fri, 19 Jun 2026 07:00:00 GMT",Unknown,Strait of Hormuz feels tense and uncertain as peace deal takes hold,-0.33,Negative
"Fri, 19 Jun 2026 07:00:00 GMT",Unknown,Trump says US quietly moved 87 oil tankers through Strait of Hormuz,0.0,Neutral
"Fri, 19 Jun 2026 07:00:00 GMT",Unknown,Video. Timelapse video shows ships moving through the Strait of Hormuz since reopening,0.0,Neutral
"Fri, 19 Jun 2026 07:00:00 GMT",Unknown,Hormuz disruption will continue until 80 mines blocking route are cleared,0.0,Neutral
"Fri, 19 Jun 2026 07:00:00 GMT",Unknown,"U.S.-Iran deal signing sets stage for nuclear negotiations, but initial talks in Switzerland postponed",0.0,Neutral
"Fri, 19 Jun 2026 07:00:00 GMT",Unknown,"Abu Dhabi tells buyers to load oil shipments from inside Hormuz, Bloomberg News reports",0.0,Neutral
"Fri, 19 Jun 2026 07:00:00 GMT",Unknown,Iran's insurance gambit in the Strait of Hormuz is a claim waiting to happen,0.0,Neutral
"Fri, 19 Jun 2026 07:00:00 GMT",Unknown,"Iran closes Strait of Hormuz again, stalls Switzerland talks with US",0.0,Neutral
"Fri, 19 Jun 2026 07:00:00 GMT",Unknown,Stranded ships begin to cross Hormuz after initial U.S.-Iran deal,0.0,Neutral
"Fri, 19 Jun 2026 07:00:00 GMT",Unknown,Why Germany's navy could be crucial for the Strait of Hormuz,0.0,Neutral
"Fri, 19 Jun 2026 07:00:00 GMT",Unknown,Oil prices rise as Lebanon fighting erupts and Hormuz traffic still slow,-0.3,Negative
"Fri, 19 Jun 2026 07:00:00 GMT",Unknown,"Pakistan Reports Mine in Strait of Hormuz Area, Warns Ships",0.0,Neutral
"Fri, 19 Jun 2026 07:00:00 GMT",Unknown,"Hormuz transits hit 2-month high, Iran issues passage application",0.16,Neutral
"Fri, 19 Jun 2026 07:00:00 GMT",Unknown,Iran announces new procedures for vessels seeking to transit Strait of Hormuz,0.14,Neutral
"Fri, 19 Jun 2026 07:00:00 GMT",Unknown,Iran’s New ‘Toll by Insurance’ Raises Stakes in Strait of Hormuz,0.14,Neutral
"Fri, 19 Jun 2026 07:00:00 GMT",Unknown,Strait of Hormuz Traffic Thins Friday as Shipowners Err on Side of Safety,0.0,Neutral
"Fri, 19 Jun 2026 07:00:00 GMT",Unknown,Iran to seek ‘insurance fees’ for passage through Strait of Hormuz,0.0,Neutral
"Fri, 19 Jun 2026 07:00:00 GMT",Unknown,Trade Zone: How energy markets could shape up post-Hormuz,0.0,Neutral
"Fri, 19 Jun 2026 07:00:00 GMT",Unknown,Hormuz Traffic Stalls as U.S.-Iran Talks Collapse,-0.7,Negative
"Fri, 19 Jun 2026 07:00:00 GMT",Unknown,"Brent set for 8% weekly fall as Israel, Hezbollah agree ceasefire",0.0,Neutral
"Fri, 19 Jun 2026 07:00:00 GMT",Unknown,Experts: Hormuz won’t see return to full cargo flow for 3 months,0.35,Positive
"Fri, 19 Jun 2026 07:00:00 GMT",Unknown,Shipowners hope Strait of Hormuz will reopen soon,0.0,Neutral
"Fri, 19 Jun 2026 07:00:00 GMT",Unknown,Iran Foreign Ministry says Strait of Hormuz is open after IRGC warned it was closed — sparking confusion,-0.07,Neutral
"Fri, 19 Jun 2026 07:00:00 GMT",Unknown,Iran Floats ‘Insurance Fees’ and Asserts Control Over Hormuz,0.0,Neutral
"Fri, 19 Jun 2026 07:00:00 GMT",Unknown,"Despite deal with US, Iran says ships transiting Hormuz must submit request 48 hours in advance",0.0,Neutral
"Fri, 19 Jun 2026 07:00:00 GMT",Unknown,"Hormuz ship crossings spike after U.S.-Iran deal to end war, says marine tracker",0.0,Neutral
"Sat, 20 Jun 2026 07:00:00 GMT",Unknown,Commercial Vessels Flow Through Open Strait of Hormuz,0.0,Neutral
"Sat, 20 Jun 2026 07:00:00 GMT",Unknown,Iran says closed Strait of Hormuz as US deal hits obstacle ahead of Swiss talks,-0.1,Neutral
"Sat, 20 Jun 2026 07:00:00 GMT",Unknown,US and Iran to talk Sunday in Switzerland as Tehran says it closed Strait of Hormuz again,-0.1,Neutral
"Sat, 20 Jun 2026 07:00:00 GMT",Unknown,Ships Told They Can Use South Hormuz Route With Signals On,0.0,Neutral
"Sat, 20 Jun 2026 07:00:00 GMT",Unknown,U.S. and Iran begin peace talks amid conflicting claims over Strait of Hormuz,0.0,Neutral
"Sat, 20 Jun 2026 07:00:00 GMT",Unknown,Iran says it is closing Strait of Hormuz over Israeli attacks on Lebanon,0.0,Neutral
"Sat, 20 Jun 2026 07:00:00 GMT",Unknown,Iran says Strait of Hormuz closed again after Israel strikes Lebanon,-0.1,Neutral
"Sat, 20 Jun 2026 07:00:00 GMT",Unknown,"Iran announces plans to close the Strait of Hormuz, alleging ‘violations of the ceasefire’",0.0,Neutral
"Sat, 20 Jun 2026 07:00:00 GMT",Unknown,Iran says it's closing Strait of Hormuz again,0.0,Neutral
"Sat, 20 Jun 2026 07:00:00 GMT",Unknown,Iran claims the Strait of Hormuz is closed again. Few ships were leaving in the first place | CNN Business,-0.02,Neutral
"Sat, 20 Jun 2026 07:00:00 GMT",Unknown,Shipping remains far below prewar levels in the Strait of Hormuz.,0.11,Neutral
"Sat, 20 Jun 2026 07:00:00 GMT",Unknown,Iran declares the Strait of Hormuz closed,-0.1,Neutral
"Sat, 20 Jun 2026 07:00:00 GMT",Unknown,New Strait of Hormuz Closure Announcement Threatens the Slow Uptick in Traffic,-0.04,Neutral
"Sat, 20 Jun 2026 07:00:00 GMT",Unknown,"Shipping companies will decide when the Strait of Hormuz is open, and the latest deal sows confusion",0.25,Positive
"Sat, 20 Jun 2026 07:00:00 GMT",Unknown,"Trump vows Iran will not charge Strait of Hormuz tolls, but says US might",0.0,Neutral
"Sat, 20 Jun 2026 07:00:00 GMT",Unknown,"Iran says it’s closing Strait of Hormuz, citing Israeli strikes on Lebanon",0.0,Neutral
"Sat, 20 Jun 2026 07:00:00 GMT",Unknown,"Iran says it is closing Strait of Hormuz, testing fragile agreement with U.S.",0.0,Neutral
"Sat, 20 Jun 2026 07:00:00 GMT",Unknown,"Iran 'does not control' Strait of Hormuz, flow continues: CENTCOM",0.0,Neutral
"Sat, 20 Jun 2026 07:00:00 GMT",Unknown,Video: U.S. and Iran Offer Contradictory Statements on Strait of Hormuz,0.14,Neutral
"Sat, 20 Jun 2026 07:00:00 GMT",Unknown,Iran has closed the Strait of Hormuz due to Israel’s ongoing attacks,-0.11,Neutral
"Sat, 20 Jun 2026 07:00:00 GMT",Unknown,Oil shipments rise in Hormuz although questions grow over Iran's transit terms,0.0,Neutral
"Sat, 20 Jun 2026 07:00:00 GMT",Unknown,US forces monitoring Strait of Hormuz to ensure it stays open,0.0,Neutral
"Sat, 20 Jun 2026 07:00:00 GMT",Unknown,Trump threatens US tolls on Hormuz after Iran says strait is closed,-0.1,Neutral
"Sat, 20 Jun 2026 07:00:00 GMT",Unknown,Iran floats insurance fees and asserts control over Hormuz,0.0,Neutral
"Sat, 20 Jun 2026 07:00:00 GMT",Unknown,"Iran, citing 'clear breach' by US, again closed Strait of Hormuz",0.0,Neutral
"Sat, 20 Jun 2026 07:00:00 GMT",Unknown,Iran declares Strait of Hormuz 'closed' over MOU 'breach',-0.1,Neutral
"Sat, 20 Jun 2026 07:00:00 GMT",Unknown,Middle East: Trump threatens US tolls on Strait of Hormuz if Iran talks collapse,0.0,Neutral
"Sat, 20 Jun 2026 07:00:00 GMT",Unknown,Trump says US will begin charging tolls in Strait of Hormuz if final Iran deal not reached in 60 days,0.0,Neutral
"Sat, 20 Jun 2026 07:00:00 GMT",Unknown,Trump threatens to charge US tolls in Strait of Hormuz for 'services rendered as the Guardian Angel',0.0,Neutral
"Sat, 20 Jun 2026 07:00:00 GMT",Unknown,"Iran says Strait of Hormuz is closed, citing Israeli attacks in Lebanon",-0.1,Neutral
"Sat, 20 Jun 2026 07:00:00 GMT",Unknown,Former U.S. Admiral breaks down status of Hormuz Strait amid conflicting messages,-0.08,Neutral
"Sat, 20 Jun 2026 07:00:00 GMT",Unknown,A Look at the Text of the Agreement Between the United States and Iran,0.14,Neutral
"Sat, 20 Jun 2026 07:00:00 GMT",Unknown,"Three Indian-flagged oil tankers clear Strait of Hormuz, minister says",0.1,Neutral
"Sat, 20 Jun 2026 07:00:00 GMT",Unknown,US disputes Iranian claims about closing Strait of Hormuz as negotiators arrive in Switzerland,0.0,Neutral
"Sat, 20 Jun 2026 07:00:00 GMT",Unknown,"Iran closes Strait of Hormuz again, citing US 'breach' and Israeli attacks on Lebanon",0.0,Neutral
"Sat, 20 Jun 2026 07:00:00 GMT",Unknown,Strait of Hormuz closed: Iran Navy announce close of Hormuz Strait afta US president Trump sign deal,-0.1,Neutral
"Sat, 20 Jun 2026 07:00:00 GMT",Unknown,Trump threatens to charge US tolls in Strait of Hormuz if final Iran deal not reached in 60 days,0.0,Neutral
"Sat, 20 Jun 2026 07:00:00 GMT",Unknown,Hormuz Open & Post-War Priorities: This Week's Top Stories,0.2,Neutral
"Sat, 20 Jun 2026 07:00:00 GMT",Unknown,"Iran closes Strait of Hormuz over ceasefire violations, state media reports",0.0,Neutral
"Sat, 20 Jun 2026 07:00:00 GMT",Unknown,"Iran has closed Strait of Hormuz, state media reports",-0.1,Neutral
"Sat, 20 Jun 2026 07:00:00 GMT",Unknown,Iran closes Strait of Hormuz again and says its negotiating team with US is heading to Switzerland,0.0,Neutral
"Sat, 20 Jun 2026 07:00:00 GMT",Unknown,Iran says it has closed Strait of Hormuz again as talks continue,-0.1,Neutral
"Sat, 20 Jun 2026 07:00:00 GMT",Unknown,Iran closes Strait of Hormuz over ceasefire violations,0.0,Neutral
"Sat, 20 Jun 2026 07:00:00 GMT",Unknown,"Vance Heads to Peace Talks, After Iran Says It Closed Strait of Hormuz",-0.1,Neutral
"Sat, 20 Jun 2026 07:00:00 GMT",Unknown,US strikes Iranian military sites after ship attack in Strait of Hormuz,-0.07,Neutral
"Sat, 20 Jun 2026 07:00:00 GMT",Unknown,Iran issues new transit rules for Strait of Hormuz,0.14,Neutral
"Sat, 20 Jun 2026 07:00:00 GMT",Unknown,"Strait of Hormuz closed again after Iran claims U.S., Israel violated memorandum",-0.1,Neutral
"Sat, 20 Jun 2026 07:00:00 GMT",Unknown,Iran claims Hormuz closed again as IDF attacks Hezbollah; Vance says Switzerland talks may start Sunday,-0.1,Neutral
"Sat, 20 Jun 2026 07:00:00 GMT",Unknown,Iran shuts Strait of Hormuz as Israel tests MOU with Lebanon strikes,0.0,Neutral
"Sat, 20 Jun 2026 07:00:00 GMT",Unknown,Iran Says Strait Of Hormuz Is Closed As Vance Denies Shutdown,-0.1,Neutral
"Sat, 20 Jun 2026 07:00:00 GMT",Unknown,"Iran claims Strait of Hormuz is closed again, while US says it remains open",-0.05,Neutral
"Sat, 20 Jun 2026 07:00:00 GMT",Unknown,"Iran Denies Strait Of Hormuz Closure Reports, Says Shipping Continues Normally",0.15,Neutral
"Sat, 20 Jun 2026 07:00:00 GMT",Unknown,Iran Says Hormuz Closed Again as Talks With US Set to Open,-0.05,Neutral
"Sat, 20 Jun 2026 07:00:00 GMT",Unknown,Iran re-closes Strait of Hormuz as Lebanon dispute threatens peace deal,0.0,Neutral
"Sat, 20 Jun 2026 07:00:00 GMT",Unknown,Trump warns of Hormuz tolls as ships pass despite Iran's closure claim,0.0,Neutral
"Sat, 20 Jun 2026 07:00:00 GMT",Unknown,Iran says it is closing strait of Hormuz over Israeli strikes in Lebanon,0.0,Neutral
"Sat, 20 Jun 2026 07:00:00 GMT",Unknown,Iran closes Strait of Hormuz after accusing US and Israel of breaching ceasefire,0.0,Neutral
"Sat, 20 Jun 2026 07:00:00 GMT",Unknown,Iran says it's closing the Strait of Hormuz again,0.0,Neutral
"Sat, 20 Jun 2026 07:00:00 GMT",Unknown,Iran’s military says it closed Strait of Hormuz again over Israel’s strikes in Lebanon,-0.1,Neutral
"Sat, 20 Jun 2026 07:00:00 GMT",Unknown,Oil Prices to Face Renewed Pressures After Iran Says It Closed the Strait of Hormuz,-0.1,Neutral
"Sat, 20 Jun 2026 07:00:00 GMT",Unknown,Iran claims the Strait of Hormuz is closed again. Few ships were leaving in the first place,-0.02,Neutral
"Sat, 20 Jun 2026 07:00:00 GMT",Unknown,"Iran says it shut Strait of Hormuz over truce violations, but U.S. says it remains open",0.0,Neutral
"Sun, 21 Jun 2026 07:00:00 GMT",Unknown,Uncertainty Remains Over the Strait of Hormuz,0.14,Neutral
"Sun, 21 Jun 2026 07:00:00 GMT",Unknown,Vance lands in Switzerland as Iran says Strait of Hormuz is closed over ceasefire violations,-0.1,Neutral
"Sun, 21 Jun 2026 07:00:00 GMT",Unknown,US-Iran talks begin in Switzerland as Tehran says it closed Strait of Hormuz,-0.1,Neutral
"Sun, 21 Jun 2026 07:00:00 GMT",Unknown,Oil Rises Amid Uncertainty Over Strait of Hormuz,0.14,Neutral
"Sat, 20 Jun 2026 07:00:00 GMT",Unknown,Iran Strait of Hormuz Closure Escalates Tensions as Diplomatic Talks Loom,0.0,Neutral
"Sat, 20 Jun 2026 07:00:00 GMT",Unknown,Shipping Industry Seeks Guarantees on Strait of Hormuz Safety Before Reopening,0.0,Neutral
"Sun, 21 Jun 2026 07:00:00 GMT",Unknown,India Increases Russian and UAE Crude Oil Imports in June Ahead of Full Strait of Hormuz Recovery,-0.1,Neutral
"Mon, 22 Jun 2026 07:00:00 GMT",Unknown,The Strait of Hormuz’s future is unsettled in wake of latest strikes,0.25,Positive
"Mon, 22 Jun 2026 07:00:00 GMT",Unknown,Shipping stalls in Strait of Hormuz after Iran declares key waterway closed again,-0.05,Neutral
"Mon, 22 Jun 2026 07:00:00 GMT",Unknown,Shipping stalls in Strait of Hormuz after Iran declares key waterway shut,0.0,Neutral
"Mon, 22 Jun 2026 07:00:00 GMT",Unknown,Strait of Hormuz: Mines and Dual Transit Regime Complicate Return to Normal,0.15,Neutral
"Sun, 21 Jun 2026 07:00:00 GMT",Unknown,"Strait of Hormuz transit security is an ‘hour to hour’ gamble, shipping insurer chief says",0.0,Neutral
"Mon, 22 Jun 2026 07:00:00 GMT",Unknown,Vessels moving in Hormuz despite Iran’s threat of closure,0.0,Neutral
"Mon, 22 Jun 2026 07:00:00 GMT",Unknown,Mixed messages on Strait of Hormuz create uncertainty for oil,0.0,Neutral
"Mon, 22 Jun 2026 07:00:00 GMT",Unknown,"Iran turning Strait of Hormuz into strategic leverage tool, expert warns",0.0,Neutral
"Sun, 21 Jun 2026 07:00:00 GMT",Unknown,Oil keeps flowing through Hormuz despite Iran saying it’s shut,0.0,Neutral
"Mon, 22 Jun 2026 07:00:00 GMT",Unknown,Hormuz: Traffic flows despite Iran's closure announcement,0.0,Neutral
"Mon, 22 Jun 2026 07:00:00 GMT",Unknown,Tanker traffic through Hormuz picks up after slower flows due to crossing concerns,-0.12,Neutral
"Mon, 22 Jun 2026 07:00:00 GMT",Unknown,"Traffic flows through Hormuz, but escalating threats from both sides are causing 'strait jitters'",0.0,Neutral
"Mon, 22 Jun 2026 07:00:00 GMT",Unknown,"Analysis: The Strait of Hormuz is reopening, but global shipping won’t return to normal for months",0.07,Neutral
"Mon, 22 Jun 2026 07:00:00 GMT",Unknown,Oil prices edge lower as market monitors tanker traffic through Strait of Hormuz,0.0,Neutral
"Mon, 22 Jun 2026 07:00:00 GMT",Unknown,"Allowing Strait of Hormuz Fee Is ‘Dangerous,’ Maersk C.E.O. Says",-0.35,Negative
"Mon, 22 Jun 2026 07:00:00 GMT",Unknown,Oil tanker traffic picks up through Hormuz,0.0,Neutral
"Sun, 21 Jun 2026 07:00:00 GMT",Unknown,Strait of Hormuz oil flow ‘back towards normal’: Energy secretary,0.07,Neutral
"Sun, 21 Jun 2026 07:00:00 GMT",Unknown,U.S. and Iran set for new talks with status of Hormuz in question,0.14,Neutral
"Mon, 22 Jun 2026 07:00:00 GMT",Unknown,Vance Heads to Talks as Strait of Hormuz Re-emerges as Point of Tension,0.14,Neutral
"Mon, 22 Jun 2026 07:00:00 GMT",Unknown,Number of ships passing through Strait of Hormuz plummets again after Iran closes waterway,0.0,Neutral
"Mon, 22 Jun 2026 07:00:00 GMT",Unknown,Strait of Hormuz ship traffic plunges after Iran closes waterway again,0.0,Neutral
"Mon, 22 Jun 2026 07:00:00 GMT",Unknown,Iranian Crude Oil Flows Via Hormuz Surge as More Ships Transit,-0.1,Neutral
"Sun, 21 Jun 2026 07:00:00 GMT",Unknown,Kuwait Adds to Signs Hormuz Is Reopening With Offer for Products,0.0,Neutral
"Mon, 22 Jun 2026 07:00:00 GMT",Unknown,"Marco Rubio heads to Middle East to address Iran MoU, Hormuz",0.0,Neutral
"Mon, 22 Jun 2026 07:00:00 GMT",Unknown,"US should have seized Strait of Hormuz during Iran War, says retired IDF general",0.05,Neutral
"Sun, 21 Jun 2026 07:00:00 GMT",Unknown,The U.S. says it's open. Iran says it's closed. The Strait of Hormuz remains precarious,-0.05,Neutral
"Sun, 21 Jun 2026 07:00:00 GMT",Unknown,Two South Korean-Operated Vessels Passed Through Strait of Hormuz After MOU Signed,0.0,Neutral
"Sun, 21 Jun 2026 07:00:00 GMT",Unknown,What’s next in the Strait of Hormuz crisis?,0.0,Neutral
"Sun, 21 Jun 2026 07:00:00 GMT",Unknown,"'If Iran Closes Hormuz, It Will No Longer Have A F***ing Country,' Declares Trump",0.0,Neutral
"Mon, 22 Jun 2026 07:00:00 GMT",Unknown,Oil falls below $75 for the first time since March as Hormuz traffic begins to recover,0.25,Positive
"Mon, 22 Jun 2026 07:00:00 GMT",Unknown,"Half-Open, Half-Closed Strait of Hormuz Baffles Oil Markets",0.0,Neutral
"Sun, 21 Jun 2026 07:00:00 GMT",Unknown,"Iran's Tasnim news agency says Hormuz will not reopen until Lebanon ceasefire holds, oil waivers issued",0.0,Neutral
"Sun, 21 Jun 2026 07:00:00 GMT",Unknown,US-Iran talks strained as Trump threats spark Iranian walkout,0.0,Neutral
"Mon, 22 Jun 2026 07:00:00 GMT",Unknown,Is the Strait of Hormuz open or closed?,-0.05,Neutral
"Sun, 21 Jun 2026 07:00:00 GMT",Unknown,"Iran negotiators, Vance head for Switzerland but Lebanon fighting continues",0.0,Neutral
"Sun, 21 Jun 2026 07:00:00 GMT",Unknown,Iran says Hormuz closed again after Israel strikes Lebanon,-0.1,Neutral
"Sun, 21 Jun 2026 07:00:00 GMT",Unknown,"Iran, US claims conflict over Hormuz as 3 Indian crude tankers emerge",-0.7,Negative
"Mon, 22 Jun 2026 07:00:00 GMT",Unknown,Germany blames US president for Strait of Hormuz crisis,0.0,Neutral
"Mon, 22 Jun 2026 07:00:00 GMT",Unknown,The Cartaz Remix: The Hormuz Gambit and the Emergent Montreux of the Gulf,0.0,Neutral
"Sun, 21 Jun 2026 07:00:00 GMT",Unknown,"Sailors trapped in Hormuz strait, dodging drones and rationing food",-0.2,Neutral
"Sun, 21 Jun 2026 07:00:00 GMT",Unknown,Lindsey Graham says Trump will seize the Strait of Hormuz 'by force' if Iran deal collapses,0.0,Neutral
"Mon, 22 Jun 2026 07:00:00 GMT",Unknown,Traffic flows in Strait of Hormuz despite Iran’s closure announcement,0.0,Neutral
"Mon, 22 Jun 2026 07:00:00 GMT",Unknown,"Iran Mediators Offer Plan to Ease Lebanon, Hormuz Tensions",0.0,Neutral
"Mon, 22 Jun 2026 07:00:00 GMT",Unknown,US waives Iran sanctions after talks; Lebanon fighting abates,0.0,Neutral
"Mon, 22 Jun 2026 07:00:00 GMT",Unknown,Iran War: Gulf Oil Floods Through Hormuz at Fastest Pace Since War Began,0.0,Neutral
"Sun, 21 Jun 2026 07:00:00 GMT",Unknown,Hormuz Crisis Sparks a Middle East Pipeline Boom,-0.23,Negative
"Mon, 22 Jun 2026 07:00:00 GMT",Unknown,Iran's Oil Exports Through Hormuz Hit Wartime High,-0.13,Neutral
"Sun, 21 Jun 2026 07:00:00 GMT",Unknown,Peace talks on edge as Iran claims fresh Hormuz shutdown,0.3,Positive
"Mon, 22 Jun 2026 07:00:00 GMT",Unknown,Oil Prices Fall as U.S.-Iran Tensions Ease on Hormuz Hope,0.0,Neutral
"Mon, 22 Jun 2026 07:00:00 GMT",Unknown,Iran’s lead negotiator insists Strait of Hormuz will be managed by Iran,0.0,Neutral
"Mon, 22 Jun 2026 07:00:00 GMT",Unknown,Hormuz transits hit snag as geopolitical risks persist,0.0,Neutral
"Mon, 22 Jun 2026 07:00:00 GMT",Unknown,Iran THREATENS to close Hormuz Strait as oil prices drop,0.0,Neutral
"Sun, 21 Jun 2026 07:00:00 GMT",Unknown,Iran claims it has closed Strait of Hormuz as Trump threatens tolls if deal not reached in 60 days,-0.1,Neutral
"Mon, 22 Jun 2026 07:00:00 GMT",Unknown,Ship crossings halve as Iran closes Strait of Hormuz over Israeli attacks,0.0,Neutral
"Mon, 22 Jun 2026 07:00:00 GMT",Unknown,"Iran to establish a communication line for safe passage in Hormuz, top negotiator says",0.5,Positive
"Mon, 22 Jun 2026 07:00:00 GMT",Unknown,Lindsey Graham: 'Obliterate' Iran if there's Strait of Hormuz resistance,0.0,Neutral
"Sun, 21 Jun 2026 07:00:00 GMT",Unknown,Iran's IRGC says Hormuz is shut. Shipping data suggests otherwise,0.0,Neutral
"Mon, 22 Jun 2026 07:00:00 GMT",Unknown,The Strait of Hormuz’s future is unsettled even as more ships venture through,0.25,Positive
"Mon, 22 Jun 2026 07:00:00 GMT",Unknown,​Changed reality: On India and the Strait of Hormuz,0.0,Neutral
"Sun, 21 Jun 2026 07:00:00 GMT",Unknown,Vance arrives in Switzerland for Iran peace talks with Hormuz in spotlight,0.0,Neutral
"Mon, 22 Jun 2026 07:00:00 GMT",Unknown,German minister blames Trump for Strait of Hormuz closure,0.0,Neutral
"Mon, 22 Jun 2026 07:00:00 GMT",Unknown,Vance: The Strait of Hormuz is open; Iran’s agreement to the return of IAEA inspectors is a milestone,0.0,Neutral
"Sun, 21 Jun 2026 07:00:00 GMT",Unknown,Iran says it has closed Strait of Hormuz as US talks to begin,-0.1,Neutral
"Sun, 21 Jun 2026 07:00:00 GMT",Unknown,Trump threatens Iran as Strait of Hormuz closure overshadows talks,0.0,Neutral
"Mon, 22 Jun 2026 07:00:00 GMT",Unknown,Iranian crude oil flows via Hormuz surge as more ships transit,-0.1,Neutral
"Tue, 23 Jun 2026 07:00:00 GMT",Unknown,Iran Makes Moves to Assert Control Over the Strait of Hormuz,0.14,Neutral
"Tue, 23 Jun 2026 07:00:00 GMT",Unknown,IMO announces evacuation plan in the Strait of Hormuz,0.0,Neutral
"Tue, 23 Jun 2026 07:00:00 GMT",Unknown,WATCH: Rubio says 'no country' can charge tolls in Strait of Hormuz,0.0,Neutral
"Tue, 23 Jun 2026 07:00:00 GMT",Unknown,The crisis in the Strait of Hormuz will not replay itself in the South China Sea,0.0,Neutral
"Tue, 23 Jun 2026 07:00:00 GMT",Unknown,"Evacuation plan through Hormuz for stranded ships in Gulf underway, UN agency says",0.0,Neutral
"Tue, 23 Jun 2026 07:00:00 GMT",Unknown,Claim of Daily Quotas for Tankers Passing Through the Strait of Hormuz,0.0,Neutral
"Tue, 23 Jun 2026 07:00:00 GMT",Unknown,"World News in Brief: UN launches Hormuz evacuation plan, UNICEF youth champion killed in Gaza, Lebanon ceasefire ‘largely holding’",0.0,Neutral
"Tue, 23 Jun 2026 07:00:00 GMT",Unknown,Rubio insists strait of Hormuz will be toll-free as he arrives for Gulf meeting,0.0,Neutral
"Tue, 23 Jun 2026 07:00:00 GMT",Unknown,Rubio rejects Iran tolls on Hormuz as deal strains multiply,0.0,Neutral
"Tue, 23 Jun 2026 07:00:00 GMT",Unknown,"U.S. and Iran at odds over nuclear inspections, Strait of Hormuz fees",0.0,Neutral
"Tue, 23 Jun 2026 07:00:00 GMT",Unknown,"UN starts evacuating 11,000 stranded sailors from Strait of Hormuz",0.0,Neutral
"Tue, 23 Jun 2026 07:00:00 GMT",Unknown,"More vessels transit Hormuz, Qatar-linked LNG tankers return, data show",0.5,Positive
"Tue, 23 Jun 2026 07:00:00 GMT",Unknown,"Ships face conflicting Iran, US instructions in Strait of Hormuz",0.0,Neutral
"Tue, 23 Jun 2026 07:00:00 GMT",Unknown,"Iranian Oil Is Moving Again, but Getting Through the Strait Is Complicated",-0.29,Negative
"Tue, 23 Jun 2026 07:00:00 GMT",Unknown,Trump says agreed to keep Strait of Hormuz open,0.05,Neutral
"Tue, 23 Jun 2026 07:00:00 GMT",Unknown,Hormuz evacuation plans emerge after months of gridlock,0.0,Neutral
"Tue, 23 Jun 2026 07:00:00 GMT",Unknown,"Strait of Hormuz evacuation plan to begin for ships stranded in Persian Gulf, maritime organization says",0.0,Neutral
"Tue, 23 Jun 2026 07:00:00 GMT",Unknown,Ships Are Moving Through the Strait of Hormuz,0.0,Neutral
"Tue, 23 Jun 2026 07:00:00 GMT",Unknown,"UN begins evacuation of 11,000 sailors stranded in Strait of Hormuz",0.0,Neutral
"Tue, 23 Jun 2026 07:00:00 GMT",Unknown,"Hormuz closure strands almost 1,200 cargo ships with $125bn worth of goods",0.2,Neutral
"Tue, 23 Jun 2026 07:00:00 GMT",Unknown,"Iran, Oman mull charging Strait of Hormuz 'maritime service fees'",0.0,Neutral
"Tue, 23 Jun 2026 07:00:00 GMT",Unknown,The Strait of Hormuz is finally reopening but Europe’s food chain suppliers cannot afford to be complacent,0.0,Neutral
"Tue, 23 Jun 2026 07:00:00 GMT",Unknown,Oil tanker traffic through Strait of Hormuz hits highest level since conflict began but mines remain,0.0,Neutral
"Tue, 23 Jun 2026 07:00:00 GMT",Unknown,Hezbollah demands full Israeli withdrawal from south Lebanon,0.35,Positive
"Tue, 23 Jun 2026 07:00:00 GMT",Unknown,Oil prices finish 1% lower as investors focus on Hormuz flows after peace talks,0.0,Neutral
"Tue, 23 Jun 2026 07:00:00 GMT",Unknown,Hormuz Traffic Picks Up as More Tankers Cross With Open Signals,0.17,Neutral
"Tue, 23 Jun 2026 07:00:00 GMT",Unknown,"Evacuation plan through Hormuz for stranded ships in Gulf underway, UN agency say",0.0,Neutral
"Tue, 23 Jun 2026 07:00:00 GMT",Unknown,"Oman, the longtime US ally on the other side of the Strait of Hormuz, is talking with Iran about imposing tolls",-0.12,Neutral
"Tue, 23 Jun 2026 07:00:00 GMT",Unknown,UAE reopens trade with Iran while racing to bypass Hormuz,0.0,Neutral
"Tue, 23 Jun 2026 07:00:00 GMT",Unknown,Denmark to join mission to reopen the Strait of Hormuz,0.0,Neutral
"Tue, 23 Jun 2026 07:00:00 GMT",Unknown,"Iran, Oman Say They’ll Work on Pact for Hormuz Transit Costs",0.0,Neutral
"Tue, 23 Jun 2026 07:00:00 GMT",Unknown,"150,000 square feet of barnacles and sea gunk: The latest problem in the Strait of Hormuz",0.5,Positive
"Tue, 23 Jun 2026 07:00:00 GMT",Unknown,The Strait of Hormuz's future is unsettled even as more ships venture through,0.2,Neutral
"Tue, 23 Jun 2026 07:00:00 GMT",Unknown,UN maritime body starts enacting plan to move sailors out of Gulf,0.0,Neutral
"Tue, 23 Jun 2026 07:00:00 GMT",Unknown,Dozens of ships head through Strait of Hormuz after US-Iran deal,0.0,Neutral
"Tue, 23 Jun 2026 07:00:00 GMT",Unknown,"Strait of Hormuz Traffic is Beginning to Return, But it is Hard to Spot",-0.29,Negative
"Tue, 23 Jun 2026 07:00:00 GMT",Unknown,"Hormuz ship traffic highest since war began, maritime tracking firm says",-0.2,Neutral
"Tue, 23 Jun 2026 07:00:00 GMT",Unknown,Iran says to oversee Hormuz as Swiss talks conclude,0.0,Neutral
"Tue, 23 Jun 2026 07:00:00 GMT",Unknown,"UN says it will evacuate sailors stranded in Strait of Hormuz, as Rubio warns against tolls",0.0,Neutral
"Tue, 23 Jun 2026 07:00:00 GMT",Unknown,RFA Lyme Bay arrives in the Middle East for potential Strait of Hormuz mission,0.0,Neutral
"Tue, 23 Jun 2026 07:00:00 GMT",Unknown,Ship traffic through Strait of Hormuz highest since start of war,0.0,Neutral
"Tue, 23 Jun 2026 07:00:00 GMT",Unknown,"Oil gains after selloff, awaits progress on Strait of Hormuz flows",0.0,Neutral
"Tue, 23 Jun 2026 07:00:00 GMT",Unknown,Oil steady as investors focus on Hormuz flows after peace talks,0.17,Neutral
"Tue, 23 Jun 2026 07:00:00 GMT",Unknown,Oil falls 1% as investors focus on Hormuz flows after peace talks,0.0,Neutral
"Wed, 24 Jun 2026 07:00:00 GMT",Unknown,"Ships start sailing through Hormuz under UN evacuation scheme, agency says",0.0,Neutral
"Tue, 23 Jun 2026 07:00:00 GMT",Unknown,"The Strait of Hormuz is 'open' — but it's mined, half-empty, and subject to tolls both sides say they might charge",-0.08,Neutral
"Wed, 24 Jun 2026 07:00:00 GMT",Unknown,What’s the State of Play in the Strait of Hormuz?,0.0,Neutral
"Wed, 24 Jun 2026 07:00:00 GMT",Unknown,Stranded Hormuz seafarers begin mass evacuation operation,0.0,Neutral
"Wed, 24 Jun 2026 07:00:00 GMT",Unknown,Energy secretary says U.S. has ended Iran's ability to close Strait of Hormuz,0.0,Neutral
"Wed, 24 Jun 2026 07:00:00 GMT",Unknown,"DW News. . A US–Iran deal may have reopened the Strait of Hormuz, but global shipping recovery will take time — even as Greece considers naval support to secure the vital shipping route. #dwbusiness",0.17,Neutral
"Wed, 24 Jun 2026 07:00:00 GMT",Unknown,"NEWSLETTER: Hormuz: Open, barely moving",0.03,Neutral
"Wed, 24 Jun 2026 07:00:00 GMT",Unknown,Oil tankers with 35 million barrels stuck in Persian Gulf exited Strait of Hormuz since Iran deal,0.0,Neutral
"Wed, 24 Jun 2026 07:00:00 GMT",Unknown,Iran warns ships it's 'unacceptable and dangerous' to transit the Strait of Hormuz without their approval,-0.6,Negative
"Wed, 24 Jun 2026 07:00:00 GMT",Unknown,Qatar PM in Oman to pave way for Iran-Gulf-Iraq Hormuz talks,0.0,Neutral
"Wed, 24 Jun 2026 07:00:00 GMT",Unknown,Rubio says Iran cannot charge tolls in Hormuz: What we know,0.0,Neutral
"Wed, 24 Jun 2026 07:00:00 GMT",Unknown,"News Wrap: During Gulf nations tour, Rubio stresses Strait of Hormuz must remain open",0.0,Neutral
"Wed, 24 Jun 2026 07:00:00 GMT",Unknown,Rubio says Strait of Hormuz must remain open and free,0.16,Neutral
"Wed, 24 Jun 2026 07:00:00 GMT",Unknown,"Iran, Oman agree to establish controls, rules in Strait of Hormuz",0.0,Neutral
"Wed, 24 Jun 2026 07:00:00 GMT",Unknown,IRGC Navy Rejects Oman's Safe-Passage Plan for Strait of Hormuz,0.0,Neutral
"Wed, 24 Jun 2026 07:00:00 GMT",Unknown,"More stranded oil tankers exit Hormuz, adding to global supply",0.25,Positive
"Wed, 24 Jun 2026 07:00:00 GMT",Unknown,Trump: Iran says no tolls or charges on Strait of Hormuz,0.0,Neutral
"Wed, 24 Jun 2026 07:00:00 GMT",Unknown,Oman and Iran agree on joint initiative on Strait of Hormuz management,0.0,Neutral
"Wed, 24 Jun 2026 07:00:00 GMT",Unknown,Oil tankers are being lured back into the Strait of Hormuz by big payouts,0.0,Neutral
"Wed, 24 Jun 2026 07:00:00 GMT",Unknown,UN agency pauses evacuation of ships through the Strait of Hormuz after attack on vessel,0.0,Neutral
"Wed, 24 Jun 2026 07:00:00 GMT",Unknown,Trump claims Iran has assured U.S. there won't be tolls on the Strait of Hormuz,0.0,Neutral
"Wed, 24 Jun 2026 07:00:00 GMT",Unknown,Strait of Hormuz sees ‘meaningful shift’ as ships return to pre-war channel,0.5,Positive
"Wed, 24 Jun 2026 07:00:00 GMT",Unknown,Iran and Oman release joint statement on Strait of Hormuz,0.0,Neutral
"Wed, 24 Jun 2026 07:00:00 GMT",Unknown,"Oil reverses losses, rises after an Iran attack on cargo vessel",0.0,Neutral
"Wed, 24 Jun 2026 07:00:00 GMT",Unknown,Trump threatened new tolls in the Strait of Hormuz. What if other countries follow suit?,0.01,Neutral
"Wed, 24 Jun 2026 07:00:00 GMT",Unknown,Oil falls below $74 as Hormuz traffic recovers after Iran war,0.0,Neutral
"Wed, 24 Jun 2026 07:00:00 GMT",Unknown,Has the worst of the Hormuz crisis passed?,-1.0,Negative
"Wed, 24 Jun 2026 07:00:00 GMT",Unknown,"Strait of Hormuz Traffic is Rising, and Oil Prices are Plummeting",0.0,Neutral
"Wed, 24 Jun 2026 07:00:00 GMT",Unknown,Oil prices fall to four month lows as Strait of Hormuz traffic eases,0.0,Neutral
"Wed, 24 Jun 2026 07:00:00 GMT",Unknown,Oman and Iran engage in discussions about Hormuz administration,0.0,Neutral
"Wed, 24 Jun 2026 07:00:00 GMT",Unknown,"20M barrels of oil just exited the Strait of Hormuz, says US official",0.0,Neutral
"Wed, 24 Jun 2026 07:00:00 GMT",Unknown,Hooked on Hormuz: How barnacles grounded hundreds of oil tankers,0.0,Neutral
"Wed, 24 Jun 2026 07:00:00 GMT",Unknown,UN to evacuate sailors from Strait of Hormuz as Trump and Iran clash over deal claims,0.0,Neutral
"Tue, 23 Jun 2026 07:00:00 GMT",Unknown,Hormuz traffic flows despite Iran's closure announcement,0.0,Neutral
"Wed, 24 Jun 2026 07:00:00 GMT",Unknown,Oman announces temporary maritime corridor for Hormuz strait traffic,0.0,Neutral
"Thu, 25 Jun 2026 07:00:00 GMT",Unknown,Lesson Learned From Iran War: Reduce Reliance on Strait of Hormuz,0.14,Neutral
"Thu, 25 Jun 2026 07:00:00 GMT",Unknown,IMO pauses evacuation in Strait of Hormuz following attack,0.0,Neutral
"Thu, 25 Jun 2026 07:00:00 GMT",Unknown,Can the Strait of Hormuz Stay Open?,0.0,Neutral
"Thu, 25 Jun 2026 07:00:00 GMT",Unknown,How minesweeping in the Strait of Hormuz works: A visual guide,0.0,Neutral
"Thu, 25 Jun 2026 07:00:00 GMT",Unknown,Strait of Hormuz shift to 'risk-regulated corridor' supports freight,0.0,Neutral
"Thu, 25 Jun 2026 07:00:00 GMT",Unknown,U.N. agency pauses Strait of Hormuz evacuation effort as ship is struck off Oman,0.0,Neutral
"Thu, 25 Jun 2026 07:00:00 GMT",Unknown,"Iran strikes vessel, pausing UN efforts to evacuate ships from Hormuz",0.0,Neutral
"Thu, 25 Jun 2026 07:00:00 GMT",Unknown,From Hormuz to Suez: the chokepoints of global power : Throughline,0.0,Neutral
"Thu, 25 Jun 2026 07:00:00 GMT",Unknown,U.S. moves to reassure Gulf allies after latest Strait of Hormuz shutdown,0.5,Positive
"Thu, 25 Jun 2026 07:00:00 GMT",Unknown,Crude shipments through Hormuz at highest since Iran war began,-0.7,Negative
"Thu, 25 Jun 2026 07:00:00 GMT",Unknown,Exclusive | Iran Estimates $40 Billion Windfall From Reopening Hormuz With Gulf States,0.0,Neutral
"Thu, 25 Jun 2026 07:00:00 GMT",Unknown,Oil tankers exit Strait of Hormuz despite Iran threats,0.0,Neutral
"Thu, 25 Jun 2026 07:00:00 GMT",Unknown,Rubio Rejects Hormuz Tolls After Touring Wary Gulf Nations,-0.5,Negative
"Thu, 25 Jun 2026 07:00:00 GMT",Unknown,Iran announces plans to bring in maritime fees for Strait of Hormuz,0.0,Neutral
"Thu, 25 Jun 2026 07:00:00 GMT",Unknown,IRGC warns against new Hormuz route for ships: What we know,0.14,Neutral
"Thu, 25 Jun 2026 07:00:00 GMT",Unknown,Iran’s IRGC warns against using 'highly dangerous' Hormuz route: What to know,-0.6,Negative
"Thu, 25 Jun 2026 07:00:00 GMT",Unknown,Cargo Ship Attack Tests Reopening of Strait of Hormuz,0.0,Neutral
"Thu, 25 Jun 2026 07:00:00 GMT",Unknown,"Iran Strikes Ship in Strait of Hormuz, Undermining Efforts to Restore Traffic",0.14,Neutral
"Thu, 25 Jun 2026 07:00:00 GMT",Unknown,Hormuz evacuation effort on hold after new ship attack,0.14,Neutral
"Thu, 25 Jun 2026 07:00:00 GMT",Unknown,US draws line against Iran-backed tolls in Strait of Hormuz,0.0,Neutral
"Thu, 25 Jun 2026 07:00:00 GMT",Unknown,UN agency pauses Hormuz ship evacuation initiative after vessel attacked,0.0,Neutral
"Thu, 25 Jun 2026 07:00:00 GMT",Unknown,The Strait of Hormuz is open again. It may never get back to normal.,0.05,Neutral
"Thu, 25 Jun 2026 07:00:00 GMT",Unknown,Iran rejects UN-backed plan to free ships trapped in strait of Hormuz,0.1,Neutral
"Thu, 25 Jun 2026 07:00:00 GMT",Unknown,UN agency pauses Hormuz ship evacuation plan after first vessel attack under peace deal,0.25,Positive
"Thu, 25 Jun 2026 07:00:00 GMT",Unknown,Iran strikes commercial ship in Strait of Hormuz in challenge to U.S.-Iran deal,0.0,Neutral
"Thu, 25 Jun 2026 07:00:00 GMT",Unknown,Strait Of Hormuz Is Open: What It Means For Fertilizer,0.0,Neutral
"Thu, 25 Jun 2026 07:00:00 GMT",Unknown,"Iran, Oman stress need for coordination on Strait of Hormuz traffic in foreign minister call",-0.12,Neutral
"Thu, 25 Jun 2026 07:00:00 GMT",Unknown,"From Lebanon to the Strait of Hormuz, a Middle East hanging on fragile peace talks",0.0,Neutral
"Thu, 25 Jun 2026 07:00:00 GMT",Unknown,Hormuz Reopening Is Quickly Flooding Oil Markets With Supply,0.33,Positive
"Thu, 25 Jun 2026 07:00:00 GMT",Unknown,Iran sabre rattles over Strait of Hormuz southern route,0.0,Neutral
"Thu, 25 Jun 2026 07:00:00 GMT",Unknown,Iran: UK navy reports cargo vessel hit in Strait of Hormuz,0.0,Neutral
"Thu, 25 Jun 2026 07:00:00 GMT",Unknown,UN suspends Hormuz evacuation after attack in Gulf of Oman,0.0,Neutral
"Thu, 25 Jun 2026 07:00:00 GMT",Unknown,Wall Street Journal: Iran Estimates $40 Billion Windfall From Reopening Hormuz With Gulf States,0.0,Neutral
"Thu, 25 Jun 2026 07:00:00 GMT",Unknown,UPDATE: Iran attacks Evergreen vessel in Strait of Hormuz,0.0,Neutral
"Thu, 25 Jun 2026 07:00:00 GMT",Unknown,Oil tanker navigates the Strait of Hormuz despite threats from Iran’s Revolutionary Guard,0.0,Neutral
"Thu, 25 Jun 2026 07:00:00 GMT",Unknown,UN agency pauses ship evacuations through strait of Hormuz after vessel struck,0.0,Neutral
"Thu, 25 Jun 2026 07:00:00 GMT",Unknown,"Iran behind attack on cargo vessel near Oman in Strait of Hormuz, U.S. official tells MS NOW",-0.15,Neutral
"Thu, 25 Jun 2026 07:00:00 GMT",Unknown,Iran strikes cargo ship in Strait of Hormuz,0.0,Neutral
"Thu, 25 Jun 2026 07:00:00 GMT",Unknown,Movement Through Strait of Hormuz Is Halted After Attack on Cargo Ship,0.14,Neutral
"Thu, 25 Jun 2026 07:00:00 GMT",Unknown,Iran war day 118: IRGC rejects new Hormuz route; Rubio to meet GCC leaders,0.14,Neutral
"Thu, 25 Jun 2026 07:00:00 GMT",Unknown,Oil Tankers Navigate the Strait of Hormuz Despite Threats from Iran's Revolutionary Guard,0.0,Neutral
"Thu, 25 Jun 2026 07:00:00 GMT",Unknown,Oil tankers navigate the Strait of Hormuz despite threats from Iran's Revolutionary Guard,0.0,Neutral
"Thu, 25 Jun 2026 07:00:00 GMT",Unknown,UN agency says it pauses Hormuz ship evacuation initiative after vessel attacked,0.0,Neutral
"Thu, 25 Jun 2026 07:00:00 GMT",Unknown,AP Explains: Oil tankers use new route through Strait of Hormuz despite Iranian threats,0.14,Neutral
"Thu, 25 Jun 2026 07:00:00 GMT",Unknown,Oil Retreats to Prewar Levels as Gulf Flows Through Hormuz Pick Up,0.0,Neutral
"Thu, 25 Jun 2026 07:00:00 GMT",Unknown,The Strait of Hormuz: How Can the World Avert Iran’s ‘Economic Bomb’?,0.13,Neutral
"Thu, 25 Jun 2026 07:00:00 GMT",Unknown,Oil price falls to pre-Iran war levels as more tankers exit strait of Hormuz,0.5,Positive
"Thu, 25 Jun 2026 07:00:00 GMT",Unknown,Day of violence and threats in Strait of Hormuz as Iran turns back five tankers,0.0,Neutral
"Thu, 25 Jun 2026 07:00:00 GMT",Unknown,Rubio issues Hormuz toll warning as he wraps up Gulf visit,0.0,Neutral
"Thu, 25 Jun 2026 07:00:00 GMT",Unknown,Oil curve points to near-term glut as Hormuz flows rise,0.0,Neutral
"Thu, 25 Jun 2026 07:00:00 GMT",Unknown,Oil Prices Jump After Attack Halts Shipping in Strait of Hormuz,0.14,Neutral
"Thu, 25 Jun 2026 07:00:00 GMT",Unknown,UN Halts Escort of Ships Through Hormuz After Vessel Comes Under Attack,0.0,Neutral
"Thu, 25 Jun 2026 07:00:00 GMT",Unknown,UN pauses Strait of Hormuz evacuation after ship reports attack,0.0,Neutral
"Thu, 25 Jun 2026 07:00:00 GMT",Unknown,Krieg: For Iran control of the Strait of Hormuz is about the spoils of war,0.0,Neutral
"Thu, 25 Jun 2026 07:00:00 GMT",Unknown,Omani shipping corridor rattles Iran hardliners over Hormuz control,0.0,Neutral
"Thu, 25 Jun 2026 07:00:00 GMT",Unknown,Oil prices climb 2% after cargo ship hit by projectile near Oman,0.1,Neutral
"Thu, 25 Jun 2026 07:00:00 GMT",Unknown,Projectile hits cargo ship in Hormuz as Iran issues renewed warning,0.0,Neutral
"Thu, 25 Jun 2026 07:00:00 GMT",Unknown,Ship on UN-Approved Route through Strait of Hormuz Hit by Projectile: British Military,-0.05,Neutral
"Thu, 25 Jun 2026 07:00:00 GMT",Unknown,"105% Jump In Ship Crossings Through Hormuz, Iran Objects To Use Of Oman Route",0.0,Neutral
"Thu, 25 Jun 2026 07:00:00 GMT",Unknown,Oil price falls to levels not seen since before Iran war,0.0,Neutral
"Thu, 25 Jun 2026 07:00:00 GMT",Unknown,Iran warns against Hormuz crossings without authorisation,0.0,Neutral
"Thu, 25 Jun 2026 07:00:00 GMT",Unknown,"Traffic flows through Strait of Hormuz continue to improve as IMO evacuation begins, says monitor",0.0,Neutral
"Wed, 24 Jun 2026 07:00:00 GMT",Unknown,Barnacles and sea gunk: The latest problem in the Strait of Hormuz,0.5,Positive
"Thu, 25 Jun 2026 07:00:00 GMT",Unknown,An oil tanker navigates the Strait of Hormuz despite threats from Iran's Revolutionary Guard,0.0,Neutral
"Thu, 25 Jun 2026 07:00:00 GMT",Unknown,Brent hits pre-Iran war low as tankers leave Hormuz,0.0,Neutral
"Fri, 26 Jun 2026 07:00:00 GMT",Unknown,"Strait of Hormuz: UN evacuates 2,500 seafarers before attack freezes rescue operation",0.0,Neutral
"Fri, 26 Jun 2026 07:00:00 GMT",Unknown,Why demining the Strait of Hormuz will be difficult – but also presents an opportunity,-0.5,Negative
"Fri, 26 Jun 2026 07:00:00 GMT",Unknown,U.S. strikes Iran after drones target cargo ship in Strait of Hormuz,0.0,Neutral
"Fri, 26 Jun 2026 07:00:00 GMT",Unknown,Shipping rebounds in Strait of Hormuz one week after U.S.-Iran deal – but fragile confidence threatens recovery,0.0,Neutral
"Fri, 26 Jun 2026 07:00:00 GMT",Unknown,Ships took advantage of an opening in the Strait of Hormuz. But it may be closing,0.0,Neutral
"Fri, 26 Jun 2026 07:00:00 GMT",Unknown,Fertiliser shipments begin exiting through Hormuz strait,0.0,Neutral
"Fri, 26 Jun 2026 07:00:00 GMT",Unknown,Hormuz traffic flows despite ship attack as Trump accuses Iran of ‘foolish’ ceasefire breach,0.0,Neutral
"Fri, 26 Jun 2026 07:00:00 GMT",Unknown,"Iran Strikes Vessel in Strait of Hormuz, Pausing Escort Operations",0.0,Neutral
"Fri, 26 Jun 2026 07:00:00 GMT",Unknown,Iran reasserts its authority over Strait of Hormuz,0.0,Neutral
"Fri, 26 Jun 2026 07:00:00 GMT",Unknown,Why has the UN paused plans to evacuate sailors from the Strait of Hormuz?,0.0,Neutral
"Fri, 26 Jun 2026 07:00:00 GMT",Unknown,Clip: Iran asserts control of Strait of Hormuz despite U.S. agreement,0.0,Neutral
"Fri, 26 Jun 2026 07:00:00 GMT",Unknown,U.S. Strikes Iran in Retaliation for Attack on Vessel in Strait of Hormuz,0.14,Neutral
"Fri, 26 Jun 2026 07:00:00 GMT",Unknown,IMO Estimates There Are 80 Mines in Hormuz’s Normal Ship Channel,0.15,Neutral
"Fri, 26 Jun 2026 07:00:00 GMT",Unknown,"Iran strikes vessel in Strait of Hormuz amid debate over ""transit fees""",0.0,Neutral
"Fri, 26 Jun 2026 07:00:00 GMT",Unknown,U.S. strikes Iran in response to drone attack on cargo ship that Trump says violated ceasefire,0.0,Neutral
"Fri, 26 Jun 2026 07:00:00 GMT",Unknown,Oil prices drop as more ships move through the Strait of Hormuz,0.5,Positive
"Fri, 26 Jun 2026 07:00:00 GMT",Unknown,Iran Is Still Intent on Preventing a Return to the Old Navigational Order,0.1,Neutral
"Fri, 26 Jun 2026 07:00:00 GMT",Unknown,U.S. strikes Iran after Trump accuses Tehran of ceasefire violation in Strait of Hormuz,0.0,Neutral
"Fri, 26 Jun 2026 07:00:00 GMT",Unknown,"Oil Tanker Earnings Plunge by $200,000 as More Return to Hormuz",0.5,Positive
"Fri, 26 Jun 2026 07:00:00 GMT",Unknown,Traffic through Strait of Hormuz slows after attack on ship,0.0,Neutral
"Fri, 26 Jun 2026 07:00:00 GMT",Unknown,UN halts escort of ships through Hormuz after vessel comes under attack,0.0,Neutral
"Fri, 26 Jun 2026 07:00:00 GMT",Unknown,Trump says Iran violated ceasefire with drone strike on ship in Strait of Hormuz,0.0,Neutral
"Fri, 26 Jun 2026 07:00:00 GMT",Unknown,"Iran asserts control over Strait of Hormuz, warns Gulf states over US deal",0.0,Neutral
"Fri, 26 Jun 2026 07:00:00 GMT",Unknown,Ships crossing Hormuz use Oman passage despite Iran warnings,0.0,Neutral
"Fri, 26 Jun 2026 07:00:00 GMT",Unknown,UN pauses Hormuz evacuation plan after ship reports attack,0.0,Neutral
"Fri, 26 Jun 2026 07:00:00 GMT",Unknown,Oil prices ease after spiking over halt to Strait of Hormuz evacuation plan,0.0,Neutral
"Fri, 26 Jun 2026 07:00:00 GMT",Unknown,Trump blames Iran for ‘foolish’ strike on cargo ship in Strait of Hormuz,0.0,Neutral
"Fri, 26 Jun 2026 07:00:00 GMT",Unknown,"Iran tightens its grip on Strait of Hormuz, sending oil prices higher",0.25,Positive
"Fri, 26 Jun 2026 07:00:00 GMT",Unknown,"Reopening Strait of Hormuz could require yearslong multinational mission, analysts say",0.0,Neutral
"Fri, 26 Jun 2026 07:00:00 GMT",Unknown,Iran reportedly eyes Hormuz revenue role as US rejects toll plans,0.0,Neutral
"Fri, 26 Jun 2026 07:00:00 GMT",Unknown,How will the latest strike in the Strait of Hormuz impact the US-Iran deal?,0.5,Positive
"Fri, 26 Jun 2026 07:00:00 GMT",Unknown,Traffic Flows Through Hormuz Despite Shock Ship Attack,0.0,Neutral
"Fri, 26 Jun 2026 07:00:00 GMT",Unknown,Attack in Hormuz halts evacuation plan for stranded tankers,0.0,Neutral
"Fri, 26 Jun 2026 07:00:00 GMT",Unknown,Iran says Hormuz navigation ‘only allowed’ through routes designated by Tehran,0.0,Neutral
"Fri, 26 Jun 2026 07:00:00 GMT",Unknown,UN halts escort of ships through Hormuz after Singapore-flagged vessel attacked,0.0,Neutral
"Fri, 26 Jun 2026 07:00:00 GMT",Unknown,Oil prices dive as more tankers move through Strait of Hormuz,0.5,Positive
"Fri, 26 Jun 2026 07:00:00 GMT",Unknown,US strikes Iran after Trump calls Hormuz attack 'foolish' ceasefire breach,0.0,Neutral
"Fri, 26 Jun 2026 07:00:00 GMT",Unknown,Iran reasserts its right to control shipping in Strait of Hormuz after ship hit near Oman,0.19,Neutral
"Sat, 27 Jun 2026 07:00:00 GMT",Unknown,‘Pick up the phone’: IRGC appears to rebuff US Strait of Hormuz ‘hotline’,0.0,Neutral
"Sat, 27 Jun 2026 07:00:00 GMT",Unknown,Iran and US exchange strikes as Hormuz tensions stress agreement,0.0,Neutral
"Sat, 27 Jun 2026 07:00:00 GMT",Unknown,U.S. military attacks Iranian targets after commercial tanker hit in the Strait of Hormuz,-0.05,Neutral
"Sat, 27 Jun 2026 07:00:00 GMT",Unknown,US strikes Iran in response to attack on cargo ship in Strait of Hormuz,0.0,Neutral
"Sat, 27 Jun 2026 07:00:00 GMT",Unknown,U.S. launches additional Iran strikes as tensions flare up over Hormuz,0.0,Neutral
"Sat, 27 Jun 2026 07:00:00 GMT",Unknown,The US and Iran exchange new attacks over Strait of Hormuz as Tehran tries to close competing route,0.02,Neutral
"Sat, 27 Jun 2026 07:00:00 GMT",Unknown,Strait of Hormuz toll dispute raises US-Iran tensions,0.0,Neutral
"Fri, 26 Jun 2026 07:00:00 GMT",Unknown,Strait of Hormuz ship evacuation halted after vessel attack,0.0,Neutral
"Fri, 26 Jun 2026 07:00:00 GMT",Unknown,Ship struck in Strait of Hormuz as oil supertankers turn back again,0.0,Neutral
"Sat, 27 Jun 2026 07:00:00 GMT",Unknown,Gulf states and the handover of Hormuz to Iran,0.0,Neutral
"Sat, 27 Jun 2026 07:00:00 GMT",Unknown,"Mines will hold back Strait of Hormuz shipping for months, CEO warns",0.0,Neutral
"Sat, 27 Jun 2026 07:00:00 GMT",Unknown,US hits Iran again after new Strait of Hormuz tanker attack,0.14,Neutral
"Sat, 27 Jun 2026 07:00:00 GMT",Unknown,"Tanker hit in Hormuz, threat level raised",0.0,Neutral
"Fri, 26 Jun 2026 07:00:00 GMT",Unknown,UN pauses Strait of Hormuz evacuation plan after ship reports attack,0.0,Neutral
"Fri, 26 Jun 2026 07:00:00 GMT",Unknown,Trump accuses Iran of ceasefire breach after Strait of Hormuz attack,0.0,Neutral
"Fri, 26 Jun 2026 07:00:00 GMT",Unknown,UN pauses Strait of Hormuz evacuation plan after cargo ship attacked,0.0,Neutral
"Sat, 27 Jun 2026 07:00:00 GMT",Unknown,Ships crossing Strait of Hormuz use Oman passage despite Iran warnings,0.0,Neutral
"Fri, 26 Jun 2026 07:00:00 GMT",Unknown,Iran insists on right to control shipping in Strait of Hormuz after ship hit near Oman,0.19,Neutral
"Sat, 27 Jun 2026 07:00:00 GMT",Unknown,"Tanker struck in Hormuz as Iran, US trade attacks in worst escalation since peace deal",-1.0,Negative
"Fri, 26 Jun 2026 07:00:00 GMT",Unknown,"Shipping Traffic in Strait of Hormuz Rebounds After U.S.-Iran Deal, But Fragile Confidence Could Hinder Full Recovery",0.17,Neutral
"Sun, 28 Jun 2026 07:00:00 GMT",Unknown,Opinion | Iran Is Winning the Battle of Hormuz,0.5,Positive
"Sun, 28 Jun 2026 07:00:00 GMT",Unknown,Renewed Strikes Threaten to Set Back Shipping Recovery in Persian Gulf,0.05,Neutral
"Sun, 28 Jun 2026 07:00:00 GMT",Unknown,"Despite its best efforts, Iran won’t be able to toll the Strait of Hormuz. Here’s why",0.75,Positive
"Sun, 28 Jun 2026 07:00:00 GMT",Unknown,"Iran threatens ""complete halt"" to talks after trading strikes with U.S.; Washington official says talks to continue",0.1,Neutral
"Sun, 28 Jun 2026 07:00:00 GMT",Unknown,"What is Article 5 of Iran-US MoU, and why is it blamed for Hormuz strikes?",0.0,Neutral
"Sun, 28 Jun 2026 07:00:00 GMT",Unknown,Iran Risks Peace Talks With U.S. to Maintain Leverage Over Strait,0.14,Neutral
"Sun, 28 Jun 2026 07:00:00 GMT",Unknown,"Iran and US agree to halt attacks and renew talks, US official says",0.0,Neutral
"Sun, 28 Jun 2026 07:00:00 GMT",Unknown,IRGC doubles down as Iran-US MoU jeopardised by Hormuz strikes,-0.16,Neutral
"Sun, 28 Jun 2026 07:00:00 GMT",Unknown,Iran and US trade attacks as Strait of Hormuz ceasefire falters,0.0,Neutral
"Sun, 28 Jun 2026 07:00:00 GMT",Unknown,Iran warns challenge to Hormuz routes will spike Middle East tensions,0.0,Neutral
"Mon, 29 Jun 2026 07:00:00 GMT",Unknown,Iran’s Strait of Hormuz claim must not become a precedent,0.0,Neutral
"Mon, 29 Jun 2026 07:00:00 GMT",Unknown,COMMENTARY: Hormuz oil exodus sets stage for chaotic rebalancing act,0.0,Neutral
"Mon, 29 Jun 2026 07:00:00 GMT",Unknown,"Traffic plummets through Strait of Hormuz after Iran, US trade fire",0.0,Neutral
"Mon, 29 Jun 2026 07:00:00 GMT",Unknown,The Strait of Hormuz's future is unsettled in wake of latest strikes,0.25,Positive
"Mon, 29 Jun 2026 07:00:00 GMT",Unknown,"In flare-up over Hormuz, a hint at US-Iran roller coaster to come",0.0,Neutral
"Mon, 29 Jun 2026 07:00:00 GMT",Unknown,"Oil prices near pre-war levels — but persistent supply risks could spark a rebound, analysts warn",0.1,Neutral
"Mon, 29 Jun 2026 07:00:00 GMT",Unknown,Hormuz Oil Transits Continue Though Attacks Make Owners Wary,-0.5,Negative
"Mon, 29 Jun 2026 07:00:00 GMT",Unknown,"Iran calls Strait of Hormuz situation ""sensitive and complex"" as U.S. sends officials to Qatar for talks",-0.1,Neutral
"Mon, 29 Jun 2026 07:00:00 GMT",Unknown,Iraq’s 14 Million Barrels of Trapped Oil Escape Through Hormuz,-0.2,Neutral
"Mon, 29 Jun 2026 07:00:00 GMT",Unknown,Why falling oil prices don't mean Hormuz crisis is over,-0.21,Negative
"Mon, 29 Jun 2026 07:00:00 GMT",Unknown,Keeping the Strait of Hormuz open and free to shipping is a priority for Asia,0.2,Neutral
"Mon, 29 Jun 2026 07:00:00 GMT",Unknown,China Emerges as a Relative Winner From Strait of Hormuz Crisis,0.05,Neutral
"Mon, 29 Jun 2026 07:00:00 GMT",Unknown,Iran Ratchets Up Talk of Controlling Hormuz Before New Talks,0.14,Neutral
"Mon, 29 Jun 2026 07:00:00 GMT",Unknown,U.S. and Iran Agree to Halt Days of Fighting Over Strait,0.0,Neutral
"Mon, 29 Jun 2026 07:00:00 GMT",Unknown,"Oil prices rise as US, Iranian strikes threaten Strait of Hormuz reopening",0.0,Neutral
"Mon, 29 Jun 2026 07:00:00 GMT",Unknown,Iran is jealously competing with Oman as decision-maker over strait of Hormuz,0.0,Neutral
"Mon, 29 Jun 2026 07:00:00 GMT",Unknown,"Iran will carry out Hormuz Strait demining alone, Tehran says in rebuttal to Macron",0.0,Neutral
"Mon, 29 Jun 2026 07:00:00 GMT",Unknown,Iran to receive $6 billion in frozen assets; Oman discusses possible Hormuz service fees with Tehran,0.0,Neutral
"Mon, 29 Jun 2026 07:00:00 GMT",Unknown,"Strait of Hormuz: 'Iran has made it very clear that there are new rules', analyst says",0.13,Neutral
"Mon, 29 Jun 2026 07:00:00 GMT",Unknown,Strait of Hormuz strikes likely to disrupt shipping again,0.0,Neutral
"Mon, 29 Jun 2026 07:00:00 GMT",Unknown,"U.S., Iran pause hostilities as Hormuz shipping resumes after weekend clashes",0.0,Neutral
"Mon, 29 Jun 2026 07:00:00 GMT",Unknown,Iran and Oman hold first Hormuz talks as US-Iran deal stays on edge,0.25,Positive
"Mon, 29 Jun 2026 07:00:00 GMT",Unknown,Iran warns ships not to bypass its chosen Hormuz route,0.0,Neutral
"Mon, 29 Jun 2026 07:00:00 GMT",Unknown,Iran says it has met Oman on managing Hormuz,0.0,Neutral
"Mon, 29 Jun 2026 07:00:00 GMT",Unknown,Gov't says all Filipinos aboard attacked vessels in Hormuz safe,0.5,Positive
"Sun, 28 Jun 2026 12:29:05 GMT",Unknown,Iran Says It Has Sole Control Over Hormuz Strait Again,0.0,Neutral
"Tue, 30 Jun 2026 07:00:00 GMT",Unknown,"Strait of Hormuz: Gradual re-opening is no quick fix for developing nations, UN warns",-0.17,Neutral
"Tue, 30 Jun 2026 07:00:00 GMT",Unknown,The 1968 Pact on Shipping Routes in the Strait of Hormuz That Iran Is Rejecting,0.14,Neutral
"Tue, 30 Jun 2026 07:00:00 GMT",Unknown,COMMENTARY: Hormuz half-open: tanker fleet prices in recovery hope,0.0,Neutral
"Tue, 30 Jun 2026 07:00:00 GMT",Unknown,Fact Checking Trump’s Claims About the Strait of Hormuz,0.0,Neutral
"Tue, 30 Jun 2026 07:00:00 GMT",Unknown,"Hormuz reopening may calm markets, but vulnerable economies face lasting consequences",-0.07,Neutral
"Tue, 30 Jun 2026 07:00:00 GMT",Unknown,Revisiting the Strait of Hormuz crisis impact on Latin America three months later,0.0,Neutral
"Tue, 30 Jun 2026 07:00:00 GMT",Unknown,U.S.-Iran: Hormuz faces its next test,0.0,Neutral
"Tue, 30 Jun 2026 07:00:00 GMT",Unknown,Shipping Traffic in Strait of Hormuz Picks Up Again,0.14,Neutral
"Tue, 30 Jun 2026 07:00:00 GMT",Unknown,"U.S. Power, Not International Law, Determines Whether the Strait of Hormuz Is Open",0.0,Neutral
"Tue, 30 Jun 2026 07:00:00 GMT",Unknown,"Strait of Hormuz shipping traffic rebounds after strikes between Iran, US",0.0,Neutral
"Tue, 30 Jun 2026 07:00:00 GMT",Unknown,Hormuz Tanker Traffic Recovers as Tensions Ease,-0.7,Negative
"Tue, 30 Jun 2026 07:00:00 GMT",Unknown,Iran ratchets up talk of controlling Hormuz ahead of new talks,0.14,Neutral
"Tue, 30 Jun 2026 07:00:00 GMT",Unknown,Exclusive | A Dispute Over Opening Hormuz Drives a Wedge Into U.S.-Saudi Relations,0.0,Neutral
"Tue, 30 Jun 2026 07:00:00 GMT",Unknown,Hormuz sanctions risk starts before payment — the OFAC warning every operator needs to understand,0.0,Neutral
"Tue, 30 Jun 2026 07:00:00 GMT",Unknown,Iran says it is selling oil at 20% premium as end of U.S. blockade sees 40 million barrels exported,0.0,Neutral
"Tue, 30 Jun 2026 07:00:00 GMT",Unknown,Hormuz traffic rebounds as supertankers return to the Persian Gulf,0.0,Neutral
"Tue, 30 Jun 2026 07:00:00 GMT",Unknown,Iran warns ships of 'forceful response' as US-backed Hormuz route challenges Tehran's grip,0.0,Neutral
"Tue, 30 Jun 2026 07:00:00 GMT",Unknown,Traffic in Strait of Hormuz continues ahead of talks,0.0,Neutral
"Mon, 29 Jun 2026 07:00:00 GMT",Unknown,"Despite its best efforts, Iran won't be able to toll the Strait of Hormuz",0.75,Positive
"Tue, 30 Jun 2026 07:00:00 GMT",Unknown,"China is a clear winner from Trump’s war in Middle East, report concludes",0.05,Neutral
"Tue, 30 Jun 2026 07:00:00 GMT",Unknown,Ship traffic through Strait of Hormuz falls sharply,-0.12,Neutral
"Tue, 30 Jun 2026 07:00:00 GMT",Unknown,Strait of Hormuz: strategic chokepoint in shadow of geopolitics,0.0,Neutral
"Tue, 30 Jun 2026 07:00:00 GMT",Unknown,UN Agency Pauses Hormuz Evacuation Plan After Container Ship Attack Off Oman,0.0,Neutral
"Wed, 01 Jul 2026 07:00:00 GMT",Unknown,Ships Cross Hormuz in Convoy Formation as Gulf Oil Keeps Flowing,0.0,Neutral
"Wed, 01 Jul 2026 07:00:00 GMT",Unknown,"Iran insists on keeping control over Hormuz, senior Iranian sources say",0.0,Neutral
"Wed, 01 Jul 2026 07:00:00 GMT",Unknown,"Ship runs aground in Strait of Hormuz, Iranian state media says",0.0,Neutral
"Wed, 01 Jul 2026 07:00:00 GMT",Unknown,How Iran could try to control the Strait of Hormuz,0.0,Neutral
"Wed, 01 Jul 2026 07:00:00 GMT",Unknown,Iran’s flex in Strait of Hormuz puts Trump on back foot,0.0,Neutral
"Wed, 01 Jul 2026 07:00:00 GMT",Unknown,US and Iran hold separate meetings in Qatar and agree to continue discussions,0.0,Neutral
"Wed, 01 Jul 2026 07:00:00 GMT",Unknown,No End to Iran War until Hormuz’s Fate Is Settled,0.0,Neutral
"Wed, 01 Jul 2026 07:00:00 GMT",Unknown,"In the Strait of Hormuz, Iran draws its red lines",0.0,Neutral
"Wed, 01 Jul 2026 07:00:00 GMT",Unknown,US Sees 10 Million Barrels Via Hormuz Sapping Iran Oil Leverage,0.0,Neutral
"Wed, 01 Jul 2026 07:00:00 GMT",Unknown,Ship runs aground in Strait of Hormuz after bypassing approved route: Iranian state TV,0.0,Neutral
"Wed, 01 Jul 2026 07:00:00 GMT",Unknown,Ship runs aground in Hormuz as Iran insists on controlling the strait,0.0,Neutral
"Wed, 01 Jul 2026 07:00:00 GMT",Unknown,Ship runs aground in Strait of Hormuz: Report,0.0,Neutral
"Wed, 01 Jul 2026 07:00:00 GMT",Unknown,"A ship ran aground in Strait of Hormuz, Iranian state TV reports",0.0,Neutral
"Wed, 01 Jul 2026 07:00:00 GMT",Unknown,Iran rejects proposal for mine clearance mission in Strait of Hormuz,0.0,Neutral
"Thu, 02 Jul 2026 07:00:00 GMT",Unknown,Iran warns oil tankers to use approved routes in Strait of Hormuz or face a 'forceful response',0.0,Neutral
"Thu, 02 Jul 2026 07:00:00 GMT",Unknown,Strait of Hormuz – Situation update 28 July,0.0,Neutral
"Thu, 02 Jul 2026 07:00:00 GMT",Unknown,"In Middle East, Rubio Says ‘No Country’ Can Charge for Hormuz Traffic",0.05,Neutral
"Thu, 02 Jul 2026 07:00:00 GMT",Unknown,Strait of Hormuz: BBC sees seized ships and stranded tankers on visit to Iran,0.0,Neutral
"Thu, 02 Jul 2026 07:00:00 GMT",Unknown,"With Hormuz reopened, has the oil shortage turned into a glut?",0.0,Neutral
"Thu, 02 Jul 2026 07:00:00 GMT",Unknown,Saudi Arabia has ramped up oil shipments through the Strait of Hormuz since U.S.-Iran deal,0.0,Neutral
"Thu, 02 Jul 2026 07:00:00 GMT",Unknown,U.S. Dangles Rewards for Opening the Strait of Hormuz. Iran Isn’t Budging.,0.0,Neutral
"Thu, 02 Jul 2026 07:00:00 GMT",Unknown,Iran Tightens Grip on Strait of Hormuz Tanker Traffic,-0.7,Negative
"Thu, 02 Jul 2026 07:00:00 GMT",Unknown,European Nations Now Believe Some Hormuz Fees Are Inevitable,0.0,Neutral
"Thu, 02 Jul 2026 07:00:00 GMT",Unknown,"After U.S.-Iran War, Oman Said to Propose Hormuz Fee Plan",0.14,Neutral
"Thu, 02 Jul 2026 07:00:00 GMT",Unknown,Iran warns of ‘forceful response’ if tankers don’t use approved Strait of Hormuz routes,0.0,Neutral
"Thu, 02 Jul 2026 07:00:00 GMT",Unknown,IRGC deploys special forces to track ships on Oman-side Hormuz route,0.24,Positive
"Thu, 02 Jul 2026 07:00:00 GMT",Unknown,FACT FOCUS: Iran claims a foreign ship got stuck in Strait of Hormuz. But it is tied to Tehran,-0.12,Neutral
"Thu, 02 Jul 2026 07:00:00 GMT",Unknown,Is Free Navigation in the Strait of Hormuz Gone Forever?,0.4,Positive
"Thu, 02 Jul 2026 07:00:00 GMT",Unknown,Iran and US negotiations stall over future of Strait of Hormuz,0.0,Neutral
"Thu, 02 Jul 2026 07:00:00 GMT",Unknown,Iran tries to exert control over Hormuz with armed response warning,-0.1,Neutral
"Thu, 02 Jul 2026 07:00:00 GMT",Unknown,Iran renews Hormuz threats as Doha talks end with cautious progress,0.0,Neutral
"Thu, 02 Jul 2026 07:00:00 GMT",Unknown,"US, Iran talks conclude in Doha, focused on Strait of Hormuz",0.0,Neutral
"Thu, 02 Jul 2026 07:00:00 GMT",Unknown,Saudi Supertankers Exit Hormuz in Kingdom’s Biggest Oil Flow Since Iran War Truce,0.0,Neutral
"Thu, 02 Jul 2026 07:00:00 GMT",Unknown,Saudi Arabia Rushes Crude Exports Through Reopened Strait of Hormuz,-0.7,Negative
"Thu, 02 Jul 2026 07:00:00 GMT",Unknown,Iran warns oil tankers to use approved routes in Strait of Hormuz or face a ‘forceful response’,0.0,Neutral
"Thu, 02 Jul 2026 07:00:00 GMT",Unknown,Iran Warns US against Interference in Strait of Hormuz,0.0,Neutral
"Thu, 02 Jul 2026 07:00:00 GMT",Unknown,Who is Iranian oil tycoon Shamkhani whose ship is stranded in Hormuz?,0.0,Neutral
"Thu, 02 Jul 2026 07:00:00 GMT",Unknown,"Trump says record boats leaving Hormuz, calls communism ‘biggest threat’",0.0,Neutral
"Thu, 02 Jul 2026 07:00:00 GMT",Unknown,US-Iran talks conclude in Doha as Tehran prepares for Khamenei’s funeral,0.0,Neutral
"Thu, 02 Jul 2026 07:00:00 GMT",Unknown,BBC reports from the Strait of Hormuz during fragile ceasefire,0.0,Neutral
"Thu, 02 Jul 2026 07:00:00 GMT",Unknown,"Strait of Hormuz transit gradually accelerates, shipping costs ease",0.0,Neutral
"Fri, 03 Jul 2026 07:00:00 GMT",Unknown,"The Race to Rescue 8,000 Sailors Still Stranded Behind Hormuz",-0.4,Negative
"Fri, 03 Jul 2026 07:00:00 GMT",Unknown,"Oman walks a diplomatic tightrope over Strait of Hormuz fees, creating a ‘blind spot’ for markets",-0.5,Negative
"Thu, 02 Jul 2026 07:00:00 GMT",Unknown,"Ship runs aground in Strait of Hormuz, Iranian state TV reports",0.0,Neutral
"Fri, 03 Jul 2026 07:00:00 GMT",Unknown,Iran warns ships against using unapproved routes in Strait of Hormuz,0.0,Neutral
"Fri, 03 Jul 2026 07:00:00 GMT",Unknown,Australia’s Hormuz problem runs deeper than diesel,0.0,Neutral
"Fri, 03 Jul 2026 07:00:00 GMT",Unknown,Iran hardliners warn Hormuz authority slipping to US-backed Omani route,-0.07,Neutral
"Fri, 03 Jul 2026 07:00:00 GMT",Unknown,Joint statement on the Strait of Hormuz: 3 July 2026,0.5,Positive
"Fri, 03 Jul 2026 07:00:00 GMT",Unknown,Lasting Strait of Hormuz risks strengthen case for Canadian heavy oil exports,-0.1,Neutral
"Sat, 04 Jul 2026 07:00:00 GMT",Unknown,Iran’s envoy to China says Beijing to get Hormuz concessions,0.0,Neutral
"Sat, 04 Jul 2026 07:00:00 GMT",Unknown,"Tankers U-Turn in Hormuz, With Some Taking Iran Route Instead",0.0,Neutral
"Sat, 04 Jul 2026 07:00:00 GMT",Unknown,Russia and China veto UN resolution aimed at reopening Hormuz strait as US deadline for deal looms,0.0,Neutral
"Sat, 04 Jul 2026 07:00:00 GMT",Unknown,European nations now believe some Hormuz fees are inevitable,0.0,Neutral
"Sat, 04 Jul 2026 07:00:00 GMT",Unknown,"Ghalibaf announces agreement between Iran, Oman on Strait of Hormuz traffic",0.0,Neutral
"Fri, 03 Jul 2026 07:00:00 GMT",Unknown,Iran warns oil tankers: Use approved Hormuz routes or face force,0.0,Neutral
"Sat, 04 Jul 2026 07:00:00 GMT",Unknown,Iran’s Envoy to China Says Beijing to Get Hormuz Concessions,0.0,Neutral
"Sat, 04 Jul 2026 07:00:00 GMT",Unknown,Tankers U-turn in Hormuz with some taking Iran route,0.0,Neutral
"Sat, 04 Jul 2026 07:00:00 GMT",Unknown,Russia’s Medvedev says Strait of Hormuz is Iran’s ‘nuclear weapon’,0.0,Neutral
"Sat, 04 Jul 2026 07:00:00 GMT",Unknown,"Despite its best efforts, Iran won’t be able to toll the Strait of Hormuz",0.75,Positive
"Sun, 05 Jul 2026 07:00:00 GMT",Unknown,Iran’s China envoy vows ‘special’ Hormuz treatment for ‘friendly’ countries,0.37,Positive
"Sun, 05 Jul 2026 07:00:00 GMT",Unknown,"The Race To Rescue 8,000 Sailors Still Stranded Behind Hormuz",-0.4,Negative
"Sun, 05 Jul 2026 07:00:00 GMT",Unknown,"Strait of Hormuz crisis: Fertilizer scarcity will affect next harvests and food supplies, FAO warns",0.0,Neutral
"Sun, 05 Jul 2026 07:00:00 GMT",Unknown,"Oil, gas tankers cross Hormuz via Oman-side route after U-turns",0.0,Neutral
"Sun, 05 Jul 2026 07:00:00 GMT",Unknown,"Oil, Gas Tankers Cross Hormuz Via Oman-Side Route After U-Turns",0.0,Neutral
"Sun, 05 Jul 2026 07:00:00 GMT",Unknown,"Minefields, stalled talks keep Strait of Hormuz in strategic limbo",0.0,Neutral
"Sun, 05 Jul 2026 07:00:00 GMT",Unknown,Retired general: US has ‘got to stop’ Iran from maintaining control of Strait of Hormuz,0.05,Neutral
"Sun, 05 Jul 2026 07:00:00 GMT",Unknown,"Despite Trump's denial, Iran says it plans to charge ships in Strait of Hormuz",0.0,Neutral
"Sun, 05 Jul 2026 07:00:00 GMT",Unknown,"OPEC, Allies Hike Output Again as Hormuz Traffic Starts Recovering",0.0,Neutral
"Sun, 05 Jul 2026 07:00:00 GMT",Unknown,Iran promises 'friendly fares for friendly nations' at Strait of Hormuz,0.38,Positive
"Sun, 05 Jul 2026 07:00:00 GMT",Unknown,"Iran Confirms Hormuz Transit Fees, Offers ""Special Treatment"" For ""Friends""",0.23,Positive
"Sun, 05 Jul 2026 07:00:00 GMT",Unknown,Iran envoy says friendly nations to get ‘special’ Hormuz fee treatment,0.37,Positive
"Sun, 05 Jul 2026 07:00:00 GMT",Unknown,Voices from the Arab press: Handing the Strait of Hormuz to Iran and the Gulf,0.0,Neutral
"Sun, 05 Jul 2026 07:00:00 GMT",Unknown,Oman’s Strategic Ambiguity Over Strait of Hormuz Fees Creates Market ‘Blind Spot’,-0.5,Negative
"Mon, 06 Jul 2026 07:00:00 GMT",Unknown,"Oil prices ease as OPEC+ increases production, Hormuz traffic rebounds",0.0,Neutral
"Mon, 06 Jul 2026 07:00:00 GMT",Unknown,Iran and Oman negotiate a pay model for the Strait of Hormuz,0.0,Neutral
"Mon, 06 Jul 2026 07:00:00 GMT",Unknown,New Middle East corridors are about more than just bypassing the Strait of Hormuz,0.21,Positive
"Mon, 06 Jul 2026 07:00:00 GMT",Unknown,Iran seeks to tighten control over strait of Hormuz alongside Khamenei funeral,0.0,Neutral
"Mon, 06 Jul 2026 07:00:00 GMT",Unknown,Iran Announces Hormuz Service Fees Despite President Trump’s Warning,0.0,Neutral
"Mon, 06 Jul 2026 07:00:00 GMT",Unknown,Hormuz Tanker Traffic Slowly Recovers Despite Persistent Risks,-0.43,Negative
"Sun, 05 Jul 2026 07:00:00 GMT",Unknown,European Naval Coalition for Hormuz Disappears Without a Trace,0.0,Neutral
"Sun, 05 Jul 2026 07:00:00 GMT",Unknown,"Hormuz, Hegemony and Hubris: The Strategic Fallout of America’s New Doctrine",0.32,Positive
"Mon, 06 Jul 2026 07:00:00 GMT",Unknown,Tanker set ablaze after being struck by projectile in the Strait of Hormuz,0.0,Neutral
"Mon, 06 Jul 2026 07:00:00 GMT",Unknown,Can the Strait of Hormuz Be Cleared?,0.0,Neutral
"Mon, 06 Jul 2026 07:00:00 GMT",Unknown,Data Spotlight: The Strait of Hormuz Crisis and Chinese-Financed Power Plants in Asia,0.0,Neutral
"Mon, 06 Jul 2026 07:00:00 GMT",Unknown,The Supertanker Tycoon Making Millions on Hormuz Shuttle Runs,0.0,Neutral
"Sun, 05 Jul 2026 07:00:00 GMT",Unknown,The supertanker tycoon making millions on Hormuz shuttle runs,0.0,Neutral
"Mon, 06 Jul 2026 07:00:00 GMT",Unknown,Washington's Plan to Neutralize Iran's Hormuz Leverage,-0.7,Negative
"Mon, 06 Jul 2026 07:00:00 GMT",Unknown,Japan-Linked Ships Escaping Hormuz in Convoy Through Iran Route,0.0,Neutral
"Mon, 06 Jul 2026 07:00:00 GMT",Unknown,Germany says Iran should pay for mine clearance in Strait of Hormuz,0.0,Neutral
"Sun, 05 Jul 2026 07:00:00 GMT",Unknown,Can Iran Keep Its Edge?,0.14,Neutral
"Sun, 05 Jul 2026 11:49:11 GMT",Unknown,"Iran, Oman Prepare New Shipping Rules for Strait of Hormuz",0.14,Neutral
"Mon, 06 Jul 2026 07:00:00 GMT",Unknown,Saudi Arabia Ships 34 Million Barrels Through Hormuz Despite Thin Tanker Traffic,-0.5,Negative
"Mon, 06 Jul 2026 07:00:00 GMT",Unknown,Iran ceasefire holds as shipping through the Strait of Hormuz picks up,0.0,Neutral
"Mon, 06 Jul 2026 07:00:00 GMT",Unknown,"While the Strait of Hormuz reopens, supply chains face a long road to recovery",-0.05,Neutral
"Mon, 06 Jul 2026 07:00:00 GMT",Unknown,Oil & Gas Tankers Cross Strait Of Hormuz Via Route Near Omani Coast,0.05,Neutral
"Mon, 06 Jul 2026 07:00:00 GMT",Unknown,"Hormuz Shipping Risk Raised to Severe After Tankers Hit, Reviving U.S.-Iran Tensions",0.0,Neutral
"Mon, 06 Jul 2026 07:00:00 GMT",Unknown,"Watch Iran Will Stay in Control of Hormuz, Treyz Says",0.0,Neutral
"Mon, 06 Jul 2026 07:00:00 GMT",Unknown,Attacks on Ships in Strait of Hormuz Send Oil Prices Higher,0.25,Positive
"Sun, 05 Jul 2026 07:00:00 GMT",Unknown,"Israeli source confirms Iran, US exchange fire in Strait of Hormuz",0.0,Neutral
"Mon, 06 Jul 2026 07:00:00 GMT",Unknown,Watch Tankers Cross Hormuz Via US-Protected Corridor,0.0,Neutral
"Mon, 06 Jul 2026 07:00:00 GMT",Unknown,UK and France to launch mission to secure Strait of Hormuz within days,0.4,Positive
"Sun, 05 Jul 2026 07:00:00 GMT",Unknown,Hormuz Oil Shipments Top 10 Million Barrels Per Day as U.S. Strengthens Maritime Security,0.33,Positive
"Mon, 06 Jul 2026 07:00:00 GMT",Unknown,Oil Prices Fall as Hormuz Exports Recover and OPEC+ Boosts Output,0.0,Neutral
"Mon, 06 Jul 2026 07:00:00 GMT",Unknown,Windward Daily Report: 16 Outbound Vessels Transit Hormuz,0.0,Neutral
"Sun, 05 Jul 2026 07:00:00 GMT",Unknown,US to press NATO on Strait of Hormuz security as Iran vows decisive response,0.0,Neutral
"Mon, 06 Jul 2026 07:00:00 GMT",Unknown,OPEC+ is raising oil output for a fifth straight month as Strait of Hormuz shipping recovers,0.2,Neutral
"Mon, 06 Jul 2026 07:00:00 GMT",Unknown,Iran fires at least two missiles at commercial ships in Strait of Hormuz: report,-0.15,Neutral
"Sun, 05 Jul 2026 07:00:00 GMT",Unknown,Forecasters split over how fast oil supplies will recover,0.2,Neutral
"Mon, 06 Jul 2026 07:00:00 GMT",Unknown,Keane: Strait of Hormuz is red line for Trump against Iran,0.0,Neutral
"Mon, 06 Jul 2026 07:00:00 GMT",Unknown,"US launches new strikes on Iran, revokes oil sales permit after 3 ships attacked in Strait of Hormuz",0.14,Neutral
"Sun, 05 Jul 2026 07:00:00 GMT",Unknown,Iran's Revolutionary Guard diverts six ships from Strait of Hormuz,0.0,Neutral
"Mon, 06 Jul 2026 07:00:00 GMT",Unknown,"LNG Tanker Struck by Projectile Near Hormuz, Sparking Fire",0.1,Neutral
"Mon, 06 Jul 2026 07:00:00 GMT",Unknown,Iran Resumes Attacks on Merchant Shipping With Strike on LNG Carrier,0.0,Neutral
"Sun, 05 Jul 2026 07:00:00 GMT",Unknown,Could Existing Ships Operate Without Crew in High-Risk Zones Like Hormuz?,0.0,Neutral
"Mon, 06 Jul 2026 07:00:00 GMT",Unknown,Energy briefs–Ships moving in Strait of Hormuz,0.0,Neutral
"Mon, 06 Jul 2026 07:00:00 GMT",Unknown,Iran secures control over Strait of Hormuz and signals new regional order | Ukraine news,0.14,Neutral
"Mon, 06 Jul 2026 07:00:00 GMT",Unknown,"OPEC to boost daily oil production by 188,000 barrels amid Strait of Hormuz disruptions",0.0,Neutral
"Sun, 05 Jul 2026 07:00:00 GMT",Unknown,Weekend,0.0,Neutral
"Mon, 06 Jul 2026 07:00:00 GMT",Unknown,"Ships Are Moving In and Out of the Persian Gulf, Easing Oil Prices",0.0,Neutral
"Mon, 06 Jul 2026 07:00:00 GMT",Unknown,Projectile hit on LNG carrier revives Hormuz shipping fears,0.0,Neutral
"Sun, 05 Jul 2026 07:00:00 GMT",Unknown,"Hormuz, the Throat of the World",0.0,Neutral
"Mon, 06 Jul 2026 07:00:00 GMT",Unknown,Oil Steadies After Recent Slump With Hormuz Flows in Focus,0.0,Neutral
"Mon, 06 Jul 2026 07:00:00 GMT",Unknown,"The US has reported new Iranian attacks in the Strait of Hormuz, America may launch retaliatory strikes",0.14,Neutral
"Sun, 05 Jul 2026 07:00:00 GMT",Unknown,US talks to NATO allies regarding Strait of Hormuz,0.0,Neutral
"Mon, 06 Jul 2026 07:00:00 GMT",Unknown,"Two ships hit in latest attacks in the Strait of Hormuz, British military says",0.13,Neutral
"Sun, 05 Jul 2026 07:00:00 GMT",Unknown,Ships use Iran-desingated route in Hormuz Strait,0.0,Neutral
"Sun, 05 Jul 2026 07:00:00 GMT",Unknown,"Iran Warns UK, France Against Military Deployment in Strait of Hormuz",-0.1,Neutral
"Mon, 06 Jul 2026 07:00:00 GMT",Unknown,Red Sea security worsens as Hormuz transits rise,0.0,Neutral
"Mon, 06 Jul 2026 07:00:00 GMT",Unknown,Why Iran may find it difficult to clear its oil inventories even after sanctions relief,-0.2,Neutral
"Mon, 06 Jul 2026 07:00:00 GMT",Unknown,Tanker set ablaze after being struck by projectile in the Strait of Hormuz off the coast of Oman,0.0,Neutral
"Mon, 06 Jul 2026 07:00:00 GMT",Unknown,Iran fires missiles at commercial ships in Strait of Hormuz,0.0,Neutral
"Mon, 06 Jul 2026 07:00:00 GMT",Unknown,Iran Proposes New Service Fees For Ships Sailing Through Strait Of Hormuz,0.14,Neutral
"Mon, 06 Jul 2026 07:00:00 GMT",Unknown,Stranded bulkers face sulphur corrosion threat in Strait of Hormuz,0.0,Neutral
"Mon, 06 Jul 2026 07:00:00 GMT",Unknown,A Sudden Glut of Oil Threatens to Weaken Iran’s Hand in Talks,0.0,Neutral
"Mon, 06 Jul 2026 07:00:00 GMT",Unknown,"World absorbs historic Iran war oil supply loss, but depleted stocks bring risks",0.0,Neutral
"Mon, 06 Jul 2026 07:00:00 GMT",Unknown,The future of Gulf energy and trade routes after the Hormuz crisis,0.0,Neutral
"Sun, 05 Jul 2026 07:00:00 GMT",Unknown,"Iran to charge fees in Strait of Hormuz, hints at ‘special treatment’ for friendly nations",0.37,Positive
"Sun, 05 Jul 2026 07:00:00 GMT",Unknown,Sanctioned tanker turned away from Hormuz Strait by US heads for recycling beach,0.0,Neutral
"Sun, 05 Jul 2026 07:00:00 GMT",Unknown,OPEC+ approves further oil output increase as Hormuz exports start to recover,0.0,Neutral
"Mon, 06 Jul 2026 07:00:00 GMT",Unknown,China Calls for Open Hormuz Shipping as Fee Debate Intensifies,0.0,Neutral
"Mon, 06 Jul 2026 07:00:00 GMT",Unknown,A week later and not much has changed with the Strait of Hormuz situation,-0.05,Neutral
"Sun, 05 Jul 2026 07:00:00 GMT",Unknown,"Iran Says Its Delegation Will Be in Doha, but Not for Talks With U.S.",0.14,Neutral
"Sun, 05 Jul 2026 07:00:00 GMT",Unknown,Oil drops as flows in Hormuz persist and Opec+ flags more supply,0.5,Positive
"Sun, 05 Jul 2026 07:00:00 GMT",Unknown,Ship-tracking firm says four ships changed course in Hormuz,-0.2,Neutral
"Mon, 06 Jul 2026 07:00:00 GMT",Unknown,NATO members may discuss protection of Strait of Hormuz at upcoming summit,0.0,Neutral
"Mon, 06 Jul 2026 07:00:00 GMT",Unknown,Tanker catches fire after projectile attack in Strait of Hormuz; Iran blamed,0.0,Neutral
"Mon, 06 Jul 2026 07:00:00 GMT",Unknown,Maritime center says southern Hormuz route remains available,0.09,Neutral
"Mon, 06 Jul 2026 07:00:00 GMT",Unknown,"Iran confirms new service fees for Strait of Hormuz, promises special treatment for allies",0.25,Positive
"Sun, 05 Jul 2026 07:00:00 GMT",Unknown,Iran says friendly nations to receive special Hormuz shipping arrangements,0.37,Positive
"Sun, 05 Jul 2026 07:00:00 GMT",Unknown,"Iranian diplomat says regime will ‘definitely’ collect Hormuz fees, defying US",0.0,Neutral
"Sun, 05 Jul 2026 07:00:00 GMT",Unknown,Trump: ceasefire still in effect after mutual 'love tap' strikes,0.5,Positive
"Mon, 06 Jul 2026 07:00:00 GMT",Unknown,Video Strait of Hormuz and strikes on Kyiv are top priorities at NATO summit,0.5,Positive
"Sun, 05 Jul 2026 07:00:00 GMT",Unknown,"Maersk profit drops, maintains 2026 outlook despite Hormuz uncertainty",0.0,Neutral
"Sun, 05 Jul 2026 07:00:00 GMT",Unknown,French and British moves to secure the Strait of Hormuz amid Iranian warnings against any military deployment,0.08,Neutral
"Mon, 06 Jul 2026 07:00:00 GMT",Unknown,"Iran Missiles Reportedly Hit Ships in Hormuz, Testing US Talks",0.0,Neutral
"Mon, 06 Jul 2026 07:00:00 GMT",Unknown,Shafaq News..Iran fires missiles at tankers in Strait of Hormuz,0.0,Neutral
"Sun, 05 Jul 2026 07:00:00 GMT",Unknown,Iran turns Hormuz Strait into strategic lever against rivals,0.0,Neutral
"Mon, 06 Jul 2026 07:00:00 GMT",Unknown,Oil glut could weaken Iran's Hormuz leverage as stocks slowly refill,-0.3,Negative
"Sun, 05 Jul 2026 07:00:00 GMT",Unknown,"UAE secretly resumed oil exports through the Strait of Hormuz using a ""dark fleet"" – Reuters",-0.28,Negative
"Tue, 07 Jul 2026 07:00:00 GMT",Unknown,Fresh Attacks in the Strait of Hormuz Raise Stakes for Peace Deal,0.3,Positive
"Tue, 07 Jul 2026 07:00:00 GMT",Unknown,Ships attacked in the Strait of Hormuz: What that means for ongoing talks,0.0,Neutral
"Tue, 07 Jul 2026 07:00:00 GMT",Unknown,U.S. revokes license authorizing sale of Iranian oil after 3 tankers hit in Strait of Hormuz,0.0,Neutral
"Tue, 07 Jul 2026 07:00:00 GMT",Unknown,"CNBC Daily Open: Strait of Hormuz, Ukraine's attacks in Russia, Greenland",0.0,Neutral
"Tue, 07 Jul 2026 07:00:00 GMT",Unknown,How the US-Iran fight in the Strait of Hormuz can be resolved before it blows up the MOU,0.0,Neutral
"Tue, 07 Jul 2026 07:00:00 GMT",Unknown,Iran Tells UN It Has Right to Control ‘Parts’ of Hormuz Strait,0.29,Positive
"Tue, 07 Jul 2026 07:00:00 GMT",Unknown,"NATO allies to discuss Hormuz tensions, mission with Gulf Arabs",0.0,Neutral
"Tue, 07 Jul 2026 07:00:00 GMT",Unknown,Iran strikes three vessels near Strait of Hormuz as Trump arrives at NATO summit,0.1,Neutral
"Tue, 07 Jul 2026 07:00:00 GMT",Unknown,US military strikes Iran after Tehran hits 3 tankers in Strait of Hormuz,-0.1,Neutral
"Tue, 07 Jul 2026 07:00:00 GMT",Unknown,Iran Fires on Two Ships in Strait of Hormuz as Trump Threatens to “Finish the Job”,0.0,Neutral
"Tue, 07 Jul 2026 07:00:00 GMT",Unknown,US revokes Iran oil waiver after Hormuz attacks,0.0,Neutral
"Tue, 07 Jul 2026 07:00:00 GMT",Unknown,US revokes Iran oil sanctions waiver after alleged attack on vessels near Strait of Hormuz,0.0,Neutral
"Tue, 07 Jul 2026 07:00:00 GMT",Unknown,JMIC raises Strait of Hormuz threat level to severe,0.0,Neutral
"Tue, 07 Jul 2026 07:00:00 GMT",Unknown,U.S. launches strikes against Iran after ships hit in Strait of Hormuz,0.0,Neutral
"Tue, 07 Jul 2026 07:00:00 GMT",Unknown,Strait of Hormuz threat level raised to 'severe' after Iran attacks tankers using U.S. Navy route,0.0,Neutral
"Tue, 07 Jul 2026 07:00:00 GMT",Unknown,U.S. launches new strikes on Iran after attacks on tankers in Strait of Hormuz,0.14,Neutral
"Tue, 07 Jul 2026 07:00:00 GMT",Unknown,"Strait of Hormuz: Iran attacks three ships in 24 hours, U.S. says",0.0,Neutral
"Tue, 07 Jul 2026 07:00:00 GMT",Unknown,"Hormuz shipping risk raised to severe after tankers hit, reviving U.S.-Iran tensions",0.0,Neutral
"Tue, 07 Jul 2026 07:00:00 GMT",Unknown,Iran and Oman Want to Charge Fees for Services Through the Strait of Hormuz,0.0,Neutral
"Tue, 07 Jul 2026 07:00:00 GMT",Unknown,Why oil investors fear the next toll fight could be the Strait of Malacca,0.0,Neutral
"Tue, 07 Jul 2026 07:00:00 GMT",Unknown,"Oil tanker struck in Strait of Hormuz, UK says",0.0,Neutral
"Tue, 07 Jul 2026 07:00:00 GMT",Unknown,Tanker struck in Strait of Hormuz as Iran mourns Khamenei,0.0,Neutral
"Tue, 07 Jul 2026 07:00:00 GMT",Unknown,"Oil prices rise after attacks on tankers in Strait of Hormuz, U.S. revokes Iran sale authorization",0.0,Neutral
"Tue, 07 Jul 2026 07:00:00 GMT",Unknown,"Iran Mining Hormuz to Funnel Ships Into Its Waters, U.S. Navy Says",0.0,Neutral
"Tue, 07 Jul 2026 07:00:00 GMT",Unknown,Hormuz chokepoint? Turkey wants to be king of the Middle Corridor,0.1,Neutral
"Tue, 07 Jul 2026 07:00:00 GMT",Unknown,Oil prices jump 5% after U.S. revokes Iran oil sanctions waiver following ship attacks,0.0,Neutral
"Tue, 07 Jul 2026 07:00:00 GMT",Unknown,US resumes Iran strikes for 'attacking shipping' near Strait of Hormuz,0.1,Neutral
"Tue, 07 Jul 2026 07:00:00 GMT",Unknown,"Oil prices jump as Iran attacks vessels in Hormuz strait, US revokes license allowing Iran to sell oil",0.0,Neutral
"Tue, 07 Jul 2026 07:00:00 GMT",Unknown,Saudi Arabia Eyes Major Red Sea Pipeline Expansion to Bypass Hormuz,-0.11,Neutral
"Tue, 07 Jul 2026 07:00:00 GMT",Unknown,"Saudi, Qatari tankers hit as Strait of Hormuz risks worsen",0.0,Neutral
"Tue, 07 Jul 2026 07:00:00 GMT",Unknown,Trump Revokes Iran Oil-Sales Waiver After Strait of Hormuz Attacks,0.0,Neutral
"Tue, 07 Jul 2026 07:00:00 GMT",Unknown,Israel's energy minister touts oil pipeline to bypass Hormuz,0.0,Neutral
"Tue, 07 Jul 2026 07:00:00 GMT",Unknown,U.S. strikes Iran after attacks on vessels in Strait of Hormuz,0.0,Neutral
"Tue, 07 Jul 2026 07:00:00 GMT",Unknown,"Three tankers hit in latest attacks in the Strait of Hormuz, British military says",0.13,Neutral
"Tue, 07 Jul 2026 07:00:00 GMT",Unknown,Hormuz Strikes Threaten Progress on Europe’s De-mining Mission,0.0,Neutral
"Tue, 07 Jul 2026 07:00:00 GMT",Unknown,US revokes Iran oil waivers after Iranian attacks in Strait of Hormuz,0.0,Neutral
"Tue, 07 Jul 2026 07:00:00 GMT",Unknown,"Third ship hit in Hormuz within 24 hours, as Doha blames Iran for striking Qatari tanker",0.25,Positive
"Tue, 07 Jul 2026 07:00:00 GMT",Unknown,US launches ​strikes against Iran after attacks on vessels in strait ​of ​Hormuz,0.0,Neutral
"Tue, 07 Jul 2026 07:00:00 GMT",Unknown,Ship Hit in Strait of Hormuz as Iran Says No Talks Unless Trump Halts Threats,0.0,Neutral
"Tue, 07 Jul 2026 07:00:00 GMT",Unknown,US airstrikes hit Iran after tankers attacked in Hormuz,0.0,Neutral
"Tue, 07 Jul 2026 07:00:00 GMT",Unknown,"U.S. conducts strikes on multiple Iranian targets after Hormuz Strait ship attacks, Centcom says",0.0,Neutral
"Tue, 07 Jul 2026 07:00:00 GMT",Unknown,Oil prices jump more than 4% after Trump threatens to bomb Iran and reimpose naval blockade,0.5,Positive
"Tue, 07 Jul 2026 07:00:00 GMT",Unknown,Two more tankers attacked in Hormuz off Oman,0.5,Positive
"Tue, 07 Jul 2026 07:00:00 GMT",Unknown,Oil Rises After Attacks Near Strait of Hormuz Renew Supply Fears,0.1,Neutral
"Tue, 07 Jul 2026 07:00:00 GMT",Unknown,US launches new strikes on Iran after reinstating oil sanctions over shipping attacks,0.14,Neutral
"Tue, 07 Jul 2026 07:00:00 GMT",Unknown,Third tanker struck in Strait of Hormuz region in 24 hours,0.0,Neutral
"Tue, 07 Jul 2026 07:00:00 GMT",Unknown,Three Tankers Attacked Near Strait of Hormuz as JMIC Warns of ‘Severe’ Threat,0.1,Neutral
"Tue, 07 Jul 2026 07:00:00 GMT",Unknown,Iran’s Revolutionary Guard Fires Missiles at Ships Near Hormuz,0.1,Neutral
"Tue, 07 Jul 2026 07:00:00 GMT",Unknown,"Qatari LNG Ship Struck in Strait of Hormuz, Testing US Talks",0.0,Neutral
"Tue, 07 Jul 2026 07:00:00 GMT",Unknown,Two More Tankers Struck as IRGC Asserts That It Controls Hormuz,0.5,Positive
"Tue, 07 Jul 2026 07:00:00 GMT",Unknown,US revokes Iran oil sanctions waiver after Strait of Hormuz strikes,0.0,Neutral
"Tue, 07 Jul 2026 07:00:00 GMT",Unknown,"Another tanker hit by unidentified projectile in Strait of Hormuz, says UK military",-0.1,Neutral
"Tue, 07 Jul 2026 07:00:00 GMT",Unknown,New Attacks Show Iran's Uncompromising Stance on Control of Hormuz,0.14,Neutral
"Tue, 07 Jul 2026 07:00:00 GMT",Unknown,2 tankers hit in latest attacks in the Strait of Hormuz,0.5,Positive
"Tue, 07 Jul 2026 07:00:00 GMT",Unknown,US strikes Iran after ships attacked in Strait of Hormuz,0.14,Neutral
"Tue, 07 Jul 2026 07:00:00 GMT",Unknown,Iran Fires Missiles at Two Ships in Strait of Hormuz,0.0,Neutral
"Tue, 07 Jul 2026 07:00:00 GMT",Unknown,3 tankers struck in Strait of Hormuz as fragile US-Iran truce faces new test,0.07,Neutral
"Tue, 07 Jul 2026 07:00:00 GMT",Unknown,US strikes Iran and reimposes oil sanctions as ceasefire faces one of its most significant tests,0.44,Positive
"Tue, 07 Jul 2026 07:00:00 GMT",Unknown,"Iranian missiles reportedly hit Saudi, Qatari tankers in Strait of Hormuz",0.0,Neutral
"Tue, 07 Jul 2026 07:00:00 GMT",Unknown,US launches ‘powerful’ strikes on Iran following attacks on ships in Strait of Hormuz,0.15,Neutral
"Tue, 07 Jul 2026 07:00:00 GMT",Unknown,US revokes authorization for Iranian oil sales after Hormuz strikes,0.0,Neutral
"Tue, 07 Jul 2026 07:00:00 GMT",Unknown,Hormuz Sees Biggest Day of Attacks Since US-Iran Peace Deal,0.0,Neutral
"Tue, 07 Jul 2026 07:00:00 GMT",Unknown,Four tankers and gas carriers abort Strait of Hormuz transits after attacks,0.0,Neutral
"Tue, 07 Jul 2026 07:00:00 GMT",Unknown,Energy ETFs Worth Watching as Hormuz Shipping Risks Persist,0.3,Positive
"Tue, 07 Jul 2026 07:00:00 GMT",Unknown,LNG Tanker ‘Al Rekayyat’ at Risk of Exploding After Attack Near Hormuz,0.1,Neutral
"Tue, 07 Jul 2026 07:00:00 GMT",Unknown,U.S. strikes Iran after tanker attacks in Strait of Hormuz,0.07,Neutral
"Tue, 07 Jul 2026 07:00:00 GMT",Unknown,"Kansas farmers suffer from tariffs and closing of Strait of Hormuz, ag experts say",0.0,Neutral
"Tue, 07 Jul 2026 07:00:00 GMT",Unknown,Oil Market Swings From Glut Fears to Hormuz Toll Concerns,-0.7,Negative
"Tue, 07 Jul 2026 07:00:00 GMT",Unknown,"U.S. Revokes Iran Oil Waiver After Hormuz Attacks, Launches New Military Strikes",0.02,Neutral
"Tue, 07 Jul 2026 07:00:00 GMT",Unknown,US completes strikes on over 80 targets in Iran after attacks on ships: CENTCOM,0.0,Neutral
"Tue, 07 Jul 2026 07:00:00 GMT",Unknown,"US Crude Oil, Product Inventories Fall Even As Hormuz Traffic Begins to Flow",-0.7,Negative
"Tue, 07 Jul 2026 07:00:00 GMT",Unknown,Geopolitical Risk Returns as Drone Strikes Hit Hormuz Shipping,-0.7,Negative
"Tue, 07 Jul 2026 07:00:00 GMT",Unknown,"Tanker ships damaged near Strait of Hormuz, Iran issues threats",0.1,Neutral
"Tue, 07 Jul 2026 07:00:00 GMT",Unknown,EIA boosts oil production forecast after Strait of Hormuz reopening,0.0,Neutral
"Tue, 07 Jul 2026 07:00:00 GMT",Unknown,Oil tanker reportedly hit by 'unknown projectile' in Strait of Hormuz,-0.1,Neutral
"Tue, 07 Jul 2026 07:00:00 GMT",Unknown,Tanker Set Ablaze After Being Struck by Projectile in the Strait of Hormuz as Iran Mourns Khamenei,0.0,Neutral
"Tue, 07 Jul 2026 07:00:00 GMT",Unknown,US launches new strikes against Iran in retaliation for attacks on tankers in the Strait of Hormuz,0.09,Neutral
"Tue, 07 Jul 2026 07:00:00 GMT",Unknown,Two tankers struck in Strait of Hormuz after Iran reportedly attacks Qatari ship,0.0,Neutral
"Tue, 07 Jul 2026 07:00:00 GMT",Unknown,Iran strikes three vessels near Strait of Hormuz,0.1,Neutral
"Tue, 07 Jul 2026 07:00:00 GMT",Unknown,Fresh Iran attacks on commercial ships rattle shipping in Hormuz,0.15,Neutral
"Tue, 07 Jul 2026 07:00:00 GMT",Unknown,Seyed M. Marandi: Iran Strikes Ships as the U.S. Tests Iran's Control Over the Strait of Hormuz (Transcript),0.0,Neutral
"Tue, 07 Jul 2026 07:00:00 GMT",Unknown,Crude Oil Prices Jump as Ships Attacked in the Strait of Hormuz,-0.7,Negative
"Tue, 07 Jul 2026 07:00:00 GMT",Unknown,Iran Negotiations Day 20: Tehran Attacks Ships in Hormuz Strait,0.0,Neutral
"Tue, 07 Jul 2026 07:00:00 GMT",Unknown,Iran resumes strikes on ships in the Strait of Hormuz,0.0,Neutral
"Tue, 07 Jul 2026 07:00:00 GMT",Unknown,US launches new wave of strikes on Iran as ceasefire frays,0.14,Neutral
"Tue, 07 Jul 2026 07:00:00 GMT",Unknown,Watch Oil Climbs as Fresh Tanker Strike Highlights Risks Around Hormuz,0.3,Positive
"Tue, 07 Jul 2026 07:00:00 GMT",Unknown,US revokes Iran oil waiver after tanker attacks in Strait of Hormuz,0.0,Neutral
"Tue, 07 Jul 2026 07:00:00 GMT",Unknown,Damaged Qatari LNG Tanker Awaits Salvage After Strike as Hormuz Risks Escalate,0.0,Neutral
"Tue, 07 Jul 2026 07:00:00 GMT",Unknown,Qatar blames Iran after LNG tanker struck in Strait of Hormuz,0.0,Neutral
"Tue, 07 Jul 2026 07:00:00 GMT",Unknown,U.S. Revokes Iran Oil Sanctions Waiver After Attack on Tankers,0.14,Neutral
"Tue, 07 Jul 2026 07:00:00 GMT",Unknown,US reinstates Iran oil sanctions after tanker attacks in Strait of Hormuz,0.0,Neutral
"Tue, 07 Jul 2026 07:00:00 GMT",Unknown,Natural gas tanker attacked in the Strait of Hormuz | FOX 5 AT 6AM,0.1,Neutral
"Wed, 08 Jul 2026 07:00:00 GMT",Unknown,The Strait of Hormuz Already Faces a Tough Recovery. Now Trump’s Iran Deal Is Unraveling.,-0.3,Negative
"Wed, 08 Jul 2026 07:00:00 GMT",Unknown,The Strait of Hormuz is now at the centre of Iranian and US calculus,0.0,Neutral
"Wed, 08 Jul 2026 07:00:00 GMT",Unknown,Strait of Hormuz oil traffic steady after attacks as IMO urges caution,0.11,Neutral
"Wed, 08 Jul 2026 07:00:00 GMT",Unknown,IMO Secretary-General condemns new attacks on ships in the Strait of Hormuz,0.09,Neutral
"Wed, 08 Jul 2026 07:00:00 GMT",Unknown,US-Iran war: Renewed attacks in Strait of Hormuz prompt another global energy alert,0.0,Neutral
"Wed, 08 Jul 2026 07:00:00 GMT",Unknown,Four oil and gas tankers turn back from Hormuz strait after vessel attacks,0.0,Neutral
"Tue, 07 Jul 2026 07:00:00 GMT",Unknown,U.S. launches new strikes against Iran after three ships were hit in Strait of Hormuz,0.14,Neutral
"Wed, 08 Jul 2026 07:00:00 GMT",Unknown,"With Iran ceasefire ""over,"" Trump shifts to battle for Hormuz",0.0,Neutral
"Wed, 08 Jul 2026 07:00:00 GMT",Unknown,"Strait of Hormuz traffic won't return to normal until 2027 after latest setback, Kalshi traders predict",0.33,Positive
"Wed, 08 Jul 2026 07:00:00 GMT",Unknown,"Trump threatens to launch ‘big attack’ on Iran, resume naval blockade",0.0,Neutral
"Wed, 08 Jul 2026 07:00:00 GMT",Unknown,US launches strikes on Iran after tankers hit in Strait of Hormuz,0.0,Neutral
"Wed, 08 Jul 2026 07:00:00 GMT",Unknown,Iran signals defiance as Trump fumes over Strait of Hormuz strikes,0.0,Neutral
"Wed, 08 Jul 2026 07:00:00 GMT",Unknown,US-Iran on dangerous path to blowing up MOU over Hormuz,-0.6,Negative
"Tue, 07 Jul 2026 07:00:00 GMT",Unknown,Commercial ships hit near Strait of Hormuz as Iran-US talks stall,0.04,Neutral
"Wed, 08 Jul 2026 07:00:00 GMT",Unknown,Iran threatens to completely close Hormuz strait in response to renewed attacks,0.1,Neutral
"Wed, 08 Jul 2026 07:00:00 GMT",Unknown,Oil and LNG Tankers Make U-Turns After Fresh Hormuz Escalation,-0.03,Neutral
"Wed, 08 Jul 2026 07:00:00 GMT",Unknown,Trump says ceasefire is “over” as Iran readies for Hormuz closure,0.0,Neutral
"Wed, 08 Jul 2026 07:00:00 GMT",Unknown,Shipowners Wrestle With Hormuz Risks as US-Iran Deal Crumbles,0.0,Neutral
"Wed, 08 Jul 2026 07:00:00 GMT",Unknown,COMMENTARY: Oil refiners' Hormuz windfall may prove short-lived,0.0,Neutral
"Wed, 08 Jul 2026 07:00:00 GMT",Unknown,Shipowners weigh Hormuz risks as U.S.-Iran deal crumbles,0.0,Neutral
"Wed, 08 Jul 2026 07:00:00 GMT",Unknown,U.S. hits dozens of Iranian targets in retaliatory strikes after ship attacks in Strait of Hormuz,0.0,Neutral
"Wed, 08 Jul 2026 07:00:00 GMT",Unknown,U.S. strikes Iranian targets in Strait of Hormuz for 2nd straight day,0.1,Neutral
"Tue, 07 Jul 2026 07:00:00 GMT",Unknown,Ocean Freight Impacts: Hormuz Status Update and Analysis,0.0,Neutral
"Wed, 08 Jul 2026 07:00:00 GMT",Unknown,From Hormuz to Bab el Mandeb: The Lesson the World Must Not Ignore,0.0,Neutral
"Tue, 07 Jul 2026 07:00:00 GMT",Unknown,2 tankers targeted in Strait of Hormuz as Iran mourns Khamenei,0.0,Neutral
"Wed, 08 Jul 2026 07:00:00 GMT",Unknown,Vice president says US will respond if Iran attacks shipping in Strait of Hormuz,0.0,Neutral
"Wed, 08 Jul 2026 07:00:00 GMT",Unknown,Goldman Says Hormuz Flare-Up May Delay Recovery in Oil Supplies,0.0,Neutral
"Wed, 08 Jul 2026 07:00:00 GMT",Unknown,Iran Claims Control of Strait of Hormuz as Arab States Condemn Regional Attacks,0.0,Neutral
"Wed, 08 Jul 2026 07:00:00 GMT",Unknown,Letters to the Editor: Attacking oil tankers in the Strait of Hormuz could backfire massively on Iran,0.0,Neutral
"Wed, 08 Jul 2026 07:00:00 GMT",Unknown,The Strait of Hormuz is back under ‘full-conflict conditions’ — and energy markets are scrambling,0.0,Neutral
"Wed, 08 Jul 2026 07:00:00 GMT",Unknown,US Launches Large-Scale Strikes on Iran After Strait of Hormuz Tanker Attacks,0.0,Neutral
"Wed, 08 Jul 2026 07:00:00 GMT",Unknown,Iran says shipping through Strait of Hormuz is operating under its arrangements as security risk increases,0.0,Neutral
"Wed, 08 Jul 2026 07:00:00 GMT",Unknown,Trump Reignites Market’s Iran Fears but AI Can Weather the Hormuz Havoc. 5 Other Things to Know Today.,-0.12,Neutral
"Wed, 08 Jul 2026 07:00:00 GMT",Unknown,"Nowhere close to normalization in the Strait of Hormuz, says RBC's Helima Croft",0.0,Neutral
"Wed, 08 Jul 2026 07:00:00 GMT",Unknown,Iran warns of ‘decisive’ action after US strikes around Strait of Hormuz,0.1,Neutral
"Tue, 07 Jul 2026 07:00:00 GMT",Unknown,Global Energy Prices Surge After Third Tanker Struck Near Strait of Hormuz,0.03,Neutral
"Wed, 08 Jul 2026 07:00:00 GMT",Unknown,IMO Urges Ships to Avoid Hormuz as U.S. Strikes Iran Over Vessel Attacks,0.0,Neutral
"Tue, 07 Jul 2026 07:00:00 GMT",Unknown,4 Million Barrels of Saudi Crude Set to Transit Strait of Hormuz,-0.7,Negative
"Wed, 08 Jul 2026 07:00:00 GMT",Unknown,EIA projects near-normal Hormuz flows by year’s end,0.0,Neutral
"Wed, 08 Jul 2026 07:00:00 GMT",Unknown,Iran said to threaten to close Hormuz if US follows through on pledge to strike tonight,0.0,Neutral
"Wed, 08 Jul 2026 07:00:00 GMT",Unknown,Shipping tensions leap as Trump says Hormuz ceasefire is “over”,0.0,Neutral
"Wed, 08 Jul 2026 07:00:00 GMT",Unknown,"Iran threatens to close Strait of Hormuz, hit 'twice the number of targets' as US",0.0,Neutral
"Wed, 08 Jul 2026 07:00:00 GMT",Unknown,Can Iraq navigate the Hormuz dilemma with a new maritime fleet?,0.14,Neutral
"Tue, 07 Jul 2026 07:00:00 GMT",Unknown,Gas Prices Jump After LNG Tanker Attack Near Strait of Hormuz,0.1,Neutral
"Wed, 08 Jul 2026 07:00:00 GMT",Unknown,US and Iran trade strikes over Strait of Hormuz,0.0,Neutral
"Wed, 08 Jul 2026 07:00:00 GMT",Unknown,What routes are vessels using to cross the Strait of Hormuz?,0.0,Neutral
"Wed, 08 Jul 2026 07:00:00 GMT",Unknown,Oil Prices Jump After Trump Says Deal With Iran Is ‘Over’,0.14,Neutral
"Wed, 08 Jul 2026 07:00:00 GMT",Unknown,Trump says he may re-impose Strait of Hormuz blockade,0.0,Neutral
"Wed, 08 Jul 2026 07:00:00 GMT",Unknown,"Germany urges US-Iran negotiations, offers to minesweep Hormuz",0.1,Neutral
"Wed, 08 Jul 2026 07:00:00 GMT",Unknown,US conducting strikes against Iranian military targets in Strait of Hormuz,-0.1,Neutral
"Thu, 09 Jul 2026 07:00:00 GMT",Unknown,US-Iran war leaves shipping at near-standstill in Hormuz again,0.0,Neutral
"Thu, 09 Jul 2026 07:00:00 GMT",Unknown,Is the Strait of Hormuz still Iran's trump card?,0.0,Neutral
"Thu, 09 Jul 2026 07:00:00 GMT",Unknown,Strait of Hormuz: What has happened since the US-Iran MoU on June 17?,0.0,Neutral
"Thu, 09 Jul 2026 07:00:00 GMT",Unknown,From Hormuz to the Maghreb: The Geopolitical Reach of a Gulf Crisis,0.0,Neutral
"Thu, 09 Jul 2026 07:00:00 GMT",Unknown,Can conservation change how the world sees the Strait of Hormuz? (commentary),0.0,Neutral
"Thu, 09 Jul 2026 07:00:00 GMT",Unknown,Applying the Imperial Rule in the Strait of Hormuz,-0.12,Neutral
"Thu, 09 Jul 2026 07:00:00 GMT",Unknown,Iran Uses Diplomacy and Coercion to Perpetuate Control of the Strait of Hormuz,-0.1,Neutral
"Thu, 09 Jul 2026 07:00:00 GMT",Unknown,"Not So Strait-Forward: Hormuz, Iran, and the Future of Gulf Oil and Gas Flows",-0.04,Neutral
"Thu, 09 Jul 2026 07:00:00 GMT",Unknown,How Iran's 'golden weapon' of Hormuz became a bigger priority than its long-disputed nuclear programme,0.15,Neutral
"Thu, 09 Jul 2026 07:00:00 GMT",Unknown,"Some war insurers advise shipowners to pause Hormuz voyages after attacks, sources say",0.0,Neutral
"Thu, 09 Jul 2026 07:00:00 GMT",Unknown,How Strait of Hormuz dispute led to latest US-Iran cycle of fighting,0.5,Positive
"Thu, 09 Jul 2026 07:00:00 GMT",Unknown,Oil tanker traffic through Hormuz at near standstill as attacks strain Iran truce,0.1,Neutral
"Thu, 09 Jul 2026 07:00:00 GMT",Unknown,Hormuz Risk Is Back: Why The Market Is Wrong On Energy,-0.25,Negative
"Thu, 09 Jul 2026 07:00:00 GMT",Unknown,From Hormuz to the pump: Why oil price shocks hit consumers differently – Analysis,0.0,Neutral
"Thu, 09 Jul 2026 07:00:00 GMT",Unknown,The Future of Russian Sanctions After the Hormuz Crisis,0.0,Neutral
"Thu, 09 Jul 2026 07:00:00 GMT",Unknown,"US-Iran Conflict Flares Back Up, Disrupts Strait of Hormuz Once Again",0.0,Neutral
"Thu, 09 Jul 2026 07:00:00 GMT",Unknown,Tanker traffic through Strait of Hormuz slows after Iranian attacks trigger renewed fighting with U.S.,0.0,Neutral
"Thu, 09 Jul 2026 07:00:00 GMT",Unknown,Oil Prices Remain Elevated Amid Slowdown in Shipping Traffic in the Gulf,0.14,Neutral
"Thu, 09 Jul 2026 07:00:00 GMT",Unknown,The Hormuz Blockade Experience Is Forcing Food Security Adaptation,0.0,Neutral
"Thu, 09 Jul 2026 07:00:00 GMT",Unknown,Hormuz: Trump’s Constantinople Moment?,0.0,Neutral
"Thu, 09 Jul 2026 07:00:00 GMT",Unknown,Iran Wants to Charge Fees for Hormuz. How Do Other Waterways Work?,0.04,Neutral
"Thu, 09 Jul 2026 07:00:00 GMT",Unknown,"US strikes, Hormuz clashes push Iran deal to brink",0.0,Neutral
"Thu, 09 Jul 2026 07:00:00 GMT",Unknown,The Fight Over Hormuz Boils Down to One Poorly Worded Clause in Trump’s Deal,-0.28,Negative
"Thu, 09 Jul 2026 07:00:00 GMT",Unknown,U.S. and Iran exchange intense new attacks after Trump says ceasefire is ‘over’,0.17,Neutral
"Thu, 09 Jul 2026 07:00:00 GMT",Unknown,"The Iran Deal Couldn’t Restore Old Maritime Order, Analyst Raydan Says",0.2,Positive
"Thu, 09 Jul 2026 07:00:00 GMT",Unknown,Hormuz After the Pause: US–Iran Escalation Returns,0.0,Neutral
"Thu, 09 Jul 2026 07:00:00 GMT",Unknown,Escalation Continues as U.S. and Iran Face Off Over Hormuz,-0.7,Negative
"Thu, 09 Jul 2026 07:00:00 GMT",Unknown,Hormuz Conflict Damages Persian Gulf Havens,0.0,Neutral
"Thu, 09 Jul 2026 07:00:00 GMT",Unknown,Oman Makes Most Unequivocal Statement Yet on Hormuz Transits,0.5,Positive
"Thu, 09 Jul 2026 07:00:00 GMT",Unknown,US preparing for prolonged Iran conflict over the Strait of Hormuz,0.0,Neutral
"Thu, 09 Jul 2026 07:00:00 GMT",Unknown,"Hormuz traffic slumps as US, Iran trade strikes",0.0,Neutral
"Thu, 09 Jul 2026 07:00:00 GMT",Unknown,Hormuz Traffic Grinds to a Near Halt as Ceasefire Under Threat,0.1,Neutral
"Thu, 09 Jul 2026 07:00:00 GMT",Unknown,Hormuz strait on ‘severe’ alert as insurance costs soar,0.14,Neutral
"Thu, 09 Jul 2026 07:00:00 GMT",Unknown,Qatar Pauses Push to Ramp Up LNG After Hormuz Tanker Attack,0.0,Neutral
"Thu, 09 Jul 2026 07:00:00 GMT",Unknown,"Hormuz, nuclear dispute: Key issues behind US-Iran new attacks",-0.06,Neutral
"Thu, 09 Jul 2026 07:00:00 GMT",Unknown,On board the USS Abraham Lincoln in the Strait of Hormuz,0.0,Neutral
"Thu, 09 Jul 2026 07:00:00 GMT",Unknown,Second day of attacks as Trump’s Iran ceasefire breaks ”over” Hormuz,0.0,Neutral
"Thu, 09 Jul 2026 07:00:00 GMT",Unknown,U.S. intensifies strikes on Iran’s coast along Strait of Hormuz,0.0,Neutral
"Thu, 09 Jul 2026 07:00:00 GMT",Unknown,Shipping through the Strait of Hormuz has stopped after US strikes on Iran,0.0,Neutral
"Thu, 09 Jul 2026 07:00:00 GMT",Unknown,Will NATO get involved in securing Strait of Hormuz?,0.0,Neutral
"Wed, 08 Jul 2026 07:00:00 GMT",Unknown,COMMENTARY: Trump-Iran standoff threatens chronic Gulf oil instability,0.0,Neutral
"Thu, 09 Jul 2026 07:00:00 GMT",Unknown,Hormuz War-Risk Cover Climbs as Shipowners Pull Back,0.0,Neutral
"Wed, 08 Jul 2026 07:00:00 GMT",Unknown,"'Retribution': US strikes Iran again, citing threats to Strait of Hormuz",0.0,Neutral
"Thu, 09 Jul 2026 07:00:00 GMT",Unknown,Hormuz Tanker Traffic Grinds to a Halt After U.S.-Iran Escalation,-0.7,Negative
"Thu, 09 Jul 2026 07:00:00 GMT",Unknown,How the Future of Hormuz Is Testing Oman’s Balancing Act,0.0,Neutral
"Thu, 09 Jul 2026 07:00:00 GMT",Unknown,Trump warns Iran: More strikes coming if Strait of Hormuz closes,0.5,Positive
"Thu, 09 Jul 2026 07:00:00 GMT",Unknown,U.S.-Iran conflict escalates after strikes as shipping in Strait of Hormuz grinds to halt,0.0,Neutral
"Thu, 09 Jul 2026 07:00:00 GMT",Unknown,War insurers advise shipping companies to pause Hormuz voyages,0.0,Neutral
"Wed, 08 Jul 2026 07:00:00 GMT",Unknown,U.S. to re-impose naval blockade on Iran after Strait of Hormuz attacks,0.0,Neutral
"Thu, 09 Jul 2026 07:00:00 GMT",Unknown,IRGC Navy Says Strait of Hormuz Traffic Restored to 50% of Pre-War Levels,0.0,Neutral
"Wed, 08 Jul 2026 07:00:00 GMT",Unknown,'Ceasefire over': US military strikes Iran after tanker attacks in Strait of Hormuz,-0.1,Neutral
"Wed, 08 Jul 2026 07:00:00 GMT",Unknown,"US ,Iran trade attacks in Strait of Hormuz, Iran may have advantage",0.0,Neutral
"Thu, 09 Jul 2026 07:00:00 GMT",Unknown,Iran’s Hormuz Playbook Could Be Coming to the Red Sea,0.0,Neutral
"Thu, 09 Jul 2026 07:00:00 GMT",Unknown,Trump says U.S. to continue talks with Iran despite scrapped ceasefire,0.0,Neutral
"Wed, 08 Jul 2026 07:00:00 GMT",Unknown,"Saudi, Omani foreign ministers discuss maritime security in Hormuz amid renewed US-Iran tensions",-0.12,Neutral
"Thu, 09 Jul 2026 07:00:00 GMT",Unknown,Oman Tells UN It’s Against Imposing Transit Fees in Hormuz,0.0,Neutral
"Thu, 09 Jul 2026 07:00:00 GMT",Unknown,"Strait of Hormuz is the ‘center of gravity’ for Iran, Navy SEAL veteran says",-0.05,Neutral
"Wed, 08 Jul 2026 07:00:00 GMT",Unknown,US Launches New Strikes on Iran Over Strait of Hormuz Shipping Attacks,0.14,Neutral
"Wed, 08 Jul 2026 07:00:00 GMT",Unknown,Trump confirms new strikes launched on Iran after attacks in Strait of Hormuz,0.14,Neutral
"Thu, 09 Jul 2026 07:00:00 GMT",Unknown,Oil Exporters Build Resilience to Soften Blow of Hormuz Disruption,0.0,Neutral
"Thu, 09 Jul 2026 07:00:00 GMT",Unknown,Iran’s parliament speaker says Strait of Hormuz to open only under ‘Iranian arrangements’,0.0,Neutral
"Thu, 09 Jul 2026 07:00:00 GMT",Unknown,The Iran war's limited boost for energy transition,-0.07,Neutral
"Thu, 09 Jul 2026 07:00:00 GMT",Unknown,Iran ramps up Strait of Hormuz threats amid renewed U.S. tensions,0.0,Neutral
"Thu, 09 Jul 2026 07:00:00 GMT",Unknown,US strikes to ‘get much worse’ if Iran continues to target ships in Strait of Hormuz: Trump,-0.4,Negative
"Wed, 08 Jul 2026 07:00:00 GMT",Unknown,"Iran Vows Hormuz Closure, More Attacks After US Strikes",0.5,Positive
"Fri, 10 Jul 2026 07:00:00 GMT",Unknown,Hormuz Sees Traffic Bump Despite Ongoing Iranian Attacks,0.0,Neutral
"Fri, 10 Jul 2026 07:00:00 GMT",Unknown,"Strait of Hormuz Will Soon Be Declared Open to All Traffic, U.S. Officials Say",0.05,Neutral
"Fri, 10 Jul 2026 07:00:00 GMT",Unknown,"US insists Iran commit to stopping attacks in Hormuz strait, say US officials",0.0,Neutral
"Fri, 10 Jul 2026 07:00:00 GMT",Unknown,Traffic through Hormuz falls amid renewed US-Iran tensions,0.0,Neutral
"Fri, 10 Jul 2026 07:00:00 GMT",Unknown,The US can’t win with force in the Strait of Hormuz – Iran must be offered a realistic incentive to settle,0.48,Positive
"Fri, 10 Jul 2026 07:00:00 GMT",Unknown,How the U.S.-Iran deal set the stage for renewed fighting over the Strait of Hormuz,0.0,Neutral
"Fri, 10 Jul 2026 07:00:00 GMT",Unknown,Shippers Face Deepening Dilemma as U.S. and Iran Vie for Control of the Strait,0.14,Neutral
"Fri, 10 Jul 2026 07:00:00 GMT",Unknown,Traffic slows through Strait of Hormuz as Iran tensions flare,0.0,Neutral
"Fri, 10 Jul 2026 07:00:00 GMT",Unknown,Hormuz oil tanker traffic persists along Oman route as conflict escalates,0.0,Neutral
"Fri, 10 Jul 2026 07:00:00 GMT",Unknown,Tanker transit through Strait of Hormuz plunges as US-Iran ceasefire fractures,0.0,Neutral
"Fri, 10 Jul 2026 07:00:00 GMT",Unknown,U.S. gives Iran Saturday deadline to publicly renounce Hormuz attacks,0.0,Neutral
"Fri, 10 Jul 2026 07:00:00 GMT",Unknown,"US demands Iran affirm Strait of Hormuz fully open after exchange of strikes, officials say",0.0,Neutral
"Fri, 10 Jul 2026 07:00:00 GMT",Unknown,U.S. Strikes Fail to Break Iran's Grip on the Strait of Hormuz,-0.57,Negative
"Fri, 10 Jul 2026 07:00:00 GMT",Unknown,Quills and conflict: How protection in the Strait of Hormuz is bought and sold,0.0,Neutral
"Fri, 10 Jul 2026 07:00:00 GMT",Unknown,Trump hints at further Iran negotiations after exchange of fire over Hormuz,0.0,Neutral
"Fri, 10 Jul 2026 07:00:00 GMT",Unknown,Inside the risky race through the Strait of Hormuz,0.0,Neutral
"Fri, 10 Jul 2026 07:00:00 GMT",Unknown,UK Issues Warning Over Potential Hostile Acts in Strait of Hormuz,0.0,Neutral
"Fri, 10 Jul 2026 07:00:00 GMT",Unknown,Strait of Hormuz: US presses Iran for public pledge to keep lanes open,0.0,Neutral
"Fri, 10 Jul 2026 07:00:00 GMT",Unknown,"Oman navigates diplomacy, law, and security to reopen Hormuz",0.0,Neutral
"Fri, 10 Jul 2026 07:00:00 GMT",Unknown,Gulf States Race to Build Hormuz Bypass Infrastructure,0.0,Neutral
"Fri, 10 Jul 2026 07:00:00 GMT",Unknown,Seafarers attacked in the Strait of Hormuz sue shipping company in Thailand,0.0,Neutral
"Fri, 10 Jul 2026 07:00:00 GMT",Unknown,US Says Iran Talks to Continue Despite Hormuz Skirmishes,0.0,Neutral
"Fri, 10 Jul 2026 07:00:00 GMT",Unknown,Clock ticking down on Iran’s Hormuz gamble,-0.16,Neutral
"Fri, 10 Jul 2026 07:00:00 GMT",Unknown,More LNG Carriers Brave the Strait of Hormuz Despite Renewed Hostilities,0.38,Positive
"Fri, 10 Jul 2026 07:00:00 GMT",Unknown,Strait of Hormuz deadlock could lead Trump into sporadic war with Iran,0.0,Neutral
"Fri, 10 Jul 2026 07:00:00 GMT",Unknown,Renewed Attacks on Strait of Hormuz Deepen Global Supply Chain Concerns,0.0,Neutral
"Fri, 10 Jul 2026 07:00:00 GMT",Unknown,Ships steer clear of Omani route through Strait of Hormuz as US-Iran deal collapses,0.1,Neutral
"Fri, 10 Jul 2026 07:00:00 GMT",Unknown,How the Hormuz crisis is reshaping global trade,0.0,Neutral
"Fri, 10 Jul 2026 07:00:00 GMT",Unknown,Iran Is Rushing Its Own Ships Through a Snarled Strait of Hormuz,0.6,Positive
"Fri, 10 Jul 2026 07:00:00 GMT",Unknown,Shipping through Strait of Hormuz declines as US-Iran hostilities resume,0.0,Neutral
"Fri, 10 Jul 2026 07:00:00 GMT",Unknown,Why Iran broke the ceasefire in the Strait of Hormuz and what might happen next – expert Q&A,0.0,Neutral
"Fri, 10 Jul 2026 07:00:00 GMT",Unknown,Is Iran Turning the Strait of Hormuz Into a Permanent Toll Gate?,0.2,Neutral
"Fri, 10 Jul 2026 07:00:00 GMT",Unknown,Oil Tankers Still Cross Hormuz on Oman Side Despite Flare Up,0.0,Neutral
"Fri, 10 Jul 2026 07:00:00 GMT",Unknown,US demands Iran issue public statement proclaiming Strait of Hormuz open — or else,0.0,Neutral
"Fri, 10 Jul 2026 07:00:00 GMT",Unknown,Strait of Hormuz in limbo as tankers seize every opening: Lloyd's List,0.0,Neutral
"Fri, 10 Jul 2026 07:00:00 GMT",Unknown,Thai court to consider damages sought by crew of ship attacked in Strait of Hormuz,0.0,Neutral
"Fri, 10 Jul 2026 07:00:00 GMT",Unknown,Hormuz war-risk rates surge again as ceasefire collapses,0.0,Neutral
"Fri, 10 Jul 2026 07:00:00 GMT",Unknown,IEA: Oil market recovery clouded as Hormuz ceasefire collapses,0.0,Neutral
"Fri, 10 Jul 2026 07:00:00 GMT",Unknown,Araghchi Visits Oman for Talks on Bilateral Relations and Strait of Hormuz,0.0,Neutral
"Fri, 10 Jul 2026 07:00:00 GMT",Unknown,Can Israel Help Prevent a ‘Hormuz 2.0’ in the Taiwan Strait?,0.0,Neutral
"Fri, 10 Jul 2026 07:00:00 GMT",Unknown,"Iran's biggest weapon against the US may be slipping away, experts say",-0.1,Neutral
"Fri, 10 Jul 2026 07:00:00 GMT",Unknown,US forces helped over 800 vessels transit Strait of Hormuz since May: CENTCOM,0.0,Neutral
"Fri, 10 Jul 2026 07:00:00 GMT",Unknown,Maritime threat level in Strait of Hormuz remains ‘severe’: UK maritime agency,0.0,Neutral
"Fri, 10 Jul 2026 07:00:00 GMT",Unknown,U.S. demands Iran declare Strait of Hormuz open to all ships,0.0,Neutral
"Thu, 09 Jul 2026 07:00:00 GMT",Unknown,Bank of America's No. 1 way to play the Strait of Hormuz closing again,0.0,Neutral
"Fri, 10 Jul 2026 07:00:00 GMT",Unknown,Who launched the latest airstrikes against Iran? Right now it's a mystery,0.39,Positive
"Fri, 10 Jul 2026 07:00:00 GMT",Unknown,Clashes in the Strait of Hormuz: Why Trump Can’t Get Out of the War in Iran,0.0,Neutral
"Thu, 09 Jul 2026 07:00:00 GMT",Unknown,Hormuz shipping grinds to near halt amid renewed U.S.-Iran strikes,0.1,Neutral
"Fri, 10 Jul 2026 07:00:00 GMT",Unknown,"More LNG, Japan-Linked Vessels Transit Hormuz Despite Renewed Mideast Tensions",0.5,Positive
"Fri, 10 Jul 2026 07:00:00 GMT",Unknown,Trump administration wants Iran to declare Strait of Hormuz is open,0.1,Neutral
"Fri, 10 Jul 2026 07:00:00 GMT",Unknown,Iran war: White House demands public statement on Strait of Hormuz,0.0,Neutral
"Sat, 11 Jul 2026 07:00:00 GMT",Unknown,What Is the Status of the Strait of Hormuz?,0.0,Neutral
"Sat, 11 Jul 2026 07:00:00 GMT",Unknown,The US and Iran can't agree on reopening Hormuz. The solution could be from the Old Testament,0.1,Neutral
"Sat, 11 Jul 2026 07:00:00 GMT",Unknown,Hormuz shipping in focus as Iran-US rhetoric heats up,0.0,Neutral
"Sat, 11 Jul 2026 07:00:00 GMT",Unknown,Fate of Strait of Hormuz challenges talks as Trump and Iran's supreme leader trade threats,0.0,Neutral
"Sat, 11 Jul 2026 07:00:00 GMT",Unknown,U.S. launches strikes against Iran,0.0,Neutral
"Sat, 11 Jul 2026 07:00:00 GMT",Unknown,US seeks free Hormuz access from Iran as talks focus on strait,0.4,Positive
"Sat, 11 Jul 2026 07:00:00 GMT",Unknown,"Aspiring to Regional Domination, Iran Is Ready to Escalate Over Hormuz",0.2,Neutral
"Sat, 11 Jul 2026 07:00:00 GMT",Unknown,Oman proposes new Strait of Hormuz shipping plan amid US-Iran talks,0.14,Neutral
"Sat, 11 Jul 2026 07:00:00 GMT",Unknown,"U.S. and Iran trade strikes after IRGC declares Strait of Hormuz ""closed""",-0.1,Neutral
"Sat, 11 Jul 2026 07:00:00 GMT",Unknown,Trump rejects Iran’s strait of Hormuz closure claim as fight for control goes on,0.0,Neutral
"Sat, 11 Jul 2026 07:00:00 GMT",Unknown,Europe considering proposals to allow navigation fees in strait of Hormuz,0.0,Neutral
"Sat, 11 Jul 2026 07:00:00 GMT",Unknown,Q&A: US War on Iran — Why Clashes Resumed in Strait of Hormuz…and What Happens Next,0.0,Neutral
"Sat, 11 Jul 2026 07:00:00 GMT",Unknown,"Qatari officials held talks with Iran, Oman to open Strait of Hormuz: Report",0.0,Neutral
"Sat, 11 Jul 2026 07:00:00 GMT",Unknown,US demands Iran stop attacks in Strait of Hormuz: Report,0.0,Neutral
"Sat, 11 Jul 2026 07:00:00 GMT",Unknown,"Iran attacks ship, announces Strait of Hormuz is closed — and US strikes back in response",-0.05,Neutral
"Sat, 11 Jul 2026 07:00:00 GMT",Unknown,U.S. and Iran trade airstrikes again amid conflicting claims over Strait of Hormuz,0.0,Neutral
"Sat, 11 Jul 2026 07:00:00 GMT",Unknown,"Exclusive: Syria, Iraq and US plan to unveil Mediterranean pipeline deal to bypass Strait of Hormuz",0.0,Neutral
"Sat, 11 Jul 2026 07:00:00 GMT",Unknown,Shafaq News..IRGC closes Strait of Hormuz after vessel interception,0.0,Neutral
"Sat, 11 Jul 2026 07:00:00 GMT",Unknown,US strikes Iran after Tehran says it closed Strait of Hormuz,0.0,Neutral
"Sat, 11 Jul 2026 07:00:00 GMT",Unknown,Iran holds crisis talks in Oman as US issues Strait of Hormuz demand,0.0,Neutral
"Sat, 11 Jul 2026 07:00:00 GMT",Unknown,US unloads military might on Iran after Tehran closes Strait of Hormuz — striking 140 targets: ‘Now they pay’,0.2,Neutral
"Sat, 11 Jul 2026 07:00:00 GMT",Unknown,Iran declares Strait of Hormuz closed,-0.1,Neutral
"Sat, 11 Jul 2026 07:00:00 GMT",Unknown,"Iran says it hit vessel in Strait of Hormuz, declares route closed; U.S. announces retaliatory strikes",-0.1,Neutral
"Sat, 11 Jul 2026 07:00:00 GMT",Unknown,"Publicly declare Strait of Hormuz open, won't attack ships: U.S. demand to Iran",0.0,Neutral
"Sat, 11 Jul 2026 07:00:00 GMT",Unknown,U.S. seeks public pledge from Iran to free up Strait of Hormuz,0.2,Neutral
"Sat, 11 Jul 2026 07:00:00 GMT",Unknown,How Iran and the Hormuz crisis pose a strategic test for NATO,0.0,Neutral
"Sat, 11 Jul 2026 07:00:00 GMT",Unknown,"How To End The Tussle Over Hormuz Strait: Is Britain, Oman Floating A Not So Straight Proposal",0.13,Neutral
"Sat, 11 Jul 2026 07:00:00 GMT",Unknown,US attacks Iran over ship being hit in Strait of Hormuz; Tehran lashes out again at Gulf Arab states,0.0,Neutral
"Sat, 11 Jul 2026 07:00:00 GMT",Unknown,The US launches more strikes on Iran as the standoff over the Strait of Hormuz escalates,0.5,Positive
"Sat, 11 Jul 2026 07:00:00 GMT",Unknown,U.S. military says it is striking Iran in response to attack on civilian vessel in Strait of Hormuz,0.2,Neutral
"Sat, 11 Jul 2026 07:00:00 GMT",Unknown,"Syria, Iraq, US reportedly eye pipeline to bypass Hormuz",0.0,Neutral
"Sat, 11 Jul 2026 07:00:00 GMT",Unknown,The US was overconfident before the war. Iran may be overconfident now.,0.0,Neutral
"Fri, 10 Jul 2026 07:00:00 GMT",Unknown,US issues fresh Iran-related sanctions as conflict flares,0.3,Positive
"Sat, 11 Jul 2026 07:00:00 GMT",Unknown,US conducting strikes near Strait of Hormuz,0.1,Neutral
"Sat, 11 Jul 2026 07:00:00 GMT",Unknown,"US demanding Iran publicly vow to stop attacks in Hormuz, say it won’t impose tolls",0.0,Neutral
"Fri, 10 Jul 2026 07:00:00 GMT",Unknown,"Trump Says US Agreed to Iran's Request to Continue Talks, but Ceasefire Is Over",0.0,Neutral
"Sat, 11 Jul 2026 07:00:00 GMT",Unknown,Qatar joins Iran-Oman talks on reopening Strait of Hormuz passage,0.0,Neutral
"Fri, 10 Jul 2026 07:00:00 GMT",Unknown,Sinokor Oil Tankers Wait Near Saudi Arabia as Iran War Reignites,0.1,Neutral
"Fri, 10 Jul 2026 07:00:00 GMT",Unknown,"Countries Must Reject Iran Efforts to Control Hormuz, UN Agency Document Says",0.0,Neutral
"Fri, 10 Jul 2026 07:00:00 GMT",Unknown,The Moment Hormuz Became Everyone’s Problem,0.0,Neutral
"Sat, 11 Jul 2026 07:00:00 GMT",Unknown,US attacks Iran over ship being hit in Strait of Hormuz; Tehran responds by hitting Gulf Arab states,0.0,Neutral
"Sat, 11 Jul 2026 07:00:00 GMT",Unknown,U.S. launches more strikes on Iran after commercial ship struck in Strait of Hormuz,0.25,Positive
"Fri, 10 Jul 2026 07:00:00 GMT",Unknown,Dark Transits of Hormuz and Spoofing Increase as Ships Avoid Omani Route,-0.15,Neutral
"Sat, 11 Jul 2026 07:00:00 GMT",Unknown,"Live Updates: Latest from Israel, Iran, and Middle East",0.21,Positive
"Sat, 11 Jul 2026 07:00:00 GMT",Unknown,U.S Asks Iran To Issue Public Statement Declaring Strait Of Hormuz Open & Ships Won’t Be Attacked,0.0,Neutral
"Sat, 11 Jul 2026 07:00:00 GMT",Unknown,US military says it is striking Iran in response to attack on civilian vessel in Strait of Hormuz,0.2,Neutral
"Sat, 11 Jul 2026 07:00:00 GMT",Unknown,US Gives Iran Saturday Ultimatum to Halt Hormuz Shipping Attacks,0.0,Neutral
"Fri, 10 Jul 2026 07:00:00 GMT",Unknown,Oman Tells Western Allies That Ships Crossing Hormuz Will Have To Pay Service Fees,0.0,Neutral
"Fri, 10 Jul 2026 07:00:00 GMT",Unknown,Oil Market Recovery Hinges on Hormuz Stability as IEA Warns Renewed Fighting Clouds Outlook,0.0,Neutral
"Fri, 10 Jul 2026 07:00:00 GMT",Unknown,"LARRY KUDLOW: America’s Central Command, not Iran, controls the Strait of Hormuz",0.0,Neutral
"Sat, 11 Jul 2026 07:00:00 GMT",Unknown,IMO Warns Ships to Avoid Strait of Hormuz After U.S. Strikes Iran,0.0,Neutral
"Sat, 11 Jul 2026 07:00:00 GMT",Unknown,US Seeks Free Hormuz Access From Iran as Talks Focus on Strait,0.4,Positive
"Sat, 11 Jul 2026 07:00:00 GMT",Unknown,"Oman gave Iran proposal to manage Hormuz traffic through two separately controlled routes, source tells CNN",0.0,Neutral
"Sat, 11 Jul 2026 07:00:00 GMT",Unknown,Iran says Strait of Hormuz closed until further notice,-0.01,Neutral
"Fri, 10 Jul 2026 07:00:00 GMT",Unknown,"Oil Steady As Threat Level In Hormuz Remains ""Severe""",0.17,Neutral
"Sun, 12 Jul 2026 07:00:00 GMT",Unknown,How Trump Failed to Secure the Strait of Hormuz in His Iran Deal,-0.01,Neutral
"Sun, 12 Jul 2026 07:00:00 GMT",Unknown,Iran war: US claims Strait of Hormuz is 'open' amid strikes,0.0,Neutral
"Sun, 12 Jul 2026 07:00:00 GMT",Unknown,"Iran closes Strait of Hormuz, US launches third round of strikes",-0.1,Neutral
"Sun, 12 Jul 2026 07:00:00 GMT",Unknown,US military says 'traffic is flowing' through Strait of Hormuz despite Iran's claims,-0.1,Neutral
"Sun, 12 Jul 2026 07:00:00 GMT",Unknown,U.S. launches more strikes on Iran as the standoff over the Strait of Hormuz escalates,0.5,Positive
"Sun, 12 Jul 2026 07:00:00 GMT",Unknown,"Brent oil jumps more than 9%, biggest daily gain since 2020, after Trump reinstates Iran blockade",0.25,Positive
"Sun, 12 Jul 2026 07:00:00 GMT",Unknown,Is The Strait of Hormuz Open? What We Know After Latest Strikes,0.25,Positive
"Sun, 12 Jul 2026 07:00:00 GMT",Unknown,UN chief urges Iran and US to ‘urgently resume negotiations’ as Gulf strikes escalate,0.0,Neutral
"Sun, 12 Jul 2026 07:00:00 GMT",Unknown,"Iran expands attacks on Gulf states after US strikes, says Strait of Hormuz closed",-0.1,Neutral
"Sun, 12 Jul 2026 07:00:00 GMT",Unknown,"Iran attacks five Gulf nations, shuts Hormuz after US bombing: All to know",0.0,Neutral
"Sun, 12 Jul 2026 07:00:00 GMT",Unknown,"Iran closes Hormuz, attacks Gulf states as US says strait remains open",0.0,Neutral
"Sun, 12 Jul 2026 07:00:00 GMT",Unknown,"US conducts strikes on Iran missile systems around Strait of Hormuz, Axios reports",0.0,Neutral
"Sun, 12 Jul 2026 07:00:00 GMT",Unknown,"US forces ready to ensure navigation in Strait of Hormuz, Central Command says",0.1,Neutral
"Sun, 12 Jul 2026 07:00:00 GMT",Unknown,Beyond Claims in the Strait of Hormuz,0.0,Neutral
"Sun, 12 Jul 2026 07:00:00 GMT",Unknown,A timeline of the Iran conflict and talks aimed at ending it,0.0,Neutral
"Sun, 12 Jul 2026 07:00:00 GMT",Unknown,IRGC closes Strait of Hormuz until end of US interference in region,0.0,Neutral
"Sun, 12 Jul 2026 07:00:00 GMT",Unknown,IRGC Navy Declares Closure of Hormuz Strait,0.0,Neutral
"Sun, 12 Jul 2026 07:00:00 GMT",Unknown,U.S. launches strikes after Iran fires on ship in Strait of Hormuz,0.0,Neutral
"Sat, 11 Jul 2026 07:00:00 GMT",Unknown,U.S. launches new strikes on Iran and Tehran attacks U.S. allies in the Gulf,0.14,Neutral
"Sun, 12 Jul 2026 07:00:00 GMT",Unknown,Rising tempo of combat in battle for Hormuz tests market's confidence that the worst is over on Iran,-1.0,Negative
"Sun, 12 Jul 2026 07:00:00 GMT",Unknown,"Hormuz route open despite Iran declaration, maritime group says",0.0,Neutral
"Sun, 12 Jul 2026 07:00:00 GMT",Unknown,Oman Proposes Two-Corridor Navigation Scheme for Strait of Hormuz,0.0,Neutral
"Sun, 12 Jul 2026 07:00:00 GMT",Unknown,U.S. launches new strikes on Iran after Strait of Hormuz attack,0.14,Neutral
"Sun, 12 Jul 2026 07:00:00 GMT",Unknown,"Iran, Oman continue discussions on safe shipping through Hormuz",0.5,Positive
"Sun, 12 Jul 2026 07:00:00 GMT",Unknown,U.S. and Iran trade strikes and conflicting claims about the Strait of Hormuz,0.0,Neutral
"Sat, 11 Jul 2026 07:00:00 GMT",Unknown,American officials: US insists Iran commit to stopping Strait of Hormuz attacks,0.0,Neutral
"Sun, 12 Jul 2026 07:00:00 GMT",Unknown,"US and Iran vie for Strait of Hormuz, waterway key to global energy supplies, in latest attacks",0.17,Neutral
"Sun, 12 Jul 2026 07:00:00 GMT",Unknown,Trump’s time is running out to avoid a nightmare Strait of Hormuz scenario,0.0,Neutral
"Sun, 12 Jul 2026 07:00:00 GMT",Unknown,"Strait of Hormuz open to commercial traffic, US President Donald Trump says",0.0,Neutral
"Sun, 12 Jul 2026 07:00:00 GMT",Unknown,U.S. and Iran Release Mixed Messages on Strait of Hormuz Closure,0.0,Neutral
"Sun, 12 Jul 2026 07:00:00 GMT",Unknown,Iran’s Revolutionary Guard Navy announces closure of Strait of Hormuz until further notice,0.0,Neutral
"Sun, 12 Jul 2026 07:00:00 GMT",Unknown,"Strait of Hormuz closed, strikes continue in war with Iran",-0.1,Neutral
"Sat, 11 Jul 2026 07:00:00 GMT",Unknown,"US tells Iran: Declare Strait of Hormuz open, halt ship attacks",0.0,Neutral
"Sun, 12 Jul 2026 07:00:00 GMT",Unknown,Trump says Strait of Hormuz open to commercial traffic,0.0,Neutral
"Sun, 12 Jul 2026 07:00:00 GMT",Unknown,"After Iran Says Strait of Hormuz Is Closed Again, Oil’s Risk to Economy Rises Once More",0.2,Neutral
"Sun, 12 Jul 2026 07:00:00 GMT",Unknown,US launches new strikes as Iran claims that Strait of Hormuz is closed,0.02,Neutral
"Sun, 12 Jul 2026 07:00:00 GMT",Unknown,"Iranian, Omani FMs discuss arrangements for safe passage ​through Hormuz Strait",0.5,Positive
"Sun, 12 Jul 2026 07:00:00 GMT",Unknown,U.S. Renews Iran Strikes as Both Sides Dispute Hormuz Status,0.0,Neutral
"Sun, 12 Jul 2026 07:00:00 GMT",Unknown,Greek tanker exits Gulf as Strait of Hormuz transits crash to five-week low,0.0,Neutral
"Sat, 11 Jul 2026 07:00:00 GMT",Unknown,U.S. Strikes Iran After Iran Fires on Ship in Strait of Hormuz,0.14,Neutral
"Sun, 12 Jul 2026 07:00:00 GMT",Unknown,US attacks Iran over ship being hit in Strait of Hormuz,0.0,Neutral
"Sun, 12 Jul 2026 07:00:00 GMT",Unknown,Trump renews Iran blockade and again threatens to take control of strait of Hormuz | US-Israel war on Iran,0.0,Neutral
"Sun, 12 Jul 2026 07:00:00 GMT",Unknown,"US strikes Iran again, after IRGC attacks ship in Hormuz and declares strait closed",-0.1,Neutral
"Sun, 12 Jul 2026 07:00:00 GMT",Unknown,Iran declares Strait of Hormuz closed as ‘unauthorized’ vessel hit,-0.1,Neutral
"Sun, 12 Jul 2026 07:00:00 GMT",Unknown,Iran launches attacks on Gulf states amid heaviest U.S. strikes in months,0.0,Neutral
"Sun, 12 Jul 2026 07:00:00 GMT",Unknown,US and Iran continue strikes as Gulf states targeted in flare-up over Hormuz,0.0,Neutral
"Sun, 12 Jul 2026 07:00:00 GMT",Unknown,US launches new strikes on Iran in battle over Strait of Hormuz,0.09,Neutral
"Sun, 12 Jul 2026 07:00:00 GMT",Unknown,Iran war: Strait of Hormuz closed by Iran following US military air strikes,-0.07,Neutral
"Sun, 12 Jul 2026 07:00:00 GMT",Unknown,US and Iran each assert they control the Strait of Hormuz after another heavy exchange of fire,-0.2,Neutral
"Sun, 12 Jul 2026 07:00:00 GMT",Unknown,Iran's elite fears losing Strait of Hormuz if Israel joins IMEC project,0.0,Neutral
"Sun, 12 Jul 2026 07:00:00 GMT",Unknown,"After Ceasefire Talks Collapse, Iran Attacks Boxship and Shuts Down Hormuz",-0.16,Neutral
"Sun, 12 Jul 2026 07:00:00 GMT",Unknown,"US, Iran exchange new round of strikes after Hormuz ship attack",-0.03,Neutral
"Sat, 11 Jul 2026 07:00:00 GMT",Unknown,Iran war: what is happening in the Strait of Hormuz?,0.0,Neutral
"Sun, 12 Jul 2026 07:00:00 GMT",Unknown,"US, Iran exchange fresh strikes amid Hormuz disputes; US unfreezing Iranian assets, easing sanctions may create room for further talks, says expert",0.12,Neutral
"Sun, 12 Jul 2026 07:00:00 GMT",Unknown,US launches new strikes on Iran as Strait of Hormuz traffic halts,0.14,Neutral
"Sun, 12 Jul 2026 07:00:00 GMT",Unknown,Iran adviser says Hormuz ‘more important’ than nuclear bombs,0.45,Positive
"Sun, 12 Jul 2026 07:00:00 GMT",Unknown,Iran in Charge of Navigation in Strait of Hormuz: Army Spokesman,0.0,Neutral
"Sun, 12 Jul 2026 07:00:00 GMT",Unknown,‘Traffic is flowing’: US insists Strait of Hormuz is open to all after Iran claimed to close it,0.0,Neutral
"Sun, 12 Jul 2026 07:00:00 GMT",Unknown,US forces launch new strikes on Iran; Tehran closes Strait of Hormuz,0.14,Neutral
"Sun, 12 Jul 2026 07:00:00 GMT",Unknown,"U.S. strikes Iran, Iran closes Strait of Hormuz",0.0,Neutral
"Sun, 12 Jul 2026 07:00:00 GMT",Unknown,Iran Guards say struck second vessel in Strait of Hormuz – state media,0.0,Neutral
"Sun, 12 Jul 2026 07:00:00 GMT",Unknown,"U.S. strikes Iran, Tehran hits Gulf states, says Strait of Hormuz closed",-0.1,Neutral
"Sun, 12 Jul 2026 07:00:00 GMT",Unknown,'Traffic is flowing': US says Strait of Hormuz 'open to all' amid Iran's closure claim,0.0,Neutral
"Sun, 12 Jul 2026 07:00:00 GMT",Unknown,PGSA Announces Halt to Traffic through Strait of Hormuz,0.0,Neutral
"Sun, 12 Jul 2026 07:00:00 GMT",Unknown,Iran’s IRGC navy says Strait of Hormuz closed until further notice,-0.05,Neutral
"Sun, 12 Jul 2026 07:00:00 GMT",Unknown,Maritime center says southern Strait of Hormuz route remains open,-0.03,Neutral
"Sun, 12 Jul 2026 07:00:00 GMT",Unknown,"Hormuz Route Open Despite Iran Declaration, Maritime Group Says",0.0,Neutral
"Sun, 12 Jul 2026 07:00:00 GMT",Unknown,"US strikes in Iran, after IRGC attacks ship in Hormuz and declares strait closed ‘until further notice’",-0.05,Neutral
"Sun, 12 Jul 2026 07:00:00 GMT",Unknown,US launches fresh strikes on Iran following attack on vessel in Hormuz strait,0.15,Neutral
"Mon, 13 Jul 2026 07:00:00 GMT",Unknown,FACT FOCUS: A look at US and Iranian claims of control over the Strait of Hormuz,0.0,Neutral
"Mon, 13 Jul 2026 07:00:00 GMT",Unknown,Strait of Hormuz: UN agencies call for diplomacy to end attacks,0.0,Neutral
"Mon, 13 Jul 2026 07:00:00 GMT",Unknown,The U.S.-Iran MOU and the Future of Maritime Shipping Through the Strait of Hormuz,0.0,Neutral
"Mon, 13 Jul 2026 07:00:00 GMT",Unknown,The U.S. strikes Iran after Trump announces a renewed blockade and tolls in Hormuz,0.0,Neutral
"Mon, 13 Jul 2026 07:00:00 GMT",Unknown,"Iran attacks on tankers in Strait of Hormuz kill and injure crewmembers, UAE says",0.0,Neutral
"Mon, 13 Jul 2026 07:00:00 GMT",Unknown,Trump’s Threat to Impose Fees in the Strait of Hormuz Contradicts His Aides,0.14,Neutral
"Mon, 13 Jul 2026 07:00:00 GMT",Unknown,"Hormuz traffic slows to two-month low as renewed US, Iran strikes raise safety risk",0.0,Neutral
"Mon, 13 Jul 2026 07:00:00 GMT",Unknown,Trump Insists U.S. Should 'Run' the Strait of Hormuz and Get Paid For It,0.0,Neutral
"Mon, 13 Jul 2026 07:00:00 GMT",Unknown,"US to take over Strait of Hormuz, charge 20 percent fee for cargo shipped through, Trump says",0.0,Neutral
"Mon, 13 Jul 2026 07:00:00 GMT",Unknown,U.S. says more than 8 million barrels of oil transited Hormuz Sunday with military assistance,0.2,Neutral
"Mon, 13 Jul 2026 07:00:00 GMT",Unknown,Trump's Strait of Hormuz blockade erases the last concession to Iran in preliminary deal,0.17,Neutral
"Mon, 13 Jul 2026 07:00:00 GMT",Unknown,Opinion | Iran war is no longer a contest over just the Strait of Hormuz,0.0,Neutral
"Mon, 13 Jul 2026 07:00:00 GMT",Unknown,Iran retains its hold on Hormuz,0.0,Neutral
"Mon, 13 Jul 2026 07:00:00 GMT",Unknown,Trump says US will become ‘guardian’ of Strait of Hormuz and collect tolls,0.0,Neutral
"Mon, 13 Jul 2026 07:00:00 GMT",Unknown,Why it’s so difficult for the US to fully reopen the Strait of Hormuz,-0.5,Negative
"Mon, 13 Jul 2026 07:00:00 GMT",Unknown,Trump’s Strait of Hormuz Fee Could Double the Cost of Shipping,0.05,Neutral
"Mon, 13 Jul 2026 07:00:00 GMT",Unknown,UN maritime agency opposes Hormuz transit fees after Trump demands protection money,0.0,Neutral
"Mon, 13 Jul 2026 07:00:00 GMT",Unknown,COMMENTARY: Oil traders call Trump's Hormuz bluff at their peril,0.0,Neutral
"Mon, 13 Jul 2026 07:00:00 GMT",Unknown,"US, Iran claim control of Strait of Hormuz after weekend strikes",0.0,Neutral
"Mon, 13 Jul 2026 07:00:00 GMT",Unknown,U.S. to impose 20% toll in Strait of Hormuz,0.0,Neutral
"Mon, 13 Jul 2026 07:00:00 GMT",Unknown,Iran mocks Trump's reversal on Hormuz charges — '20% is of course too much. We will be fair',0.45,Positive
"Mon, 13 Jul 2026 07:00:00 GMT",Unknown,Trump proposes 20% toll on cargo through Strait of Hormuz; restarts Iran blockade,0.0,Neutral
"Mon, 13 Jul 2026 07:00:00 GMT",Unknown,"Trump reinstates naval blockade, declares US 'Guardian of the Hormuz Strait'",0.0,Neutral
"Mon, 13 Jul 2026 07:00:00 GMT",Unknown,Strait of Hormuz traffic lowest in 5 weeks,0.0,Neutral
"Mon, 13 Jul 2026 07:00:00 GMT",Unknown,The battle over the Strait of Hormuz is now a battle over perception,0.0,Neutral
"Mon, 13 Jul 2026 07:00:00 GMT",Unknown,U.S. launches strikes on Iran for second straight night,0.1,Neutral
"Mon, 13 Jul 2026 07:00:00 GMT",Unknown,Trump Says He’s Taking Over Strait of Hormuz and Imposing Massive Fee,0.0,Neutral
"Mon, 13 Jul 2026 07:00:00 GMT",Unknown,"Oil prices rise as US prepares to reinstate Hormuz strait blockade, charge 20% 'on all cargo shipped'",0.0,Neutral
"Mon, 13 Jul 2026 07:00:00 GMT",Unknown,Trump’s Hormuz Demand Implies Fee of $30 Million Per Supertanker,0.0,Neutral
"Mon, 13 Jul 2026 07:00:00 GMT",Unknown,U.S. and Iran exchange strikes as Strait of Hormuz standoff escalates,0.0,Neutral
"Mon, 13 Jul 2026 07:00:00 GMT",Unknown,US launches new strikes as Iran shuts Strait of Hormuz ​,0.14,Neutral
"Mon, 13 Jul 2026 07:00:00 GMT",Unknown,Iran war: Trump reinstates US blockade of Strait of Hormuz,0.0,Neutral
"Mon, 13 Jul 2026 07:00:00 GMT",Unknown,Trump's Hormuz toll plans bring oil supply risks back in spotlight,0.0,Neutral
"Mon, 13 Jul 2026 07:00:00 GMT",Unknown,Container ship attacked in Strait of Hormuz as Iran widens war,0.0,Neutral
"Mon, 13 Jul 2026 07:00:00 GMT",Unknown,"UN shipping agency opposes fees for any strait, after Trump plans Hormuz charge",0.0,Neutral
"Mon, 13 Jul 2026 07:00:00 GMT",Unknown,"Trump to restore Iran blockade, charge fees for Strait of Hormuz shipping",0.0,Neutral
"Mon, 13 Jul 2026 07:00:00 GMT",Unknown,Ships Pass Through Hormuz in Secret as US and Iran Trade Strikes,-0.4,Negative
"Mon, 13 Jul 2026 07:00:00 GMT",Unknown,"U.S.-Iran strikes escalate over the Strait of Hormuz, threatening to collapse ceasefire",0.0,Neutral
"Mon, 13 Jul 2026 07:00:00 GMT",Unknown,Oil surges more than 9% after Trump reimposes Iran blockade,0.5,Positive
"Mon, 13 Jul 2026 07:00:00 GMT",Unknown,"US and Iran Vie for Strait of Hormuz, Waterway Key to Global Energy Supplies, in Latest Attacks",0.17,Neutral
"Mon, 13 Jul 2026 07:00:00 GMT",Unknown,"Oil prices rise as U.S. launches new Iran airstrikes, while Trump abandons Strait of Hormuz fee",0.14,Neutral
"Mon, 13 Jul 2026 07:00:00 GMT",Unknown,China urges reopening of Strait of Hormuz as Iran and U.S. exchange strikes,0.0,Neutral
"Mon, 13 Jul 2026 07:00:00 GMT",Unknown,UN chief urges US-Iran talks as Strait of Hormuz hostilities escalate,0.0,Neutral
"Mon, 13 Jul 2026 07:00:00 GMT",Unknown,Strait of Hormuz Tanker Traffic Falls to Five-Week Low,-0.23,Negative
"Mon, 13 Jul 2026 07:00:00 GMT",Unknown,United States Seeks 20% Hormuz Cargo Fee as Oil Prices Surge,0.0,Neutral
"Mon, 13 Jul 2026 07:00:00 GMT",Unknown,"US and Iran Trade Fresh Strikes, Dispute Whether Hormuz Is Open",0.15,Neutral
"Mon, 13 Jul 2026 07:00:00 GMT",Unknown,Watch Ships Transit the Strait of Hormuz in Secret as US-Iran Attacks Continue,-0.4,Negative
"Mon, 13 Jul 2026 07:00:00 GMT",Unknown,Iran says won’t allow US to 'interfere' in Strait of Hormuz management,0.0,Neutral
"Mon, 13 Jul 2026 07:00:00 GMT",Unknown,"Trump reimposes Hormuz blockade, Yemen’s Houthis strike Saudi Arabia",0.0,Neutral
"Mon, 13 Jul 2026 07:00:00 GMT",Unknown,Commercial ship traffic through Strait of Hormuz falls back to near-record lows,0.0,Neutral
"Mon, 13 Jul 2026 07:00:00 GMT",Unknown,U.S. announces more strikes on Iran over Strait of Hormuz,0.5,Positive
"Mon, 13 Jul 2026 07:00:00 GMT",Unknown,Traffic via Strait of Hormuz falls to 11 ships July 12 after US-Iran attacks,0.0,Neutral
"Mon, 13 Jul 2026 07:00:00 GMT",Unknown,"“Iran Is Not Going to Capitulate”: Jeremy Scahill on Renewed War, Strait of Hormuz & More",0.56,Positive
"Mon, 13 Jul 2026 07:00:00 GMT",Unknown,U.S. and Iran both say they control the Strait of Hormuz amid attacks threatening all-out war,0.0,Neutral
"Mon, 13 Jul 2026 07:00:00 GMT",Unknown,Trump Says US Will Blockade Iran in the Strait of Hormuz and Will Charge Ships for Safe Passage,0.5,Positive
"Mon, 13 Jul 2026 07:00:00 GMT",Unknown,"UAE plans to build new ports, oil hubs in Gulf of Oman to bypass Strait of Hormuz closure",0.14,Neutral
"Mon, 13 Jul 2026 07:00:00 GMT",Unknown,"Trump threatens Iran with US takeover, tolling in Strait of Hormuz | Daily Sabah",0.0,Neutral
"Mon, 13 Jul 2026 07:00:00 GMT",Unknown,Trump wants Gulf countries on the hook for Strait of Hormuz ‘protection’,0.2,Neutral
"Mon, 13 Jul 2026 07:00:00 GMT",Unknown,"Trump reimposes blockade on Strait of Hormuz, declares 20 percent US toll on shipping",0.0,Neutral
"Mon, 13 Jul 2026 07:00:00 GMT",Unknown,Oil prices jump as US and Iran trade attacks over Strait of Hormuz,0.0,Neutral
"Mon, 13 Jul 2026 07:00:00 GMT",Unknown,U.S. military to enforce new Iran blockade starting 4pm Tuesday,0.01,Neutral
"Mon, 13 Jul 2026 07:00:00 GMT",Unknown,"Both sides not willing to back down over Strait of Hormuz, Iran will not give in, expert says",-0.09,Neutral
"Mon, 13 Jul 2026 07:00:00 GMT",Unknown,U.S. begins new Iran strikes after Trump says ships will be charged to use the Strait of Hormuz,0.14,Neutral
"Mon, 13 Jul 2026 07:00:00 GMT",Unknown,Why US won’t win with force alone in the Strait of Hormuz,0.8,Positive
"Mon, 13 Jul 2026 07:00:00 GMT",Unknown,"Trump says US reinstates Iran blockade, will be 'paid' for guarding Hormuz",0.0,Neutral
"Mon, 13 Jul 2026 07:00:00 GMT",Unknown,Ships Transit Hormuz in Secret as US and Iran Trade Strikes,-0.4,Negative
"Mon, 13 Jul 2026 07:00:00 GMT",Unknown,"US, Iran exchange attacks around Strait of Hormuz",0.0,Neutral
"Mon, 13 Jul 2026 07:00:00 GMT",Unknown,Trump says US attacking Iran capabilities related to Strait of Hormuz,0.0,Neutral
"Mon, 13 Jul 2026 07:00:00 GMT",Unknown,Iran fires at two ships on the Strait of Hormuz as traffic sinks to lowest in 5 weeks,-0.1,Neutral
"Mon, 13 Jul 2026 07:00:00 GMT",Unknown,US launches third night of strikes on Iran as Trump announces Hormuz blockade,0.0,Neutral
"Mon, 13 Jul 2026 07:00:00 GMT",Unknown,"News Box ship attacked, Hormuz shut again, Middle East rates sail past pandemic peak",-0.12,Neutral
"Mon, 13 Jul 2026 07:00:00 GMT",Unknown,Oil prices leap and stocks fall as Trump reinstates Hormuz blockade on Iranian shipping,0.0,Neutral
"Mon, 13 Jul 2026 07:00:00 GMT",Unknown,Trump reimposes US blockade and demands 20% Hormuz shipping fee,0.0,Neutral
"Mon, 13 Jul 2026 07:00:00 GMT",Unknown,"CNBC Daily Open: Hormuz toll threats, Mideast tensions keep investors on edge",0.0,Neutral
"Mon, 13 Jul 2026 07:00:00 GMT",Unknown,"Trump Reinstates Iran Blockade, Declares U.S. 'Guardian of Hormuz,' And Calls for 20% Cargo Fee",0.0,Neutral
"Mon, 13 Jul 2026 07:00:00 GMT",Unknown,President Trump to Impose Strait of Hormuz Blockade and Tolls,0.0,Neutral
"Mon, 13 Jul 2026 07:00:00 GMT",Unknown,"DP World plans UAE east coast port to bypass Strait of Hormuz, FT reports",0.0,Neutral
"Mon, 13 Jul 2026 07:00:00 GMT",Unknown,IRGC: U.S. Will Not Be Allowed to Manage the Strait of Hormuz,0.0,Neutral
"Mon, 13 Jul 2026 07:00:00 GMT",Unknown,Iran military warns US against Strait of Hormuz ‘interference’,-0.1,Neutral
"Mon, 13 Jul 2026 07:00:00 GMT",Unknown,Energy markets brace for prolonged Strait of Hormuz disruption,0.0,Neutral
"Mon, 13 Jul 2026 07:00:00 GMT",Unknown,Trump seeks 20% kickback from Hormuz trade,0.0,Neutral
"Mon, 13 Jul 2026 07:00:00 GMT",Unknown,"Oil climbs after US strikes Iran, Trump vows to control Strait of Hormuz",0.0,Neutral
"Mon, 13 Jul 2026 07:00:00 GMT",Unknown,Trump’s Latest Iran Escalation Comes With a Corrupt New Twist,0.05,Neutral
"Mon, 13 Jul 2026 07:00:00 GMT",Unknown,Trump suggests U.S. take over Strait of Hormuz and get paid for it,0.0,Neutral
"Tue, 14 Jul 2026 07:00:00 GMT",Unknown,Iran war: What is the Strait of Hormuz and why does it matter?,0.0,Neutral
"Tue, 14 Jul 2026 07:00:00 GMT",Unknown,Trump backs away from plans to charge fees in the Strait of Hormuz,0.0,Neutral
"Tue, 14 Jul 2026 07:00:00 GMT",Unknown,Why Iran shut the Strait of Hormuz after decades of holding back,0.0,Neutral
"Tue, 14 Jul 2026 07:00:00 GMT",Unknown,Trump backtracks on Hormuz 20% toll demand,0.0,Neutral
"Tue, 14 Jul 2026 07:00:00 GMT",Unknown,Trump backtracks on 20% Strait of Hormuz tolls that violate maritime law and risked oil shock,0.0,Neutral
"Tue, 14 Jul 2026 07:00:00 GMT",Unknown,Oil prices hit a one-month high after ceasefire collapse,0.16,Neutral
"Tue, 14 Jul 2026 07:00:00 GMT",Unknown,Who Really Controls the Strait of Hormuz?,0.2,Neutral
"Tue, 14 Jul 2026 07:00:00 GMT",Unknown,Trump backtracks on plan to charge 20 percent fee for ships traveling through Strait of Hormuz,0.0,Neutral
"Tue, 14 Jul 2026 07:00:00 GMT",Unknown,‘Cycle of escalation must end’: UN condemns deadly Strait of Hormuz attacks,-0.2,Neutral
"Tue, 14 Jul 2026 07:00:00 GMT",Unknown,The U.S. is back to blockading Iran as the Strait of Hormuz standoff escalates,0.0,Neutral
"Tue, 14 Jul 2026 07:00:00 GMT",Unknown,The push to bypass the Strait of Hormuz,0.0,Neutral
"Tue, 14 Jul 2026 07:00:00 GMT",Unknown,US reimposes its blockade on Iran after Tehran’s attacks on ships in the Strait of Hormuz,0.0,Neutral
"Tue, 14 Jul 2026 07:00:00 GMT",Unknown,"Trump's Strait of Hormuz fee would have cost millions, opened ""a very dangerous Pandora's Box,"" experts say",-0.78,Negative
"Tue, 14 Jul 2026 07:00:00 GMT",Unknown,"Trump Reverses 20% Strait of Hormuz Toll, as U.S. Restarts Blockade of Iran’s Ports",0.0,Neutral
"Tue, 14 Jul 2026 07:00:00 GMT",Unknown,What to Know About Trump’s Canceled Plan to Charge a Toll in the Strait of Hormuz,0.14,Neutral
"Tue, 14 Jul 2026 07:00:00 GMT",Unknown,Trump pivots from 20 percent Strait of Hormuz fee amid Iran war escalation,0.0,Neutral
"Tue, 14 Jul 2026 07:00:00 GMT",Unknown,"The Southern Route Through Hormuz Is No Longer Safe, Regardless of What Trump Says",0.25,Positive
"Tue, 14 Jul 2026 07:00:00 GMT",Unknown,"‘Ridiculously high’: Trump’s Hormuz toll would send energy prices skyrocketing, analysts warn",0.16,Neutral
"Tue, 14 Jul 2026 07:00:00 GMT",Unknown,First Thing: Trump threatens to impose US tolls on Hormuz shipping as strikes on Iran continue,0.25,Positive
"Tue, 14 Jul 2026 07:00:00 GMT",Unknown,Straight talk about Hormuz,0.33,Positive
"Tue, 14 Jul 2026 07:00:00 GMT",Unknown,Iran-linked vessels pass through Hormuz ahead of US blockade,0.0,Neutral
"Tue, 14 Jul 2026 07:00:00 GMT",Unknown,"UAE says Iranian missiles struck oil tankers in Strait of Hormuz, one sailor killed",-0.2,Neutral
"Tue, 14 Jul 2026 07:00:00 GMT",Unknown,Lyse Doucet: Strait of Hormuz remains the fault line as the Iran and US drift back into war,0.0,Neutral
"Tue, 14 Jul 2026 07:00:00 GMT",Unknown,US reinstates Iranian blockade in the Strait of Hormuz amid ongoing strikes,0.0,Neutral
"Tue, 14 Jul 2026 07:00:00 GMT",Unknown,Inside the 24-hour sprint to convince Trump to drop his plans to toll Strait of Hormuz,0.0,Neutral
"Tue, 14 Jul 2026 07:00:00 GMT",Unknown,WATCH: Trump says he's reversing course on Strait of Hormuz fees because Gulf states will invest in U.S.,0.0,Neutral
"Tue, 14 Jul 2026 07:00:00 GMT",Unknown,CNBC Daily Open: The Hormuz blockade is back and Trump is tolling,0.0,Neutral
"Tue, 14 Jul 2026 07:00:00 GMT",Unknown,‘Piracy’: Will Trump’s 20 percent Hormuz toll find takers?,0.0,Neutral
"Tue, 14 Jul 2026 07:00:00 GMT",Unknown,EXPLAINER,0.0,Neutral
"Tue, 14 Jul 2026 07:00:00 GMT",Unknown,Is Hormuz open? Trump's toll threat intensifies rush to bypass the Strait altogether,0.0,Neutral
"Tue, 14 Jul 2026 07:00:00 GMT",Unknown,"US Hits Iran With Strikes, Blockade as Trump Plans Hormuz Charge",0.0,Neutral
"Tue, 14 Jul 2026 07:00:00 GMT",Unknown,Trump backtracks on plan to toll Hormuz ships,0.0,Neutral
"Tue, 14 Jul 2026 07:00:00 GMT",Unknown,US-Iran: The Fight for Hormuz Enters a More Dangerous Phase,-0.05,Neutral
"Tue, 14 Jul 2026 07:00:00 GMT",Unknown,Global gas markets after the Hormuz shock,0.0,Neutral
"Tue, 14 Jul 2026 07:00:00 GMT",Unknown,"Trump: Iran blockade reinstated, US to charge 20% on Strait of Hormuz cargo",0.0,Neutral
"Tue, 14 Jul 2026 07:00:00 GMT",Unknown,Trump restarts Iran blockade as U.S. plans 20% Hormuz charge,0.0,Neutral
"Tue, 14 Jul 2026 07:00:00 GMT",Unknown,Iran lawmakers present Hormuz management bill as US war heats up,0.0,Neutral
"Tue, 14 Jul 2026 07:00:00 GMT",Unknown,"Hormuz closure pushing fuel costs back up – July 14, 2026 Update",0.0,Neutral
"Tue, 14 Jul 2026 07:00:00 GMT",Unknown,Donald Trump has no good options for reopening the Strait of Hormuz,-0.35,Negative
"Tue, 14 Jul 2026 07:00:00 GMT",Unknown,"US renews blockade, trades strikes with Iran over Hormuz strait",0.0,Neutral
"Tue, 14 Jul 2026 07:00:00 GMT",Unknown,Trump nixes 20 percent Strait of Hormuz toll proposal,0.0,Neutral
"Tue, 14 Jul 2026 07:00:00 GMT",Unknown,Global shipping industry sounds the alarm over Trump’s Hormuz toll plan,0.0,Neutral
"Tue, 14 Jul 2026 07:00:00 GMT",Unknown,Trump scraps proposed Strait of Hormuz shipping fee for Gulf states' investment deals,0.0,Neutral
"Tue, 14 Jul 2026 07:00:00 GMT",Unknown,Exclusive / Trump is ‘very serious’ about Hormuz toll push,-0.43,Negative
"Tue, 14 Jul 2026 07:00:00 GMT",Unknown,Hapag-Lloyd says Hormuz cargo fee would be 'fundamentally wrong',-0.5,Negative
"Tue, 14 Jul 2026 07:00:00 GMT",Unknown,"After Hormuz, Iran turns to Red Sea gateway as new pressure point",0.07,Neutral
"Tue, 14 Jul 2026 07:00:00 GMT",Unknown,Trump pulls U-turn on 20% Hormuz tariff,0.0,Neutral
"Tue, 14 Jul 2026 07:00:00 GMT",Unknown,Trump drops 20% fee plan for Hormuz Strait in favor of deals with Gulf states,0.0,Neutral
"Tue, 14 Jul 2026 07:00:00 GMT",Unknown,"Trump reverses course on U.S. acting as ""guardian of the Hormuz Strait""",0.0,Neutral
"Tue, 14 Jul 2026 07:00:00 GMT",Unknown,Trump’s Flip-Flop on Strait of Hormuz Fees Raises New Risks,0.14,Neutral
"Tue, 14 Jul 2026 07:00:00 GMT",Unknown,"Iran’s strikes show its priority is flexing muscle on Hormuz, not dealing with Trump",0.0,Neutral
"Tue, 14 Jul 2026 07:00:00 GMT",Unknown,CNBC Daily Open: Trump walks back on Hormuz tolls in TACO Tuesday,0.0,Neutral
"Tue, 14 Jul 2026 07:00:00 GMT",Unknown,"U.S. strikes Iranian missile sites, defense systems and reinstates port blockade",0.0,Neutral
"Tue, 14 Jul 2026 07:00:00 GMT",Unknown,Trump retreats from shipping toll in Strait of Hormuz,0.0,Neutral
"Tue, 14 Jul 2026 07:00:00 GMT",Unknown,Trump Pivots His Strait of Hormuz Strategy—Again,-0.12,Neutral
"Tue, 14 Jul 2026 07:00:00 GMT",Unknown,America’s Hormuz brinkmanship is worsening a global fuel crunch,0.0,Neutral
"Tue, 14 Jul 2026 07:00:00 GMT",Unknown,Trump withdraws Hormuz tolls threat but says US will continue to blockade Iran,0.0,Neutral
"Tue, 14 Jul 2026 07:00:00 GMT",Unknown,UAE Oil Tankers Attacked While Sailing Dark Through Hormuz,-0.15,Neutral
"Tue, 14 Jul 2026 07:00:00 GMT",Unknown,Why it's so difficult for the U.S. to fully reopen the Strait of Hormuz,-0.5,Negative
"Wed, 15 Jul 2026 07:00:00 GMT",Unknown,Dire straits: No way out of Hormuz,0.0,Neutral
"Wed, 15 Jul 2026 07:00:00 GMT",Unknown,Why Strait of Hormuz no longer rattles oil markets as much: IMF,0.2,Neutral
"Wed, 15 Jul 2026 07:00:00 GMT",Unknown,Iran’s Tanker Attacks Squeeze the Hormuz Oil-Shuttling Trade,0.0,Neutral
"Wed, 15 Jul 2026 07:00:00 GMT",Unknown,U.S. launches more Iran strikes over Strait of Hormuz,0.5,Positive
"Wed, 15 Jul 2026 07:00:00 GMT",Unknown,Controlling Hormuz Would Take More U.S. Troops—and Even More Risk,0.5,Positive
"Wed, 15 Jul 2026 07:00:00 GMT",Unknown,"Some ships refusing US-military guided Hormuz transits after attacks, sources say",0.0,Neutral
"Wed, 15 Jul 2026 07:00:00 GMT",Unknown,U.S. fires a new wave of strikes on Iran and hits a tanker trying to skirt its blockade,0.14,Neutral
"Wed, 15 Jul 2026 07:00:00 GMT",Unknown,"U.S. blockades Iranian ports, launches dozens of strikes as Trump seeks control of Strait of Hormuz",0.0,Neutral
"Wed, 15 Jul 2026 07:00:00 GMT",Unknown,How to end the Strait of Hormuz crisis,0.0,Neutral
"Wed, 15 Jul 2026 07:00:00 GMT",Unknown,Chaos and confusion bring US no closer to resolution on strait of Hormuz,0.0,Neutral
"Wed, 15 Jul 2026 07:00:00 GMT",Unknown,Iran Guards: Hormuz shut until US ends 'aggression',0.0,Neutral
"Wed, 15 Jul 2026 07:00:00 GMT",Unknown,Strait of Hormuz traffic is “effectively back to pre-ceasefire status”,0.0,Neutral
"Wed, 15 Jul 2026 07:00:00 GMT",Unknown,"U.S. Strikes Hit Tiny, Disputed Island in Strait of Hormuz",0.05,Neutral
"Wed, 15 Jul 2026 07:00:00 GMT",Unknown,US-Iran conflict converges on Hormuz,0.0,Neutral
"Wed, 15 Jul 2026 07:00:00 GMT",Unknown,US launches new strikes on Iran,0.14,Neutral
"Wed, 15 Jul 2026 07:00:00 GMT",Unknown,"Imposing tolls in the Strait of Hormuz, Trump’s latest whim and about-face",0.33,Positive
"Tue, 14 Jul 2026 07:00:00 GMT",Unknown,Trump Backtracks on 20% Toll for Shipping in Hormuz Strait. Oil Prices Remain Elevated.,0.0,Neutral
"Wed, 15 Jul 2026 07:00:00 GMT",Unknown,US resumes Iran blockade after ships attacked in Hormuz,0.0,Neutral
"Wed, 15 Jul 2026 07:00:00 GMT",Unknown,Iran Risks Overplaying Its Hand on Hormuz,0.0,Neutral
"Wed, 15 Jul 2026 07:00:00 GMT",Unknown,The next Strait of Hormuz,0.0,Neutral
"Tue, 14 Jul 2026 07:00:00 GMT",Unknown,"Iran attacks UAE, UK ships in Strait of Hormuz, strikes Bahrain",0.0,Neutral
"Tue, 14 Jul 2026 07:00:00 GMT",Unknown,"Oil prices climb to $85 as US-Iran attacks intensify, Hormuz traffic stalls",0.0,Neutral
"Tue, 14 Jul 2026 07:00:00 GMT",Unknown,Opinion | What the collapse of Trump’s Strait of Hormuz fee plan reveals,0.0,Neutral
"Wed, 15 Jul 2026 07:00:00 GMT",Unknown,Trump scraps Hormuz toll plan but presses ahead with Iran blockade,0.0,Neutral
"Tue, 14 Jul 2026 07:00:00 GMT",Unknown,India protests to Iran over killing of seafarer in Hormuz,0.0,Neutral
"Tue, 14 Jul 2026 07:00:00 GMT",Unknown,Trump drops his Strait of Hormuz shipping fee. The Iran blockade is still on,0.0,Neutral
"Tue, 14 Jul 2026 07:00:00 GMT",Unknown,Trump Pulls Abrupt 180 on Strait of Hormuz After Iran Humiliates Him,-0.12,Neutral
"Tue, 14 Jul 2026 07:00:00 GMT",Unknown,Trump shelves 20% fee for Hormuz cargo after Gulf pressure,0.0,Neutral
"Tue, 14 Jul 2026 07:00:00 GMT",Unknown,Sudan faces escalating hunger crisis due to war and Hormuz disruption – WFP,-0.12,Neutral
"Tue, 14 Jul 2026 07:00:00 GMT",Unknown,Seafarer Death Toll Climbs as Trump Declares Hormuz ‘Open to ALL Ship Traffic’,0.0,Neutral
"Wed, 15 Jul 2026 07:00:00 GMT",Unknown,"US expands attacks on Iran, which calls Strait of Hormuz a ‘red line’ as it retaliates",0.0,Neutral
"Wed, 15 Jul 2026 07:00:00 GMT",Unknown,Renewed Hormuz hostilities drive ECB rates rethink amid ‘extremely volatile’ outlook,-0.12,Neutral
"Wed, 15 Jul 2026 07:00:00 GMT",Unknown,UN Maritime Chief Warns Strait of Hormuz Too Dangerous for Ships,-0.6,Negative
"Tue, 14 Jul 2026 07:00:00 GMT",Unknown,See the impact of Trump's blockade on the Strait of Hormuz in Iran,0.0,Neutral
"Wed, 15 Jul 2026 07:00:00 GMT",Unknown,"Japan refiners to diversify crude sources, explore support for Hormuz bypass routes",-0.7,Negative
"Wed, 15 Jul 2026 07:00:00 GMT",Unknown,"Shipping dodges Trump’s Hormuz fee, but new Red Sea threat could emerge",0.07,Neutral
"Wed, 15 Jul 2026 07:00:00 GMT",Unknown,Strait of Hormuz oil shipments fall toward pre-peace deal levels as war reignites,0.0,Neutral
"Tue, 14 Jul 2026 07:00:00 GMT",Unknown,Strait of Hormuz Tensions Put Commodity Supplies at Risk Far Beyond Oil,0.1,Neutral
"Tue, 14 Jul 2026 10:33:26 GMT",Unknown,"Strait of Hormuz toll ‘fundamentally wrong’, says container shipping major",-0.22,Negative
"Wed, 15 Jul 2026 07:00:00 GMT",Unknown,Saudi’s Gulf Oil Loads Slump as Iran Hits Supertankers in Hormuz,0.0,Neutral
"Wed, 15 Jul 2026 07:00:00 GMT",Unknown,U.N. maritime chief warns Hormuz too dangerous for ships,-0.6,Negative
"Wed, 15 Jul 2026 07:00:00 GMT",Unknown,Petroleum markets responded to disruptions in the Middle East in the second quarter,0.0,Neutral
"Tue, 14 Jul 2026 07:00:00 GMT",Unknown,The Battle Over Hormuz: Money or Sovereignty?,0.0,Neutral
"Wed, 15 Jul 2026 07:00:00 GMT",Unknown,How Gulf countries are preparing for life without the Strait of Hormuz,0.0,Neutral
"Thu, 16 Jul 2026 07:00:00 GMT",Unknown,Strait of Hormuz Tanker Traffic Erodes Further as Oil Prices Rise,0.05,Neutral
"Thu, 16 Jul 2026 07:00:00 GMT",Unknown,Fewer vessels travel through Hormuz after US resumes blockade,0.0,Neutral
"Thu, 16 Jul 2026 07:00:00 GMT",Unknown,"U.S. expands attacks on Iran, which calls Strait of Hormuz a 'red line' as it strikes back",0.0,Neutral
"Thu, 16 Jul 2026 07:00:00 GMT",Unknown,US attacks oil tanker in strait of Hormuz as strikes reported in Tehran,0.0,Neutral
"Thu, 16 Jul 2026 07:00:00 GMT",Unknown,Trump has declared the Strait of Hormuz open. The facts say otherwise.,0.0,Neutral
"Thu, 16 Jul 2026 07:00:00 GMT",Unknown,‘Safe passage’: The fatal ambiguity at the heart of the Hormuz MoU,0.5,Positive
"Thu, 16 Jul 2026 07:00:00 GMT",Unknown,Why The Strait Of Hormuz Has Become The Center Of A Global Maritime Dispute,-0.05,Neutral
"Thu, 16 Jul 2026 07:00:00 GMT",Unknown,"Backed into a corner by Iran over the Strait of Hormuz, Trump may resort to even more reckless escalation",0.5,Positive
"Thu, 16 Jul 2026 07:00:00 GMT",Unknown,"Iran says Strait of Hormuz a ‘red line’, vows to fight till the end",0.0,Neutral
"Thu, 16 Jul 2026 07:00:00 GMT",Unknown,Oil pipelines around the Strait of Hormuz won't end the threat Iran poses to Middle East crude exports,-0.35,Negative
"Thu, 16 Jul 2026 07:00:00 GMT",Unknown,India ask its seafarers not to take Hormuz voyages,0.0,Neutral
"Thu, 16 Jul 2026 07:00:00 GMT",Unknown,"Global energy security at risk if Strait of Hormuz does not open in weeks, IEA chief says",0.0,Neutral
"Thu, 16 Jul 2026 07:00:00 GMT",Unknown,Hormuz blockade / Trump’s mixed messages / Who is Jay Clayton? : Sources & Methods,0.0,Neutral
"Wed, 15 Jul 2026 07:00:00 GMT",Unknown,The Vague Clause That Helps Explain the Fight Over Hormuz,-0.29,Negative
"Thu, 16 Jul 2026 07:00:00 GMT",Unknown,Iran-US Hostilities Worsen as Hormuz Shipping Traffic Falls,0.0,Neutral
"Thu, 16 Jul 2026 07:00:00 GMT",Unknown,US gas prices edge up again as US-Iran tensions heighten over strait of Hormuz,0.0,Neutral
"Thu, 16 Jul 2026 07:00:00 GMT",Unknown,Why fully reopening the Strait of Hormuz is such a challenge,0.0,Neutral
"Wed, 15 Jul 2026 07:00:00 GMT",Unknown,The global energy crisis is foremost an Asian energy crisis. It needs an Asian response,0.03,Neutral
"Thu, 16 Jul 2026 07:00:00 GMT",Unknown,Iran-U.S. hostilities worsen as Hormuz shipping traffic falls,0.0,Neutral
"Thu, 16 Jul 2026 07:00:00 GMT",Unknown,Iran says Strait of Hormuz will remain closed until US accepts its terms,-0.1,Neutral
"Wed, 15 Jul 2026 07:00:00 GMT",Unknown,First Thing: Trump flip-flops on Hormuz toll and threatens Iran’s civilian infrastructure,0.25,Positive
"Thu, 16 Jul 2026 07:00:00 GMT",Unknown,"Iran warns U.S. of Hormuz ‘red line,’ says it will retaliate if Trump carries out threats",0.0,Neutral
"Wed, 15 Jul 2026 07:00:00 GMT",Unknown,"Iran’s Strikes Show Its Priority Is Flexing Muscle on Hormuz, Not Dealing with Trump",0.0,Neutral
"Thu, 16 Jul 2026 07:00:00 GMT",Unknown,Iran warns Strait of Hormuz is an ‘unbreakable red line’ as US expands strikes,0.0,Neutral
"Thu, 16 Jul 2026 07:00:00 GMT",Unknown,Oil prices rise after Kuwait says Iran attacked water desalination and power plant,0.0,Neutral
"Wed, 15 Jul 2026 13:04:39 GMT",Unknown,"After Hormuz, Iran Turns to Red Sea Gateway as New Pressure Point",0.07,Neutral
"Thu, 16 Jul 2026 07:00:00 GMT",Unknown,Why is it so hard to open the Strait of Hormuz?,-0.15,Neutral
"Thu, 16 Jul 2026 07:00:00 GMT",Unknown,3 islands help control access to the Strait of Hormuz. They’re in the crosshairs of the Iran war,0.0,Neutral
"Thu, 16 Jul 2026 07:00:00 GMT",Unknown,Dark Ships and Oman Transfers Indicate Hormuz Transits Continue,-0.15,Neutral
"Wed, 15 Jul 2026 07:00:00 GMT",Unknown,U.S. attacks Iran as Strait of Hormuz tensions rise,0.0,Neutral
"Thu, 16 Jul 2026 07:00:00 GMT",Unknown,Chevron Will Explore a Pipeline Bypassing the Strait of Hormuz,0.0,Neutral
"Thu, 16 Jul 2026 07:00:00 GMT",Unknown,U.S. and Iran trade more attacks as feud over Strait of Hormuz escalates,0.5,Positive
"Wed, 15 Jul 2026 07:00:00 GMT",Unknown,IMO Urges Shippers Not to Risk Strait of Hormuz Transits,-0.7,Negative
"Wed, 15 Jul 2026 07:00:00 GMT",Unknown,Watch Trump Drops Hormuz Fee as US Strikes on Iran Continue,0.0,Neutral
"Thu, 16 Jul 2026 07:00:00 GMT",Unknown,Iran and U.S. escalate in Gulf but release of American signals path to climb down,-0.08,Neutral
"Wed, 15 Jul 2026 07:00:00 GMT",Unknown,How Tehran made the most of Trump's Hormuz proposal,0.33,Positive
"Wed, 15 Jul 2026 07:00:00 GMT",Unknown,"Legal differences between US, Iran actions in Strait of Hormuz",0.2,Neutral
"Wed, 15 Jul 2026 07:00:00 GMT",Unknown,"After Hormuz, Here’s Why the Red Sea Is Now the World’s Most Vulnerable Shipping Route",0.0,Neutral
"Thu, 16 Jul 2026 07:00:00 GMT",Unknown,'They were not random attacks': The tankers targeted in the Strait of Hormuz,0.17,Neutral
"Wed, 15 Jul 2026 07:00:00 GMT",Unknown,Iran threatens to halt all Middle East energy exports amid renewed US blockade,0.0,Neutral
"Wed, 15 Jul 2026 07:00:00 GMT",Unknown,"Trump: Texas, Alaska could be ‘alternatives’ to Strait of Hormuz",0.0,Neutral
"Wed, 15 Jul 2026 07:00:00 GMT",Unknown,Japan Trade Chief Says Hormuz Is Off-Limits as Hostilities Reignite,-0.7,Negative
"Wed, 15 Jul 2026 07:00:00 GMT",Unknown,Southeast Asia Has Weathered the Hormuz Crisis,0.0,Neutral
"Wed, 15 Jul 2026 07:00:00 GMT",Unknown,Oman reaffirms commitment to restoring navigation in Strait of Hormuz,0.0,Neutral
"Wed, 15 Jul 2026 07:00:00 GMT",Unknown,"Trump returns to ‘vicious cycle’ with Iran, leaving MOU on life support",-1.0,Negative
"Wed, 15 Jul 2026 07:00:00 GMT",Unknown,China turns to electric taxis to soften Hormuz oil shock,0.0,Neutral
"Wed, 15 Jul 2026 07:00:00 GMT",Unknown,Trump Renews His Threats to Target Civilian Infrastructure,0.14,Neutral
"Thu, 16 Jul 2026 07:00:00 GMT",Unknown,US hits more bridges in Iran in an expansion of its airstrike campaign,0.5,Positive
"Thu, 16 Jul 2026 07:00:00 GMT",Unknown,Ships Reject US Military-Guided Strait Of Hormuz Transits After Iranian Attacks Raise Security Concerns,0.0,Neutral
"Thu, 16 Jul 2026 07:00:00 GMT",Unknown,The war is all about the Strait of Hormuz now,0.0,Neutral
"Thu, 16 Jul 2026 07:00:00 GMT",Unknown,India Urges Shipowners to Avoid Deploying Nationals on Hormuz Voyages,-0.7,Negative
"Wed, 15 Jul 2026 07:00:00 GMT",Unknown,Five Ways China Is Shielding Itself as the Hormuz Cease-Fire Collapses,-0.7,Negative
"Wed, 15 Jul 2026 07:00:00 GMT",Unknown,"Gulf crisis: Guterres calls for de-escalation, warns against return to full-on war",0.0,Neutral
"Wed, 15 Jul 2026 07:00:00 GMT",Unknown,U.S. launches more Iran strikes amid battle over Strait of Hormuz,0.5,Positive
"Wed, 15 Jul 2026 07:00:00 GMT",Unknown,Supertankers Increasingly Bear Brunt in Hormuz Ship Attacks,0.0,Neutral
"Wed, 15 Jul 2026 07:00:00 GMT",Unknown,"US will take control of Strait of Hormuz, charge for shipping, Trump says",0.0,Neutral
"Wed, 15 Jul 2026 07:00:00 GMT",Unknown,Strait of Hormuz-style crisis looms for Russia as Ukraine forces shutdown of a key waterway,0.0,Neutral
"Thu, 16 Jul 2026 07:00:00 GMT",Unknown,Iran says Strait of Hormuz 'will never return' to pre-war status,0.0,Neutral
"Thu, 16 Jul 2026 07:00:00 GMT",Unknown,"With just 7 ships crossing Strait of Hormuz, traffic stalls in Persian Gulf as US-Iran war escalates",0.0,Neutral
"Wed, 15 Jul 2026 07:00:00 GMT",Unknown,Five Oil and Gas Stocks Ready for a Hormuz Spike and a Hawkish Fed,-0.1,Neutral
"Thu, 16 Jul 2026 07:00:00 GMT",Unknown,Analysis • The fight for Hormuz shows how far U.S.-Iran war strayed from its original goals,0.24,Positive
"Thu, 16 Jul 2026 07:00:00 GMT",Unknown,Oil Price Steadies After Gains as Hormuz Ship Attacks Threaten Supply,0.0,Neutral
"Wed, 15 Jul 2026 20:29:17 GMT",Unknown,Russian ban and Hormuz setback deliver one-two punch to seaborne diesel,0.0,Neutral
"Wed, 15 Jul 2026 07:00:00 GMT",Unknown,President Trump reverses on Strait of Hormuz toll less than 24 hours after announcing it,-0.17,Neutral
"Wed, 15 Jul 2026 07:00:00 GMT",Unknown,Trump's Strait of Hormuz blockade squeezes drivers,0.0,Neutral
"Thu, 16 Jul 2026 07:00:00 GMT",Unknown,Iran warns Strait of Hormuz is a 'red line',0.05,Neutral
"Thu, 16 Jul 2026 07:00:00 GMT",Unknown,H.R. McMaster on the U.S.-Iran feud over the Strait of Hormuz,0.0,Neutral
"Wed, 15 Jul 2026 07:00:00 GMT",Unknown,The reopening of Hormuz supports markets despite monetary tightening,0.0,Neutral
"Thu, 16 Jul 2026 07:00:00 GMT",Unknown,"US, Iran battle for Strait of Hormuz control as CENTCOM disables first tanker",0.25,Positive
"Thu, 16 Jul 2026 07:00:00 GMT",Unknown,US launches new strikes on Iran as Hormuz shipping traffic falls,0.14,Neutral
"Fri, 17 Jul 2026 07:00:00 GMT",Unknown,3 islands help control access to the Strait of Hormuz. They're in the crosshairs of the Iran war,0.0,Neutral
"Fri, 17 Jul 2026 07:00:00 GMT",Unknown,The U.S.-Iran battle over the Strait of Hormuz raises risks for global waterways,0.0,Neutral
"Fri, 17 Jul 2026 07:00:00 GMT",Unknown,"U.S. Disables Ship a Day Into Blockade, Strait of Hormuz Transits Hit Low As Risk Appetite Falls",0.0,Neutral
"Fri, 17 Jul 2026 07:00:00 GMT",Unknown,Building Around the Strait of Hormuz,0.0,Neutral
"Fri, 17 Jul 2026 07:00:00 GMT",Unknown,A naval failure in the Strait of Hormuz,-0.32,Negative
"Fri, 17 Jul 2026 07:00:00 GMT",Unknown,Iran's oil supply threat extends beyond Strait of Hormuz,0.0,Neutral
"Fri, 17 Jul 2026 07:00:00 GMT",Unknown,"Oil tankers face 'worst case scenario' in Hormuz as Iran steps up attacks on ships, maritime risk CEO says",-1.0,Negative
"Fri, 17 Jul 2026 07:00:00 GMT",Unknown,Chevron seeks new route to transport oil from Iraq,0.14,Neutral
"Fri, 17 Jul 2026 07:00:00 GMT",Unknown,"Strait of Hormuz shipping traffic slows to a trickle, US gas prices rising sharply",-0.12,Neutral
"Fri, 17 Jul 2026 07:00:00 GMT",Unknown,Does control of the Strait of Hormuz set a worldwide precedent?,0.0,Neutral
"Fri, 17 Jul 2026 07:00:00 GMT",Unknown,Strait of Hormuz transits drop as US and Iran escalate attacks across Gulf,0.0,Neutral
"Fri, 17 Jul 2026 07:00:00 GMT",Unknown,IEA chief warns Strait of Hormuz crisis threatens global energy security,0.0,Neutral
"Fri, 17 Jul 2026 07:00:00 GMT",Unknown,Commentary: Iran risks overplaying its hand on Hormuz,0.0,Neutral
"Fri, 17 Jul 2026 07:00:00 GMT",Unknown,Strait of Hormuz Transits Drop as US and Iran escalate their attacks across Gulf,0.0,Neutral
"Fri, 17 Jul 2026 07:00:00 GMT",Unknown,How to Isolate Tehran,0.0,Neutral
"Fri, 17 Jul 2026 07:00:00 GMT",Unknown,Renewed US-Iran tensions reverse normalization in Strait of Hormuz,0.0,Neutral
"Fri, 17 Jul 2026 07:00:00 GMT",Unknown,Beyond Hormuz: The Sanaa Airport Strike and the Architecture of Iranian Proxy Power,-0.1,Neutral
"Fri, 17 Jul 2026 07:00:00 GMT",Unknown,US launches seventh night of Iran strikes as Hormuz conflict escalates,0.0,Neutral
"Fri, 17 Jul 2026 07:00:00 GMT",Unknown,Renewed Hostilities in the Strait of Hormuz Threaten to Compound Global Supply Chain Costs,0.0,Neutral
"Fri, 17 Jul 2026 07:00:00 GMT",Unknown,POLL Most Gulf area economies face deeper downturns this year on Hormuz disruption,0.5,Positive
"Fri, 17 Jul 2026 07:00:00 GMT",Unknown,There is more at stake than the Strait of Hormuz,0.5,Positive
"Fri, 17 Jul 2026 07:00:00 GMT",Unknown,"Chevron, ConocoPhillips advance Iraq's Hormuz alternatives",0.0,Neutral
"Fri, 17 Jul 2026 07:00:00 GMT",Unknown,Sink the Hormuz Tollbooth,0.0,Neutral
"Thu, 16 Jul 2026 07:00:00 GMT",Unknown,Hopes for US-Iran diplomacy still alive as fighting intensifies over the Strait of Hormuz,0.1,Neutral
"Fri, 17 Jul 2026 07:00:00 GMT",Unknown,Only 3 vessels transit Strait of Hormuz over past 24 hours amid renewed US-Iran hostilities,-0.12,Neutral
"Fri, 17 Jul 2026 07:00:00 GMT",Unknown,"The Strait of Hormuz no-fee, China cuts down on pollution and IMAX's economic Odyssey",0.02,Neutral
"Thu, 16 Jul 2026 07:00:00 GMT",Unknown,Why the Strait of Hormuz Is Losing Importance,0.0,Neutral
"Thu, 16 Jul 2026 07:00:00 GMT",Unknown,"Iran war driving up costs and putting seafarers at risk, UN maritime chief warns",0.0,Neutral
"Thu, 16 Jul 2026 07:00:00 GMT",Unknown,Fed-up sailors stranded in the Strait of Hormuz had explicit message for US forces: ‘F–k off’,0.0,Neutral
"Thu, 16 Jul 2026 07:00:00 GMT",Unknown,"Iran Update Special Report, July 16, 2026",0.36,Positive
"Fri, 17 Jul 2026 07:00:00 GMT",Unknown,Twin chokepoint threat looms after latest Hormuz tanker attack,0.5,Positive
"Fri, 17 Jul 2026 07:00:00 GMT",Unknown,America’s Air War to Keep Hormuz Open,0.0,Neutral
"Fri, 17 Jul 2026 07:00:00 GMT",Unknown,Wright says Hormuz tolls are off the table as U.S. pushes energy expansion,0.0,Neutral
"Fri, 17 Jul 2026 07:00:00 GMT",Unknown,US backs Iraq pipeline plans to bypass Hormuz,0.0,Neutral
"Fri, 17 Jul 2026 07:00:00 GMT",Unknown,Hormuz risk threatens pharma supply chains,0.0,Neutral
"Fri, 17 Jul 2026 07:00:00 GMT",Unknown,"As U.S. steps up strikes, Hormuz crossings hit three week low",0.0,Neutral
"Fri, 17 Jul 2026 07:00:00 GMT",Unknown,Gulf nations to invest in pipelines in Hormuz workarounds,0.0,Neutral
"Fri, 17 Jul 2026 07:00:00 GMT",Unknown,Shafaq News..Mine blasts set two tankers ablaze near Hormuz,0.1,Neutral
"Fri, 17 Jul 2026 07:00:00 GMT",Unknown,U.S. strikes bridges in Iran; Tehran targets U.S. bases in the Gulf,0.0,Neutral
"Fri, 17 Jul 2026 07:00:00 GMT",Unknown,Tanker damaged in projectile strike while crossing Strait of Hormuz,0.0,Neutral
"Fri, 17 Jul 2026 07:00:00 GMT",Unknown,US Launches New Strikes on Iran as Hormuz Traffic Slumps (2),0.14,Neutral
"Fri, 17 Jul 2026 07:00:00 GMT",Unknown,Iraq and Syria sign agreement to restore oil pipeline that would provide alternative to Strait of Hormuz,0.0,Neutral
"Thu, 16 Jul 2026 07:00:00 GMT",Unknown,Queens Rep. Gregory Meeks talks Strait of Hormuz blockade,0.0,Neutral
"Thu, 16 Jul 2026 07:00:00 GMT",Unknown,Chevron Will Explore Creating Strait of Hormuz Alternative for Iraqi Oil,0.0,Neutral
"Fri, 17 Jul 2026 07:00:00 GMT",Unknown,How long can oil markets absorb the Hormuz shock?,-0.03,Neutral
"Fri, 17 Jul 2026 06:51:36 GMT",Unknown,Hormuz conflict continues as Iran retaliates and US forces board vessel amid blockade,0.0,Neutral
"Thu, 16 Jul 2026 07:00:00 GMT",Unknown,"US ramps up attacks on Iran, blocks Strait of Hormuz",0.0,Neutral
"Fri, 17 Jul 2026 07:00:00 GMT",Unknown,Three-quarters of ships in Strait of Hormuz go dark as missiles rain down,-0.15,Neutral
"Fri, 17 Jul 2026 07:00:00 GMT",Unknown,Oil Market Can’t Live Without Hormuz Barrels for Long,0.04,Neutral
"Fri, 17 Jul 2026 07:00:00 GMT",Unknown,Nicholas Carl: US and Iran are now in the Battle of Hormuz,0.0,Neutral
"Thu, 16 Jul 2026 07:00:00 GMT",Unknown,Inside the logistical challenges of reopening the Strait of Hormuz,0.0,Neutral
"Thu, 16 Jul 2026 07:00:00 GMT",Unknown,US Launches New Strikes on Iran as Hormuz Traffic Slumps,0.14,Neutral
"Fri, 17 Jul 2026 07:00:00 GMT",Unknown,US launches strikes against Iran as battle over the Strait of Hormuz intensifies,0.0,Neutral
"Fri, 17 Jul 2026 07:00:00 GMT",Unknown,India-Linked Ships Among Top Applicants For Iran-Managed Strait Of Hormuz Transit,0.5,Positive
"Fri, 17 Jul 2026 07:00:00 GMT",Unknown,"Iraq and Syria sign deal to rehabilitate Mediterranean pipeline, bypass Strait of Hormuz",0.0,Neutral
"Fri, 17 Jul 2026 07:00:00 GMT",Unknown,US and Iran escalate strikes across Mideast,0.0,Neutral
"Thu, 16 Jul 2026 07:00:00 GMT",Unknown,Chevron and Iraq seek to bypass Strait of Hormuz with Syria pipeline,0.0,Neutral
"Fri, 17 Jul 2026 07:00:00 GMT",Unknown,South Korea Bets on Red Sea Route as Hormuz Disruptions Persist,-0.23,Negative
"Thu, 16 Jul 2026 07:00:00 GMT",Unknown,Gen Jack Keane: Iran will lose complete control of Strait of Hormuz,0.1,Neutral
"Fri, 17 Jul 2026 07:00:00 GMT",Unknown,US-Iran strikes: latest developments,0.5,Positive
"Fri, 17 Jul 2026 07:00:00 GMT",Unknown,Strikes continue between US and Iran as Strait of Hormuz remains closed,-0.1,Neutral
"Fri, 17 Jul 2026 07:00:00 GMT",Unknown,"Chevron signs Iraq oil field deals, eyes Hormuz bypass pipeline",0.0,Neutral
"Fri, 17 Jul 2026 07:00:00 GMT",Unknown,Pakistan Plans Fresh LNG Purchases Amid Strait of Hormuz Shutdown,-0.03,Neutral
"Fri, 17 Jul 2026 07:00:00 GMT",Unknown,Chevron Will Explore a Pipeline to Bypass the Strait of Hormuz. Here's What it Means for the Energy Stock.,0.0,Neutral
"Fri, 17 Jul 2026 07:00:00 GMT",Unknown,US denies Iranian claims it hit civilian infrastructure in latest strikes,0.5,Positive
"Fri, 17 Jul 2026 07:00:00 GMT",Unknown,Countries seek ways to ease Hormuz energy bottleneck,0.0,Neutral
"Fri, 17 Jul 2026 07:00:00 GMT",Unknown,PM Zaidi's vision to render Hormuz ‘an afterthought’ within 2 years: US envoy,0.14,Neutral
"Fri, 17 Jul 2026 07:00:00 GMT",Unknown,The race to find routes around the Strait of Hormuz and which nation is winning,0.33,Positive
"Fri, 17 Jul 2026 07:00:00 GMT",Unknown,United States launches strikes against Iran as battle over the Strait of Hormuz intensifies,0.0,Neutral
"Thu, 16 Jul 2026 07:00:00 GMT",Unknown,What Donald Trump's Strait of Hormuz Stance Could Mean for Your Social Security Benefits in 2027,-0.14,Neutral
"Thu, 16 Jul 2026 07:00:00 GMT",Unknown,The U.S.-Iran feud over the Strait of Hormuz,0.0,Neutral
"Sat, 18 Jul 2026 07:00:00 GMT",Unknown,"Reopening Hormuz Strait Easier Than Restoring Confidence, Naval Analyst Tallis Says",0.4,Positive
"Sat, 18 Jul 2026 07:00:00 GMT",Unknown,The US and Iran have blown past red lines as they lurch back toward all-out war,-0.08,Neutral
"Sat, 18 Jul 2026 07:00:00 GMT",Unknown,Trump may have to choose between an endless quagmire and ceding the Strait of Hormuz to Iran,-0.12,Neutral
"Sat, 18 Jul 2026 07:00:00 GMT",Unknown,U.S. military launches new airstrikes to punish Iran for deaths of U.S. troops,0.02,Neutral
"Sat, 18 Jul 2026 07:00:00 GMT",Unknown,Iran says IRGC navy intercepted 4 'violating' ships in Strait of Hormuz,0.0,Neutral
"Sat, 18 Jul 2026 07:00:00 GMT",Unknown,Trump's War Won’t Go Away,0.0,Neutral
"Sat, 18 Jul 2026 07:00:00 GMT",Unknown,Thousands Of Trucks Haul Iraq’s Oil Through Syria In Sign Of Hormuz Legacy,0.0,Neutral
"Sat, 18 Jul 2026 07:00:00 GMT",Unknown,‘We will not stop’: the UAE’s trillion-dollar trade detour,0.0,Neutral
"Sat, 18 Jul 2026 07:00:00 GMT",Unknown,IRGC says it 'stopped' 4 ships trying to traverse Hormuz in combined missile and drone attack,0.0,Neutral
"Sat, 18 Jul 2026 07:00:00 GMT",Unknown,Iran says tankers exploded from Hormuz mines as U.S. strikes continue,0.0,Neutral
"Sat, 18 Jul 2026 07:00:00 GMT",Unknown,US and Iran Trade Strikes Over Strait of Hormuz. Kuwait Suffers Infrastructure Damage,-0.6,Negative
"Sat, 18 Jul 2026 07:00:00 GMT",Unknown,Latest Transit Status in the Strait of Hormuz,0.5,Positive
"Sat, 18 Jul 2026 04:12:38 GMT",Unknown,"Oil tankers explode after hitting mines in Strait of Hormuz, Iranian officials say",0.0,Neutral
"Sat, 18 Jul 2026 07:00:00 GMT",Unknown,Iran risks overplaying its hand on Hormuz,0.0,Neutral
"Sat, 18 Jul 2026 07:00:00 GMT",Unknown,13 claims we've investigated involving Strait of Hormuz,0.0,Neutral
"Fri, 17 Jul 2026 12:35:48 GMT",Unknown,Has Iran overplayed its hand on the Strait of Hormuz?,0.0,Neutral
"Sat, 18 Jul 2026 07:00:00 GMT",Unknown,"New US Attacks On Roads, Bridges Reported As Iran Hits Back At Gulf States",0.13,Neutral
"Sat, 18 Jul 2026 07:00:00 GMT",Unknown,Two oil tankers explode near Strait of Hormuz as US strikes Iran’s Yazd,0.1,Neutral
"Sat, 18 Jul 2026 07:00:00 GMT",Unknown,How the Strait of Hormuz is monitored as US-Iran conflict escalates,0.0,Neutral
"Sat, 18 Jul 2026 07:00:00 GMT",Unknown,Iraq Looks to Syria for a Solution to the Strait of Hormuz Dilemma,0.0,Neutral
"Fri, 17 Jul 2026 19:58:00 GMT",Unknown,US military says it's launched strikes on Iran for a seventh night in a row as fighting escalates over Strait of Hormuz,-0.1,Neutral
"Sat, 18 Jul 2026 07:00:00 GMT",Unknown,What to expect after the US reimposes naval blockade on Iran’s ports?,0.0,Neutral
"Sat, 18 Jul 2026 07:00:00 GMT",Unknown,Iran's Islamic Revolutionary Guard Corps Navy Intercepts & Detains 4 Ships In Strait Of Hormuz,0.0,Neutral
"Sat, 18 Jul 2026 07:00:00 GMT",Unknown,U.S. launches new airstrikes against Iran following Jordan strike,0.07,Neutral
"Sat, 18 Jul 2026 07:00:00 GMT",Unknown,IRGC: Two Oil Tankers Explode South of Strait of Hormuz,0.0,Neutral
"Sat, 18 Jul 2026 07:00:00 GMT",Unknown,Red Sea Emerges as Shipping’s Next Flashpoint as Hormuz Crisis Persists,0.0,Neutral
"Fri, 17 Jul 2026 07:00:00 GMT",Unknown,"After ceasefire collapse, U.S. expands attacks on Iranian infrastructure to gain control of the Strait of Hormuz",0.2,Neutral
"Fri, 17 Jul 2026 20:28:08 GMT",Unknown,Qatari P.M. Visits Muscat As Tensions Around The Strait Of Hormuz Remain,0.0,Neutral
"Sat, 18 Jul 2026 07:00:00 GMT",Unknown,Iraq signs 48 deals with US companies during PM’s visit to Washington,0.0,Neutral
"Sat, 18 Jul 2026 07:00:00 GMT",Unknown,Iran says two tankers hit mines in Strait of Hormuz as US denies claim,0.0,Neutral
"Sat, 18 Jul 2026 07:00:00 GMT",Unknown,Iran suggests MoU ‘suspended’ as 50 killed in US strikes in July,-0.2,Neutral
"Sat, 18 Jul 2026 07:00:00 GMT",Unknown,"EU, Gulf states call on Iran to unconditionally reopen Strait of Hormuz",0.0,Neutral
"Fri, 17 Jul 2026 07:00:00 GMT",Unknown,US strikes hit bridges near Hormuz as Iran responds with new attacks,0.12,Neutral
"Fri, 17 Jul 2026 07:00:00 GMT",Unknown,Importance of the Strait of Hormuz,0.0,Neutral
"Sat, 18 Jul 2026 07:00:00 GMT",Unknown,"Iran Claims Two Oil Tankers Exploded, Caught Fire In Strait Of Hormuz Minefield; US Denies",0.0,Neutral
"Fri, 17 Jul 2026 07:00:00 GMT",Unknown,INTERTANKO Warns Threat to Shipping Now Extends Across Gulf Region as Hormuz Transits Continue to Fall,0.0,Neutral
"Sat, 18 Jul 2026 07:00:00 GMT",Unknown,Iran War Updates: Bridges and Water Plants Hit as Strikes Stretch to 7th Straight Day,0.18,Neutral
"Fri, 17 Jul 2026 07:00:00 GMT",Unknown,Why Hormuz matters far beyond the current conflict,0.04,Neutral
"Fri, 17 Jul 2026 07:00:00 GMT",Unknown,China Seeks Long-Term LNG Deals Beyond the Strait of Hormuz,-0.7,Negative
"Fri, 17 Jul 2026 07:00:00 GMT",Unknown,Smaller South Asian States Pay the Price for Hormuz Closure,0.0,Neutral
"Fri, 17 Jul 2026 07:00:00 GMT",Unknown,U.S.-Iran MOU near collapse as Washington seeks to avoid wider war,0.1,Neutral
"Sat, 18 Jul 2026 07:00:00 GMT",Unknown,How US strikes are cutting Iran’s supply lines to its key Hormuz naval base,-0.47,Negative
"Sat, 18 Jul 2026 07:00:00 GMT",Unknown,Iran's Guards say two oil tankers explode after hitting mines in Hormuz,0.0,Neutral
"Sat, 18 Jul 2026 07:00:00 GMT",Unknown,US military launches new airstrikes to ‘swiftly punish’ Iran for deaths of US troops,0.02,Neutral
"Sat, 18 Jul 2026 07:00:00 GMT",Unknown,Why US strikes are moving deeper into southern Iran,0.0,Neutral
"Sat, 18 Jul 2026 07:00:00 GMT",Unknown,Iran just crossed Trump's red line for resuming all-out war as fighting continues to escalate with no end in sight,0.0,Neutral
"Sat, 18 Jul 2026 07:00:00 GMT",Unknown,"Hormuz traffic falls to three-week low, MarineTraffic says",0.0,Neutral
"Sun, 19 Jul 2026 07:00:00 GMT",Unknown,"Ships continue to move through Strait of Hormuz, Chris Wright says",0.0,Neutral
"Sun, 19 Jul 2026 07:00:00 GMT",Unknown,In a strait race: US and Iran face-off over Hormuz,0.0,Neutral
"Sun, 19 Jul 2026 07:00:00 GMT",Unknown,A Modest Proposal for the Strait Dispute: A Shared Pact Among Gulf States,0.11,Neutral
"Sun, 19 Jul 2026 07:00:00 GMT",Unknown,"Few tankers enter Hormuz to load oil, LNG floating storage rises, data shows",-0.2,Neutral
"Sun, 19 Jul 2026 07:00:00 GMT",Unknown,Revolutionary Guards say vessels halted in Strait of Hormuz,0.0,Neutral
"Sun, 19 Jul 2026 07:00:00 GMT",Unknown,Sailors at high risk from attacks in Strait of Hormuz as US-Iran tension grows,0.16,Neutral
"Sun, 19 Jul 2026 07:00:00 GMT",Unknown,Report: Greek Tanker May Be On Fire in Strait of Hormuz,0.0,Neutral
"Sun, 19 Jul 2026 07:00:00 GMT",Unknown,Strait of Hormuz Tensions Spike Tanker Trade: These 2 Stocks Are Set to Benefit,0.0,Neutral
"Sun, 19 Jul 2026 07:00:00 GMT",Unknown,U.S. attacks on Iran continue over Strait of Hormuz,0.0,Neutral
"Sun, 19 Jul 2026 07:00:00 GMT",Unknown,The Strait of Hormuz Is Where Every Iran Ceasefire Goes to Die,0.2,Neutral
"Sun, 19 Jul 2026 07:00:00 GMT",Unknown,The world is looking ahead toward a post-Iran oil market that offsets most Hormuz volumes,0.5,Positive
"Sun, 19 Jul 2026 07:00:00 GMT",Unknown,Iran’s Guards Say Two Ships Involved In ‘Accident’ After Defying Hormuz Warnings,0.0,Neutral
"Sun, 19 Jul 2026 07:00:00 GMT",Unknown,US launches more airstrikes against Iran after announcing another death of a service member,0.5,Positive
"Sat, 18 Jul 2026 18:40:05 GMT",Unknown,Crashing Expectations (for Hormuz Reopening by 9/1): 6%,0.0,Neutral
"Sun, 19 Jul 2026 07:00:00 GMT",Unknown,Energy secretary: US ‘will continue to assure flow of traffic’ through Strait of Hormuz amid reignited Iran war,0.0,Neutral
"Sun, 19 Jul 2026 07:00:00 GMT",Unknown,"A blockade at Hormuz, a crisis for all humanity",0.0,Neutral
"Sun, 19 Jul 2026 07:00:00 GMT",Unknown,British military says a ship is ablaze in the Strait of Hormuz near the coast of Oman,0.0,Neutral
"Sun, 19 Jul 2026 07:00:00 GMT",Unknown,Trump vows retaliation against Iran after U.S. deaths: 'They will pay',0.0,Neutral
"Sun, 19 Jul 2026 07:00:00 GMT",Unknown,The Hormuz of Babylon,0.0,Neutral
"Sat, 18 Jul 2026 22:00:58 GMT",Unknown,EU and GCC reject 'unlawful' sovereignty claim over Strait of Hormuz,0.0,Neutral
"Sun, 19 Jul 2026 07:00:00 GMT",Unknown,Strait of Hormuz Status Update: All Maritime Traffic Banned,0.0,Neutral
"Sun, 19 Jul 2026 07:00:00 GMT",Unknown,Hormuz Closure Exposes Africa's Energy Dependence on Iran and China,-0.7,Negative
"Sun, 19 Jul 2026 07:00:00 GMT",Unknown,Fast Fashion Is About to Get Caught Up in Hormuz,0.2,Neutral
"Sun, 19 Jul 2026 07:00:00 GMT",Unknown,The Strait of Hormuz crisis is exposing a hidden food risk. New fertilizer tech could help,0.03,Neutral
"Sun, 19 Jul 2026 07:00:00 GMT",Unknown,Two US Troops Killed In Iranian Strike As Strait Of Hormuz Shuts To Shipping Again,-0.2,Neutral
"Sun, 19 Jul 2026 07:00:00 GMT",Unknown,World in Brief: Iran warns ships in Hormuz; Ukraine and Russia trade strikes,0.0,Neutral
"Sun, 19 Jul 2026 07:00:00 GMT",Unknown,Iran claims US planes strike in southern Iran after 'accident' occurs in Hormuz,0.0,Neutral
"Sun, 19 Jul 2026 07:00:00 GMT",Unknown,Iraq turns to Syria to bypass the Strait of Hormuz,0.14,Neutral
"Sun, 19 Jul 2026 07:00:00 GMT",Unknown,US launches 10th round of strikes as Iran says it is in ‘full-scale war’,-0.2,Neutral
"Sun, 19 Jul 2026 07:00:00 GMT",Unknown,Iran's Revolutionary Guard Says It Targeted Two Ships in Strait of Hormuz,0.0,Neutral
"Sun, 19 Jul 2026 07:00:00 GMT",Unknown,Strait of Hormuz crisis reverses LNG export recovery from Gulf region,0.0,Neutral
"Sun, 19 Jul 2026 07:00:00 GMT",Unknown,IEA Says Global Economy Has Weeks to Prevent Hormuz Shipping Crisis,0.0,Neutral
"Sun, 19 Jul 2026 07:00:00 GMT",Unknown,Oil tanker stopped in the Strait of Hormuz after Iran's statements about attacks on ships – Bloomberg,0.0,Neutral
"Sun, 19 Jul 2026 07:00:00 GMT",Unknown,In Defense of Détente with Iran | Proceedings,0.0,Neutral
"Sun, 19 Jul 2026 07:00:00 GMT",Unknown,Analysis • Iran weaponizes the Middle East's water supply to gain leverage over the U.S.,0.0,Neutral
"Sun, 19 Jul 2026 07:00:00 GMT",Unknown,Brent Oil Tops $90 as Middle East Attacks Threaten Hormuz Flows,0.0,Neutral
"Sun, 19 Jul 2026 07:00:00 GMT",Unknown,U.S. announces another troop death as Israel warns Tehran's attacks are coming close,0.0,Neutral
"Sun, 19 Jul 2026 07:00:00 GMT",Unknown,"Vessel on fire in Hormuz, caution advised",0.0,Neutral
"Sun, 19 Jul 2026 07:00:00 GMT",Unknown,What are the implications of a renewed closure of the Strait of Hormuz?,0.0,Neutral
"Sun, 19 Jul 2026 07:00:00 GMT",Unknown,"Iran says planned nuclear plant attacked by US, Hormuz vessels stopped",0.0,Neutral
"Sun, 19 Jul 2026 07:00:00 GMT",Unknown,Iran says two tankers mined and blown up in Strait of Hormuz,0.0,Neutral
"Sun, 19 Jul 2026 07:00:00 GMT",Unknown,Oil prices rise after Trump says Iran will pay for killing U.S. service members,0.0,Neutral
"Sun, 19 Jul 2026 07:00:00 GMT",Unknown,US hits Iran for 8th consecutive night; Tehran returns fire on Gulf bases,0.0,Neutral
"Sun, 19 Jul 2026 07:00:00 GMT",Unknown,Iran Guards says ships transiting Hormuz with US backing involved in ‘accident’,0.0,Neutral
"Sun, 19 Jul 2026 07:00:00 GMT",Unknown,The Commodities Feed: Persian Gulf escalation pushes Brent above $90,0.05,Neutral
"Sun, 19 Jul 2026 07:00:00 GMT",Unknown,Another Tanker Attacked in Strait of Hormuz as US Strikes Iran for 10th Consecutive Night,0.0,Neutral
"Sun, 19 Jul 2026 07:00:00 GMT",Unknown,Nigerian children pay the price for the Iran war as malnutrition and poverty surge,0.0,Neutral
"Sun, 19 Jul 2026 07:00:00 GMT",Unknown,EU and Gulf bloc reject claims to sovereignty over Strait of Hormuz as unlawful,0.0,Neutral
"Sun, 19 Jul 2026 07:00:00 GMT",Unknown,IEA Sees Narrow Window to Prevent Global Economic Fallout From Hormuz Disruption,0.0,Neutral
"Sun, 19 Jul 2026 07:00:00 GMT",Unknown,"Iraq bypasses Strait of Hormuz, trucking thousands of fuel shipments through Syria",0.0,Neutral
"Sat, 18 Jul 2026 07:00:00 GMT",Unknown,"IRGC Obliterates U.S. Drone Depot in Bahrain, Completely Closes Strait of Hormuz",0.1,Neutral
"Sun, 19 Jul 2026 07:00:00 GMT",Unknown,Iran hits out at Gulf neighbors as US presses on with strikes,0.0,Neutral
"Sun, 19 Jul 2026 07:00:00 GMT",Unknown,"Donald Trump hosts Iraqi PM Ali al-Zaidi to talk oil deals, bypassing Hormuz",0.0,Neutral
"Sun, 19 Jul 2026 07:00:00 GMT",Unknown,IRGC Navy Reports Incidents Involving 4 Vessels in Strait of Hormuz,0.0,Neutral
"Sun, 19 Jul 2026 07:00:00 GMT",Unknown,"Iran reports US strikes around Hormuz, Qeshm Island; Iranian Kurdish dissident group in Iraq hit by drone",0.0,Neutral
"Sat, 18 Jul 2026 11:58:05 GMT",Unknown,Trump’s 'Guardian of Hormuz',0.0,Neutral
"Sun, 19 Jul 2026 07:00:00 GMT",Unknown,Hormuz aftermath washes up in Singapore,0.0,Neutral
"Sat, 18 Jul 2026 07:00:00 GMT",Unknown,US and Iran exchange strikes as they struggle over Strait of Hormuz,0.0,Neutral
"Sat, 18 Jul 2026 07:00:00 GMT",Unknown,US concludes seventh night of strikes against Iran,0.0,Neutral
"Mon, 20 Jul 2026 07:00:00 GMT",Unknown,Another Hormuz? What to Know About the Houthi Threat to the Red Sea,-0.04,Neutral
"Mon, 20 Jul 2026 07:00:00 GMT",Unknown,Hormuz Without a Peace,-0.12,Neutral
"Mon, 20 Jul 2026 07:00:00 GMT",Unknown,Shipping traffic falls sharply in Strait of Hormuz as Iran war escalates,0.08,Neutral
"Mon, 20 Jul 2026 07:00:00 GMT",Unknown,Ships shun Strait of Hormuz as renewed fighting strains key oil corridor,0.0,Neutral
"Mon, 20 Jul 2026 07:00:00 GMT",Unknown,Why Does Iran Insist on Controlling the Strait of Hormuz?,0.0,Neutral
"Mon, 20 Jul 2026 07:00:00 GMT",Unknown,Aftermath: Trump’s Hormuz Crisis Threatens to Break Into Regional War,0.0,Neutral
"Mon, 20 Jul 2026 07:00:00 GMT",Unknown,US strikes Iran for ninth consecutive day as more ships targeted in Strait of Hormuz,0.5,Positive
"Mon, 20 Jul 2026 07:00:00 GMT",Unknown,Shipowner Offers Seafarers Six Months’ Pay to Sail Through Strait of Hormuz,0.1,Neutral
"Mon, 20 Jul 2026 07:00:00 GMT",Unknown,"S&P Global: Escalating US-Iran conflict disrupts maritime traffic, oil markets",0.0,Neutral
"Mon, 20 Jul 2026 07:00:00 GMT",Unknown,"US and Iran dig in over the Strait of Hormuz, showing the limits of intensifying airstrikes",0.0,Neutral
"Mon, 20 Jul 2026 07:00:00 GMT",Unknown,Oil Tanker Appears to Halt in Hormuz After Iran Targets Vessels,0.0,Neutral
"Mon, 20 Jul 2026 07:00:00 GMT",Unknown,Another tanker attacked in Strait of Hormuz as US strikes Iran for 10th consecutive night,0.0,Neutral
"Mon, 20 Jul 2026 07:00:00 GMT",Unknown,Hormuz vessel crossings extend slide on fresh US-Iran attacks,0.3,Positive
"Mon, 20 Jul 2026 07:00:00 GMT",Unknown,Shipowners Offer Huge Bonuses to Get Crews to Sail Hormuz,0.4,Positive
"Mon, 20 Jul 2026 07:00:00 GMT",Unknown,"Crew abandon tanker in Strait of Hormuz, ship hit off UAE",0.0,Neutral
"Mon, 20 Jul 2026 07:00:00 GMT",Unknown,Iran mediators push new ceasefire as Trump eyes all-out war,0.14,Neutral
"Mon, 20 Jul 2026 07:00:00 GMT",Unknown,Dynacom Reports Two Tankers Attacked Near Strait of Hormuz,0.1,Neutral
"Mon, 20 Jul 2026 07:00:00 GMT",Unknown,"Tanker reports being struck by projectile in Strait of Hormuz, says monitor",0.0,Neutral
"Mon, 20 Jul 2026 07:00:00 GMT",Unknown,Oil tops $90 as Iran warns Hormuz 'will not be safe',0.5,Positive
"Mon, 20 Jul 2026 07:00:00 GMT",Unknown,The Slow Death of the Global Commons,-0.15,Neutral
"Mon, 20 Jul 2026 07:00:00 GMT",Unknown,Hormuz traffic near standstill as Dynacom ships targeted,0.1,Neutral
"Mon, 20 Jul 2026 07:00:00 GMT",Unknown,Op-Ed: What the Strait of Hormuz backlog reveals about operational readiness,0.0,Neutral
"Mon, 20 Jul 2026 07:00:00 GMT",Unknown,"Mission in Iran war has pivoted toward ensuring oil flow, Trump official says",0.0,Neutral
"Mon, 20 Jul 2026 07:00:00 GMT",Unknown,US bombs Iran for ninth consecutive night as Hormuz tensions escalate,0.0,Neutral
"Mon, 20 Jul 2026 07:00:00 GMT",Unknown,New Tanker Attack Reported Near Strait of Hormuz as U.S. Continues Strikes on Iran,0.12,Neutral
"Mon, 20 Jul 2026 07:00:00 GMT",Unknown,Iran: 2 oil tankers in Strait of Hormuz have exploded,0.0,Neutral
"Mon, 20 Jul 2026 07:00:00 GMT",Unknown,"Oil transfer activity in Gulf of Oman slows following ship attacks, data shows",0.0,Neutral
"Mon, 20 Jul 2026 07:00:00 GMT",Unknown,US-Iran War Escalates as Strait of Hormuz Incident Raises Fears of Wider Regional Crisis,0.0,Neutral
"Mon, 20 Jul 2026 07:00:00 GMT",Unknown,Dynacom’s Hormuz Strategy Tested as Two Tankers Come Under Attack,0.0,Neutral
"Mon, 20 Jul 2026 07:00:00 GMT",Unknown,UK maritime agency reports ship on fire in Strait of Hormuz,0.0,Neutral
"Mon, 20 Jul 2026 07:00:00 GMT",Unknown,LNG Shipments Through Strait of Hormuz Grind to a Halt as Conflict Escalates,-0.7,Negative
"Mon, 20 Jul 2026 07:00:00 GMT",Unknown,IRGC claims to ‘halt’ two oil tankers in Strait of Hormuz,0.0,Neutral
"Sun, 19 Jul 2026 07:19:47 GMT",Unknown,IEA Urges Restoration of Strait of Hormuz Oil Flows to Safeguard Energy Security,0.0,Neutral
"Mon, 20 Jul 2026 07:00:00 GMT",Unknown,Iran wants to use Strait of Hormuz as bargaining tool: Rubio,0.2,Neutral
"Mon, 20 Jul 2026 07:00:00 GMT",Unknown,Why US can’t bypass Iran’s Strait of Hormuz chokehold,0.0,Neutral
"Mon, 20 Jul 2026 07:00:00 GMT",Unknown,Dynacom tanker set alight by double strike in Strait of Hormuz,0.0,Neutral
"Mon, 20 Jul 2026 07:00:00 GMT",Unknown,Strait of Hormuz: How will Africa weather the new oil-price shock?,0.14,Neutral
"Mon, 20 Jul 2026 07:00:00 GMT",Unknown,China’s Hormuz Strategy Balances Pragmatism – OpEd,0.0,Neutral
"Mon, 20 Jul 2026 07:00:00 GMT",Unknown,Crew abandon burning Dynacom tanker in Strait of Hormuz,0.0,Neutral
"Mon, 20 Jul 2026 07:00:00 GMT",Unknown,Iran’s Strait of Hormuz Blockade: What it Means for Global Oil [FreightWaves],0.0,Neutral
"Mon, 20 Jul 2026 07:00:00 GMT",Unknown,"Iranians still have control over the Strait of Hormuz, says Kpler's Matt Smith",0.0,Neutral
"Mon, 20 Jul 2026 07:00:00 GMT",Unknown,Two Tankers Explode near Strait of Hormuz as Iran Warns Shipping Is Unsafe,0.1,Neutral
"Mon, 20 Jul 2026 07:00:00 GMT",Unknown,Trump's plan for toll in Strait of Hormuz is another hypocrisy,0.0,Neutral
"Mon, 20 Jul 2026 07:00:00 GMT",Unknown,Gen Jack Keane: We are fighting the battle of Hormuz,0.0,Neutral
"Mon, 20 Jul 2026 07:00:00 GMT",Unknown,Oil Holds Gain as Traders Weigh Outlook for Middle East Conflict,0.0,Neutral
"Sun, 19 Jul 2026 07:00:00 GMT",Unknown,The battle over the Strait of Hormuz is escalating,0.0,Neutral
"Mon, 20 Jul 2026 07:00:00 GMT",Unknown,Tanker attacked in Strait of Hormuz as US strikes Iran for tenth consecutive night,0.0,Neutral
"Mon, 20 Jul 2026 07:00:00 GMT",Unknown,Crew Abandons Burning Tanker After Attack Near Strait of Hormuz,0.1,Neutral
"Mon, 20 Jul 2026 07:00:00 GMT",Unknown,"UK committed to securing Hormuz shipping, Britain’s new PM tells Trump",0.09,Neutral
"Mon, 20 Jul 2026 07:00:00 GMT",Unknown,Energy majors home in on Hormuz bypass options as hostilities escalate,0.0,Neutral
"Mon, 20 Jul 2026 07:00:00 GMT",Unknown,Tanker Attacks in Strait of Hormuz Coincide With New Houthi Maritime Threat,0.14,Neutral
"Mon, 20 Jul 2026 07:00:00 GMT",Unknown,"IRGC says two tankers exploded in Hormuz, threatens US forces",0.0,Neutral
"Mon, 20 Jul 2026 07:00:00 GMT",Unknown,"U.S., Iran trade strikes for 9th night as Hormuz conflict escalates",0.0,Neutral
"Mon, 20 Jul 2026 07:00:00 GMT",Unknown,Tankers Fear Hormuz Transit as Iran Stops Vessels,-0.7,Negative
"Mon, 20 Jul 2026 07:00:00 GMT",Unknown,Rubio says Iran wants to use Hormuz as ‘leverage against the world’,0.2,Neutral
"Mon, 20 Jul 2026 07:00:00 GMT",Unknown,MP says Strait of Hormuz cannot be taken from Iran's control,0.0,Neutral
"Mon, 20 Jul 2026 07:00:00 GMT",Unknown,"Rubio says Iran using Strait of Hormuz as leverage, urges allies to protect shipping",0.0,Neutral
"Mon, 20 Jul 2026 07:00:00 GMT",Unknown,Gulf states can bypass Hormuz – but not the risk,0.0,Neutral
"Mon, 20 Jul 2026 07:00:00 GMT",Unknown,Southeast Asian ministers set to call for opening of Strait of Hormuz in Manila talks,0.0,Neutral
"Mon, 20 Jul 2026 07:00:00 GMT",Unknown,Iran Claims Two Oil Tankers Exploded in Strait of Hormuz,0.0,Neutral
"Mon, 20 Jul 2026 07:00:00 GMT",Unknown,Steve Forbes urges Trump to keep the Strait of Hormuz open at all costs,0.0,Neutral
"Mon, 20 Jul 2026 07:00:00 GMT",Unknown,IRGC Says Two Ships Involved In Strait Of Hormuz ‘Accident’ After Taking ‘Unsafe Route’,0.0,Neutral
"Mon, 20 Jul 2026 07:00:00 GMT",Unknown,Strait of Hormuz tanker traffic drops sharply as U.S.-Iran tensions escalate,-0.12,Neutral
"Tue, 21 Jul 2026 07:00:00 GMT",Unknown,"Strait of Hormuz Brief: 21 July, 2026",0.0,Neutral
"Tue, 21 Jul 2026 07:00:00 GMT",Unknown,"Money talks—as the Iran war continues, options for the Strait of Hormuz are coalescing around one solution— tolls",0.0,Neutral
"Tue, 21 Jul 2026 07:00:00 GMT",Unknown,Strait of Hormuz traffic at a standstill as fears for global oil supply grow,0.0,Neutral
"Tue, 21 Jul 2026 07:00:00 GMT",Unknown,"Hormuz tankers on fire, as US, Iran continue attacks: What’s the latest?",0.5,Positive
"Tue, 21 Jul 2026 07:00:00 GMT",Unknown,Could The US-Iran Battle For Hormuz Be A Win For Russia And China?,0.67,Positive
"Tue, 21 Jul 2026 07:00:00 GMT",Unknown,"Tanker crew abandons vessel after reported projectile strike in Strait of Hormuz, UKMTO says",0.0,Neutral
"Tue, 21 Jul 2026 07:00:00 GMT",Unknown,Oil Prices Top $90 as Kuwaiti Tanker Hit in Strait of Hormuz,0.1,Neutral
"Tue, 21 Jul 2026 07:00:00 GMT",Unknown,IRGC Claims Two Tankers Hit and Halted in Strait of Hormuz,0.0,Neutral
"Tue, 21 Jul 2026 07:00:00 GMT",Unknown,Second Tanker Abandoned in 24 Hours After Latest Strait of Hormuz Attack,0.25,Positive
"Tue, 21 Jul 2026 07:00:00 GMT",Unknown,June and July Saw Moderate Ship Traffic in Strait of Hormuz,0.0,Neutral
"Tue, 21 Jul 2026 07:00:00 GMT",Unknown,U.S. strikes Iran and Houthis threaten Saudi Arabia shipping as mediators push 10-day ceasefire,0.0,Neutral
"Mon, 20 Jul 2026 07:00:00 GMT",Unknown,U.S. military says it's carrying out its 10th consecutive night of strikes on Iran,-0.1,Neutral
"Tue, 21 Jul 2026 07:00:00 GMT",Unknown,The cables beneath the Strait of Hormuz are a national security test,0.0,Neutral
"Tue, 21 Jul 2026 07:00:00 GMT",Unknown,Tanker attacked in Strait of Hormuz as US strikes Iran for 10th night,0.0,Neutral
"Tue, 21 Jul 2026 07:00:00 GMT",Unknown,Shipping transits slow to a trickle as Strait of Hormuz faces “worst-case scenario”,-0.3,Negative
"Tue, 21 Jul 2026 07:00:00 GMT",Unknown,Indian Refiners Halt Iraq Oil Loadings as Hormuz Risks Escalate,0.0,Neutral
"Mon, 20 Jul 2026 07:00:00 GMT",Unknown,US Strikes Iran After Hormuz Shipping Attack; Explosions Heard in Bahrain’s Capital,0.0,Neutral
"Tue, 21 Jul 2026 07:00:00 GMT",Unknown,Oil prices on the rise: renewed strains on the Strait of Hormuz,0.0,Neutral
"Tue, 21 Jul 2026 07:00:00 GMT",Unknown,Hardline Backlash Against Zarif’s New Article on the Strait of Hormuz,0.14,Neutral
"Tue, 21 Jul 2026 07:00:00 GMT",Unknown,"Iran's Strait of Hormuz threat demands US military action, not negotiation",0.0,Neutral
"Tue, 21 Jul 2026 07:00:00 GMT",Unknown,"After Hormuz, are Iran-backed Houthis closing another vital strait?",0.07,Neutral
"Tue, 21 Jul 2026 07:00:00 GMT",Unknown,"Hormuz, Malacca and other key straits spawn tensions throughout history",-0.06,Neutral
"Tue, 21 Jul 2026 01:47:03 GMT",Unknown,Crew abandons tanker hit by projectile in Strait of Hormuz,0.0,Neutral
"Tue, 21 Jul 2026 07:00:00 GMT",Unknown,"Houthis announce Saudi naval blockade, threatening new front in US-Iran war",0.14,Neutral
"Tue, 21 Jul 2026 07:00:00 GMT",Unknown,Two tankers on fire in Strait of Hormuz,0.0,Neutral
"Tue, 21 Jul 2026 07:00:00 GMT",Unknown,Sinokor offers tanker crews six months’ pay to cross Strait of Hormuz,0.05,Neutral
"Tue, 21 Jul 2026 07:00:00 GMT",Unknown,Beyond the Strait of Hormuz: Refining capacity and product-market vulnerability,0.0,Neutral
"Tue, 21 Jul 2026 07:00:00 GMT",Unknown,Iran declares Hormuz shut as long as US attacks continue,-0.05,Neutral
"Tue, 21 Jul 2026 07:00:00 GMT",Unknown,"Iran's demands over the Strait of Hormuz would set a dangerous precedent, Rubio warns Asian leaders",-0.3,Negative
"Tue, 21 Jul 2026 07:00:00 GMT",Unknown,"Attacks in the Strait of Hormuz; Israel kills 57 Palestinians in Gaza in one week; No more elections in Nicaragua, Ortega says",-0.25,Negative
"Tue, 21 Jul 2026 07:00:00 GMT",Unknown,Shipowners Offer Seafarers Massive Bonuses To Sail Through Risky Hormuz Waters,0.0,Neutral
"Mon, 20 Jul 2026 07:00:00 GMT",Unknown,"Iran's Houthi allies declare maritime embargo against Saudi Arabia, escalating threat to oil market",0.0,Neutral
"Tue, 21 Jul 2026 07:00:00 GMT",Unknown,IEA Executive Director statement on oil markets,0.0,Neutral
"Tue, 21 Jul 2026 07:00:00 GMT",Unknown,"Indian Oil Corp cancels Iraq oil lifting amid attacks, sources say",0.0,Neutral
"Tue, 21 Jul 2026 07:00:00 GMT",Unknown,"Oil prices could surpass $120 per barrel if disruptions in Strait of Hormuz don’t ease, says Goldman Sachs",0.0,Neutral
"Tue, 21 Jul 2026 07:00:00 GMT",Unknown,Iran’s Hormuz body ‘could control’ subsea cable work,0.0,Neutral
"Tue, 21 Jul 2026 07:00:00 GMT",Unknown,"Iran attacks another tanker in Strait of Hormuz, drawing US warning",0.0,Neutral
"Tue, 21 Jul 2026 07:00:00 GMT",Unknown,OPEC+’s Upcoming August Meeting: Fuel Considerations due to Hormuz Volatility,-0.02,Neutral
"Tue, 21 Jul 2026 07:00:00 GMT",Unknown,Danger money: Hormuz sailors offered six months' salary to cross strait,0.0,Neutral
"Tue, 21 Jul 2026 07:00:00 GMT",Unknown,UN's worst-case scenario: Energy and fertilizer shock from Iran war could push nearly 19 million more into chronic hunger by 2030,0.3,Positive
"Mon, 20 Jul 2026 07:00:00 GMT",Unknown,IRGC: Two Tankers Explode in Southern Strait of Hormuz,0.0,Neutral
"Mon, 20 Jul 2026 07:00:00 GMT",Unknown,"Iraq eyes Türkiye, Syria pipeline to curb Strait of Hormuz reliance",0.0,Neutral
"Tue, 21 Jul 2026 07:00:00 GMT",Unknown,The high-stakes tanker trade that keeps oil flowing through Hormuz,0.0,Neutral
"Tue, 21 Jul 2026 07:00:00 GMT",Unknown,Another Tanker Hit in Hormuz as Houthis Add to Regional Risks,0.0,Neutral
"Tue, 21 Jul 2026 07:00:00 GMT",Unknown,Why Iran is risking so much over the Strait of Hormuz,0.2,Neutral
"Tue, 21 Jul 2026 07:00:00 GMT",Unknown,U.S. and Iran dig in over control of the Strait of Hormuz,0.0,Neutral
"Wed, 22 Jul 2026 07:00:00 GMT",Unknown,"Shipping insider says ""nothing is going through"" the Strait of Hormuz, despite U.S. insisting it's open",0.0,Neutral
"Wed, 22 Jul 2026 07:00:00 GMT",Unknown,Hormuz vessel crossings fall further as security concerns linger,0.0,Neutral
"Wed, 22 Jul 2026 07:00:00 GMT",Unknown,Rising Costs from the New Hormuz Blockade,0.14,Neutral
"Wed, 22 Jul 2026 07:00:00 GMT",Unknown,Idle Ships in the Strait of Hormuz Could Trigger a Global Bioinvasion Event,0.0,Neutral
"Wed, 22 Jul 2026 07:00:00 GMT",Unknown,Dubai Firm Cuts Deal for New Port to Bypass Strait of Hormuz,0.0,Neutral
"Wed, 22 Jul 2026 07:00:00 GMT",Unknown,"Rubio Says Iran Not Serious About Diplomacy, Warns ASEAN On Hormuz Threat",0.24,Positive
"Wed, 22 Jul 2026 07:00:00 GMT",Unknown,"Oil prices surge as Hormuz, Bab el-Mandeb risks escalate amid renewed US–Iran tensions",0.0,Neutral
"Wed, 22 Jul 2026 07:00:00 GMT",Unknown,Iran war: Trump threatens bridges over Hormuz Strait attacks,0.0,Neutral
"Wed, 22 Jul 2026 07:00:00 GMT",Unknown,Rubio warns of dangerous precedent in Iranian Strait of Hormuz demands,-0.6,Negative
"Wed, 22 Jul 2026 07:00:00 GMT",Unknown,"From Syria to UAE, the race to bypass Strait of Hormuz is on",0.0,Neutral
"Wed, 22 Jul 2026 07:00:00 GMT",Unknown,Trump threatens Iranian infrastructure over Strait of Hormuz attacks,0.0,Neutral
"Wed, 22 Jul 2026 07:00:00 GMT",Unknown,"Trump vows to bomb Iran's bridges, power plants if it shoots at ships in Hormuz Strait",0.0,Neutral
"Wed, 22 Jul 2026 07:00:00 GMT",Unknown,"Iran, Gulf hit as Hormuz, Bab al-Mandeb close: What’s the latest?",0.5,Positive
"Wed, 22 Jul 2026 07:00:00 GMT",Unknown,US Insists Iran 'Does Not Control' Strait Of Hormuz,0.4,Positive
"Wed, 22 Jul 2026 07:00:00 GMT",Unknown,"Explosions reported on Iran's Lark Island, near Strait of Hormuz amid US strikes",0.1,Neutral
"Wed, 22 Jul 2026 07:00:00 GMT",Unknown,"Trump’s New Warning to Iran: Attack a Ship in Hormuz, Lose a Bridge or Power Plant",0.14,Neutral
"Wed, 22 Jul 2026 07:00:00 GMT",Unknown,South Korea denies US requested deployment to Strait of Hormuz,0.0,Neutral
"Wed, 22 Jul 2026 07:00:00 GMT",Unknown,Oil Rises on Dual Shipping Threat in Hormuz and Red Sea,0.0,Neutral
"Wed, 22 Jul 2026 07:00:00 GMT",Unknown,"U.S. will destroy Iranian bridges for each attack in Strait of Hormuz, Trump says",-0.2,Neutral
"Wed, 22 Jul 2026 07:00:00 GMT",Unknown,Trump vows to hit an Iranian bridge or power plant for every ship Iran attacks,0.0,Neutral
"Wed, 22 Jul 2026 07:00:00 GMT",Unknown,Trump issues new warning to Iran over Strait of Hormuz attacks as oil prices jump,0.14,Neutral
"Wed, 22 Jul 2026 07:00:00 GMT",Unknown,US military carries out strikes on Iran as both sides threaten civilian infrastructure,-0.1,Neutral
"Wed, 22 Jul 2026 07:00:00 GMT",Unknown,"DP World to build two new terminals on UAE's eastern coast, reducing Hormuz reliance",0.14,Neutral
"Wed, 22 Jul 2026 07:00:00 GMT",Unknown,Seoul says no US request to deploy warship to Strait of Hormuz,0.0,Neutral
"Wed, 22 Jul 2026 07:00:00 GMT",Unknown,Trump Shares Crazed Plan to Stop Iran Attacking Boats in Hormuz Strait,0.0,Neutral
"Wed, 22 Jul 2026 07:00:00 GMT",Unknown,Watch Hormuz Is Bad. Bab el-Mandeb Is Worse,-0.55,Negative
"Wed, 22 Jul 2026 07:00:00 GMT",Unknown,World in Brief: Escalating threats over Hormuz; Saudi Arabia and America sign nuclear deal,0.0,Neutral
"Wed, 22 Jul 2026 07:00:00 GMT",Unknown,Iran toll in Hormuz would set ‘dangerous precedent’ says Rubio,-0.6,Negative
"Wed, 22 Jul 2026 07:00:00 GMT",Unknown,Iran’s demands over Strait of Hormuz sets dangerous precedent – Rubio,-0.6,Negative
"Wed, 22 Jul 2026 07:00:00 GMT",Unknown,"Trump threatens to bomb Iranian bridges, power plants over Strait of Hormuz attacks",0.0,Neutral
"Wed, 22 Jul 2026 07:00:00 GMT",Unknown,"Two Days After the Houthi Blockade Announcement, the Red Sea Split in Two",0.0,Neutral
"Wed, 22 Jul 2026 07:00:00 GMT",Unknown,How Japan is managing the energy shock,0.0,Neutral
"Wed, 22 Jul 2026 07:00:00 GMT",Unknown,Trump vows quid pro quo response to Iranian strikes on Hormuz strait,0.0,Neutral
"Wed, 22 Jul 2026 07:00:00 GMT",Unknown,"Trump vows to bomb Iran’s bridges, power plants if it shoots at ships in Hormuz Strait",0.0,Neutral
"Wed, 22 Jul 2026 07:00:00 GMT",Unknown,Oil Tanker Traffic Through Strait of Hormuz Falls to Zero,0.0,Neutral
"Wed, 22 Jul 2026 07:00:00 GMT",Unknown,America’s Strait of Hormuz case depends on a treaty that Republicans blocked,0.0,Neutral
"Wed, 22 Jul 2026 07:00:00 GMT",Unknown,Trump threatens Iran’s bridges and power plants over Hormuz; U.S. and Saudi agree to nuclear deal; RSF drone kills 21 in North Darfur,0.0,Neutral
"Wed, 22 Jul 2026 07:00:00 GMT",Unknown,Rubio dismisses claims China gave Iran information to target ships in Hormuz,0.0,Neutral
"Wed, 22 Jul 2026 07:00:00 GMT",Unknown,Iran Just Pulled Off a Strategic Master Stroke in the Strait of Hormuz and Now in the Red Sea — Trump Has a Problem,0.0,Neutral
"Wed, 22 Jul 2026 07:00:00 GMT",Unknown,Iran threatens attacks on regional energy infrastructure after Trump’s threat over Hormuz,0.0,Neutral
"Wed, 22 Jul 2026 07:00:00 GMT",Unknown,DP World to Build Two UAE Container Terminals Outside of Hormuz,0.0,Neutral
"Wed, 22 Jul 2026 07:00:00 GMT",Unknown,CENTCOM says Hormuz stays open on 11th night of Iran strikes,0.0,Neutral
"Wed, 22 Jul 2026 07:00:00 GMT",Unknown,Oil Prices Rise as Hormuz Tanker Traffic Drops Again,0.0,Neutral
"Wed, 22 Jul 2026 07:00:00 GMT",Unknown,Houthis target Red Sea shipping as US hits Iran,0.0,Neutral
"Wed, 22 Jul 2026 07:00:00 GMT",Unknown,Oil price rises above $95 mark as Middle East conflict escalates,0.0,Neutral
"Wed, 22 Jul 2026 07:00:00 GMT",Unknown,"US won’t let Iran set ‘dangerous precedent’ by controlling Strait of Hormuz, Rubio warns",-0.6,Negative
"Wed, 22 Jul 2026 07:00:00 GMT",Unknown,Trump threatens to bomb Tehran back for every Iranian attack in Hormuz,0.0,Neutral
"Wed, 22 Jul 2026 07:00:00 GMT",Unknown,"Trump: US will attack Iranian bridge, power plant for every ship targeted in Hormuz",0.0,Neutral
"Wed, 22 Jul 2026 07:00:00 GMT",Unknown,"Oil jumps amid Hormuz traffic drop, Red Sea threats",0.0,Neutral
"Wed, 22 Jul 2026 07:00:00 GMT",Unknown,"Agriculture & Food Security in Iraq: Impact of Regional Developments — Strait of Hormuz Closure, Information Note (June 2026)",0.0,Neutral
"Wed, 22 Jul 2026 07:00:00 GMT",Unknown,"Pakistan Scrambles for Oil Alternatives as Hormuz, Red Sea Risks Mount",-0.23,Negative
"Wed, 22 Jul 2026 07:00:00 GMT",Unknown,World in Brief: Escalating threats over Hormuz; OpenAI models go rogue,0.0,Neutral
"Wed, 22 Jul 2026 07:00:00 GMT",Unknown,Brent crude crosses $100 after tankers reportedly struck off Saudi Arabia,-0.7,Negative
"Wed, 22 Jul 2026 07:00:00 GMT",Unknown,Sinokor offers crews 6 months' bonus pay for one trip through the Strait of Hormuz — and it may hit your wallet next,0.05,Neutral
"Wed, 22 Jul 2026 07:00:00 GMT",Unknown,Iran War: On the Brink Again Over the Strait of Hormuz,0.0,Neutral
"Wed, 22 Jul 2026 07:00:00 GMT",Unknown,Opinion: Canada has its own Strait of Hormuz,0.6,Positive
"Wed, 22 Jul 2026 07:00:00 GMT",Unknown,"US ‘open’ to negotiations with Iran but Tehran not ‘serious’, Rubio says",0.08,Neutral
"Tue, 21 Jul 2026 07:00:00 GMT",Unknown,US Strikes Iran for 10th Consecutive Night as Tehran Strikes Tanker in the Strait of Hormuz,0.0,Neutral
"Wed, 22 Jul 2026 07:00:00 GMT",Unknown,Trump Threatens To Destroy ‘One Bridge Or Power Plant’ In Iran If It Shoots At Ships In Hormuz,-0.2,Neutral
"Wed, 22 Jul 2026 07:00:00 GMT",Unknown,World in Brief: Trump threatens escalation in Hormuz; OpenAI models go rogue,0.0,Neutral
"Wed, 22 Jul 2026 07:00:00 GMT",Unknown,Hormuz conflict forces France’s CMA CGM to impose surcharge,0.0,Neutral
"Wed, 22 Jul 2026 07:00:00 GMT",Unknown,"Trump threatens to destroy one Iranian power plant, bridge per Hormuz ship attack",-0.09,Neutral
"Wed, 22 Jul 2026 07:00:00 GMT",Unknown,"Shafaq News..IRGC keeps Hormuz closed, threatens oil exports",-0.1,Neutral
"Tue, 21 Jul 2026 07:00:00 GMT",Unknown,A new threat by Yemen's Houthis could widen the Iran war and put another trade chokepoint at risk,0.14,Neutral
"Thu, 23 Jul 2026 07:00:00 GMT",Unknown,Stranded seafarers remain trapped as Hormuz shipping stalls,-0.2,Neutral
"Thu, 23 Jul 2026 07:00:00 GMT",Unknown,"Evolution, Not Revolution: Why China Isn’t Pushing Its Cleantech Advantage in the Hormuz Crisis",-0.12,Neutral
"Thu, 23 Jul 2026 07:00:00 GMT",Unknown,Middle East oil producers step up plans to bypass the Strait of Hormuz,0.0,Neutral
"Thu, 23 Jul 2026 07:00:00 GMT",Unknown,"How shipping insurance rates are rising, as Hormuz, Bab al-Mandeb shut down",-0.16,Neutral
"Thu, 23 Jul 2026 07:00:00 GMT",Unknown,US military says it’s launching strikes on Iran as clashes escalate over shipping routes,-0.02,Neutral
"Thu, 23 Jul 2026 07:00:00 GMT",Unknown,Gas prices surge as volatility in Strait of Hormuz continues,0.0,Neutral
"Thu, 23 Jul 2026 07:00:00 GMT",Unknown,Open but off-limits: Who actually controls the Strait of Hormuz?,0.0,Neutral
"Thu, 23 Jul 2026 07:00:00 GMT",Unknown,Military briefing: can the US reopen the Strait of Hormuz by force?,-0.07,Neutral
"Thu, 23 Jul 2026 07:00:00 GMT",Unknown,Three Crude Supertankers Slip Out Through the Strait of Hormuz,-0.7,Negative
"Thu, 23 Jul 2026 07:00:00 GMT",Unknown,Add a month at sea and $2.5 million,0.0,Neutral
"Thu, 23 Jul 2026 07:00:00 GMT",Unknown,Thousands of Stranded Vessels In The Strait of Hormuz Could Create Global Marine Bioinvasion ‘Super-Spreader’ Event,0.0,Neutral
"Thu, 23 Jul 2026 07:00:00 GMT",Unknown,Iran ‘seizes’ damaged Dynacom tanker hit by fire in Strait of Hormuz,0.0,Neutral
"Thu, 23 Jul 2026 07:00:00 GMT",Unknown,Marine Insurers May Ban Payments to Iran for Hormuz Transits,0.0,Neutral
"Thu, 23 Jul 2026 07:00:00 GMT",Unknown,"Oil prices jump as Hormuz, Red Sea crises deepen",0.0,Neutral
"Thu, 23 Jul 2026 07:00:00 GMT",Unknown,"Iran’s Revolutionary Guard says oil tanker hit by explosion in Strait of Hormuz, 2 vessels turn back",0.0,Neutral
"Thu, 23 Jul 2026 07:00:00 GMT",Unknown,"Maersk adds $1,000 per container charge for Hormuz transits",0.0,Neutral
"Wed, 22 Jul 2026 07:00:00 GMT",Unknown,The Hormuz Crisis Is Driving a Geopolitical Shift Across Asia,-0.7,Negative
"Thu, 23 Jul 2026 07:00:00 GMT",Unknown,Is the Red Sea the New Hormuz Crisis?,0.03,Neutral
"Thu, 23 Jul 2026 07:00:00 GMT",Unknown,Gulf oil producers race to build alternatives to the Strait of Hormuz as oil hits $100,0.0,Neutral
"Thu, 23 Jul 2026 07:00:00 GMT",Unknown,"Food and Transport Costs through Strait of Hormuz Remain High, Burdening Vulnerable Economies",-0.14,Neutral
"Thu, 23 Jul 2026 07:00:00 GMT",Unknown,Iran says it stopped 3 oil tankers from transiting Hormuz,0.0,Neutral
"Thu, 23 Jul 2026 07:00:00 GMT",Unknown,"Vessel catches fire after passing through mined route in Hormuz Strait, IRGC says",0.0,Neutral
"Thu, 23 Jul 2026 07:00:00 GMT",Unknown,Hormuz Disruption Shifts LNG Bargaining Power to Buyers,0.0,Neutral
"Thu, 23 Jul 2026 07:00:00 GMT",Unknown,"Iran’s Revolutionary Guards intercepted three oil tankers in the Strait of Hormuz, asserting control over the strategic waterway amid heightened tensions with the US. I via ANC 24/7 Full story link in the comment section.",0.35,Positive
"Thu, 23 Jul 2026 07:00:00 GMT",Unknown,Trump’s hands are tied in Hormuz. Here’s ‘Plan B’,0.0,Neutral
"Thu, 23 Jul 2026 07:00:00 GMT",Unknown,The Strait of Hormuz Isn’t the Only Vital Chokepoint Under Threat,0.05,Neutral
"Thu, 23 Jul 2026 07:00:00 GMT",Unknown,Owners who pay Iran’s Strait of Hormuz toll face losing insurance,0.0,Neutral
"Thu, 23 Jul 2026 07:00:00 GMT",Unknown,Strait of Hormuz Security Can Only Be Ensured in Absence of US: Qalibaf,-0.01,Neutral
"Thu, 23 Jul 2026 07:00:00 GMT",Unknown,What happens if the Red Sea and Strait of Hormuz are blocked?,0.0,Neutral
"Thu, 23 Jul 2026 07:00:00 GMT",Unknown,"With bombing campaign unlikely to change Iran’s posture according to US intel, Trump faces limited options",-0.29,Negative
"Thu, 23 Jul 2026 07:00:00 GMT",Unknown,The Strait of Hormuz crisis is becoming a global cost-of-living shock,0.18,Neutral
"Thu, 23 Jul 2026 07:00:00 GMT",Unknown,"US can't keep Strait of Hormuz open using air and naval power, Gen. McCaffrey says",0.0,Neutral
"Thu, 23 Jul 2026 07:00:00 GMT",Unknown,Iran media reports US strike on island in Hormuz,0.0,Neutral
"Thu, 23 Jul 2026 07:00:00 GMT",Unknown,Iran Has Sunk Team Trump’s Hormuz Lie,0.0,Neutral
"Thu, 23 Jul 2026 07:00:00 GMT",Unknown,Iran claims to stop three oil tankers transiting Strait of Hormuz,0.0,Neutral
"Thu, 23 Jul 2026 07:00:00 GMT",Unknown,US military launches new strikes on Iran as clashes escalate over shipping routes,0.02,Neutral
"Thu, 23 Jul 2026 07:00:00 GMT",Unknown,Mideast oil producers step up plans to bypass the Strait of Hormuz,0.0,Neutral
"Thu, 23 Jul 2026 07:00:00 GMT",Unknown,Iran Is Seeking To Dominate The Strait Of Hormuz. Gulf Countries Are Planning To Bypass It,0.0,Neutral
"Fri, 24 Jul 2026 07:00:00 GMT",Unknown,Stranded Hormuz Seafarers abandoned for months at sea,0.0,Neutral
"Fri, 24 Jul 2026 07:00:00 GMT",Unknown,"Hormuz Transits Remain Low, Houthis Resume Attacks in Red Sea",0.0,Neutral
"Fri, 24 Jul 2026 07:00:00 GMT",Unknown,Iran bears biggest economic cost of Hormuz closure,0.13,Neutral
"Fri, 24 Jul 2026 07:00:00 GMT",Unknown,"Scoop: U.S., U.K. planning international conference on Strait of Hormuz",0.0,Neutral
"Fri, 24 Jul 2026 07:00:00 GMT",Unknown,"Oil shipments are under attack on multiple fronts as fighting escalates in Red Sea, Hormuz and Black Sea",-0.06,Neutral
"Fri, 24 Jul 2026 07:00:00 GMT",Unknown,Iran weaponized the Strait of Hormuz. Now its neighbors are building around it,0.0,Neutral
"Fri, 24 Jul 2026 07:00:00 GMT",Unknown,"Hormuz ship transits steady at three for three days, data shows",0.17,Neutral
"Fri, 24 Jul 2026 07:00:00 GMT",Unknown,Oil keeps flowing from Red Sea as Hormuz bypass stays open,0.0,Neutral
"Fri, 24 Jul 2026 07:00:00 GMT",Unknown,"With no Iran war end in sight, Germany pulls back two navy ships eyed for Hormuz mission",0.0,Neutral
"Fri, 24 Jul 2026 07:00:00 GMT",Unknown,"Ships transiting Strait of Hormuz go dark, hug Iran’s Coast to evade Tehran’s wrath",-0.15,Neutral
"Fri, 24 Jul 2026 07:00:00 GMT",Unknown,US-Iran conflict enters prolonged struggle over Strait of Hormuz,0.0,Neutral
"Fri, 24 Jul 2026 07:00:00 GMT",Unknown,"Strait of Hormuz traffic may not return to normal for 12 months or more, according to prediction markets",0.33,Positive
"Fri, 24 Jul 2026 07:00:00 GMT",Unknown,Oman talking with Tehran on Hormuz as US and Iran continue strikes,0.0,Neutral
"Thu, 23 Jul 2026 07:00:00 GMT",Unknown,Conflict-Driven Chokepoint Disruptions,-0.12,Neutral
"Fri, 24 Jul 2026 07:00:00 GMT",Unknown,Why Trump is facing his biggest danger from rising oil prices since the war began,0.0,Neutral
"Fri, 24 Jul 2026 07:00:00 GMT",Unknown,The IRGC and the Collapse of the Strait of Hormuz Deal,0.0,Neutral
"Fri, 24 Jul 2026 07:00:00 GMT",Unknown,U.S. Forces Strike Another Iran-Linked Tanker in Strait of Hormuz,0.0,Neutral
"Fri, 24 Jul 2026 07:00:00 GMT",Unknown,"U.S., Iran proposed Strait of Hormuz fees defy int'l law: U.N. agency head",0.0,Neutral
"Fri, 24 Jul 2026 07:00:00 GMT",Unknown,"UN urges evacuation of 6,000 sailors stranded in Hormuz strait",0.0,Neutral
"Fri, 24 Jul 2026 07:00:00 GMT",Unknown,Oil falls on report Pakistan is pushing for new U.S.-Iran talks with China's backing,0.14,Neutral
"Fri, 24 Jul 2026 07:00:00 GMT",Unknown,Iran rejects temporary ceasefire until Strait of Hormuz demands met,0.0,Neutral
"Fri, 24 Jul 2026 07:00:00 GMT",Unknown,Trump says damage to ships in Strait of Hormuz to be paid from Iranian funds,0.0,Neutral
"Fri, 24 Jul 2026 07:00:00 GMT",Unknown,The Strait of Hormuz: Cost Imposition Is Not Strategic Deterrence,0.0,Neutral
"Thu, 23 Jul 2026 07:00:00 GMT",Unknown,Hope for quick plastic market normalization fades as Iran conflict escalates,0.33,Positive
"Fri, 24 Jul 2026 07:00:00 GMT",Unknown,The Strait of Hormuz Closure Is Already Hitting Supermarket Prices,0.0,Neutral
"Fri, 24 Jul 2026 07:00:00 GMT",Unknown,Beyond Hormuz: The Houthis test the Indo-Mediterranean’s maritime resilience,0.0,Neutral
"Fri, 24 Jul 2026 07:00:00 GMT",Unknown,"No Hormuz, No Ceasefire: Iran Rejects Trump’s Proposal – NYT",0.0,Neutral
"Fri, 24 Jul 2026 07:00:00 GMT",Unknown,"Ray Dalio Says 'Final Battle' For Hormuz Is Here, Warns Of American Decline",0.0,Neutral
"Fri, 24 Jul 2026 07:00:00 GMT",Unknown,"Global grain market outlook: Hormuz, the Sea of Azov and China's soybean commitment",0.0,Neutral
"Fri, 24 Jul 2026 07:00:00 GMT",Unknown,"LPG tanker with 28 Indian crew members attacked in Strait of Hormuz, embassy says",0.0,Neutral
"Fri, 24 Jul 2026 07:00:00 GMT",Unknown,US military says it fired on another merchant vessel trying to breach its blockade of Iranian ports,-0.1,Neutral
"Thu, 23 Jul 2026 12:58:13 GMT",Unknown,DP World plans new terminals to bypass Strait of Hormuz,0.14,Neutral
"Fri, 24 Jul 2026 07:00:00 GMT",Unknown,US military disables second vessel in enforcement of Hormuz blockade,-0.05,Neutral
"Fri, 24 Jul 2026 07:00:00 GMT",Unknown,"US, UK planning major conference next week on Strait of Hormuz — Axios",0.03,Neutral
"Fri, 24 Jul 2026 07:00:00 GMT",Unknown,U.S. launches new strikes and Trump threatens ‘massive attack’ as Iran widens war,0.07,Neutral
"Fri, 24 Jul 2026 07:00:00 GMT",Unknown,US attacks Iran as Houthis allow Chinese ships to pass: What’s the latest?,0.25,Positive
"Fri, 24 Jul 2026 07:00:00 GMT",Unknown,Hormuz Tanker Crossings Sink to Lowest Level Since May as War Risk Spikes,-0.7,Negative
"Fri, 24 Jul 2026 07:00:00 GMT",Unknown,U.S. military says it fired on another vessel trying to breach its blockade of Iranian ports,-0.1,Neutral
"Fri, 24 Jul 2026 07:00:00 GMT",Unknown,"US, UK Plan International Conference to Secure Strait of Hormuz, Axios Reports",0.2,Neutral
"Thu, 23 Jul 2026 07:00:00 GMT",Unknown,Ships navigate Hormuz safely amid flare-ups,0.25,Positive
"Thu, 23 Jul 2026 07:00:00 GMT",Unknown,"Iran, Houthis strike tankers as US bombing continues: What’s the latest?",0.5,Positive
"Fri, 24 Jul 2026 07:00:00 GMT",Unknown,Europe Faces Winter Gas Reckoning as Global Fight for LNG Brews,0.0,Neutral
"Fri, 24 Jul 2026 07:00:00 GMT",Unknown,Exclusive: Iraq Seeks Safe Passage for Oil Through Hormuz,0.5,Positive
"Fri, 24 Jul 2026 07:00:00 GMT",Unknown,Trump considers ‘massive attack’ on Iran; Pakistan reportedly seeks to restart stalled peace talks,0.0,Neutral
"Fri, 24 Jul 2026 07:00:00 GMT",Unknown,Stranded Seafarers Remain Trapped As Hormuz Shipping Stalls,-0.2,Neutral
"Fri, 24 Jul 2026 07:00:00 GMT",Unknown,"Gulf states advance 7 pipeline projects to bypass Strait of Hormuz, reshaping Africa's Red Sea trade route",0.0,Neutral
"Fri, 24 Jul 2026 07:00:00 GMT",Unknown,There’s only one way out of Trump’s reckless war,0.0,Neutral
"Fri, 24 Jul 2026 07:00:00 GMT",Unknown,Iran Seeks To Maintain Its Chokehold Of Hormuz. The U.S. And The U.K. Are Set To Meet To Put An End To It,0.0,Neutral
"Fri, 24 Jul 2026 07:00:00 GMT",Unknown,Trump Has 4 Ways To End Strait of Hormuz Crisis: They’re All Bad | Opinion,-0.7,Negative
"Fri, 24 Jul 2026 07:00:00 GMT",Unknown,"U.S. carries out more strikes as Trump threatens Iran, Houthis with ""major military punishment""",0.15,Neutral
"Fri, 24 Jul 2026 07:00:00 GMT",Unknown,"Solution on the Strait of Hormuz will be very difficult, says Atlantic Council's Jonathan Panikoff",-0.65,Negative
"Fri, 24 Jul 2026 07:00:00 GMT",Unknown,Trump says Iran will pay — what it takes to end the war remains unclear,0.0,Neutral
"Fri, 24 Jul 2026 07:00:00 GMT",Unknown,Oil tops $100 as Strait of Hormuz traffic slows; gas rises in Texas and nationwide,0.0,Neutral
"Fri, 24 Jul 2026 07:00:00 GMT",Unknown,Is Bab El-Mandeb The Next Strait Of Hormuz? – OpEd,0.0,Neutral
"Fri, 24 Jul 2026 07:00:00 GMT",Unknown,Omani delegation arrives in Tehran for Strait of Hormuz talks: Report,0.0,Neutral
"Fri, 24 Jul 2026 07:00:00 GMT",Unknown,President Trump claims US doesn’t need the Strait of Hormuz as oil prices spike,0.0,Neutral
"Fri, 24 Jul 2026 07:00:00 GMT",Unknown,The multibillion-pound scramble to bypass the Strait of Hormuz,0.0,Neutral
"Fri, 24 Jul 2026 07:00:00 GMT",Unknown,US and Iran trade more strikes in Gulf as fears of escalation mount,0.5,Positive
"Fri, 24 Jul 2026 07:00:00 GMT",Unknown,Hormuz traffic falls as Bab el-Mandeb activity rises,0.0,Neutral
"Thu, 23 Jul 2026 07:00:00 GMT",Unknown,Iran claims to have struck US Patriot missile system in Kuwait,0.0,Neutral
"Thu, 23 Jul 2026 07:00:00 GMT",Unknown,"EXCLUSIVE: Buyers to press Qatar, UAE for cheaper, more flexible LNG deals after Hormuz shock",0.5,Positive
"Thu, 23 Jul 2026 07:00:00 GMT",Unknown,"Houthis attack tankers in Red Sea, Iran blocks Strait of Hormuz, oil prices soar",0.0,Neutral
"Fri, 24 Jul 2026 07:00:00 GMT",Unknown,Barclays sees upside risks to 2026 Brent price view given Strait of Hormuz impasse,0.0,Neutral
"Fri, 24 Jul 2026 07:00:00 GMT",Unknown,"Amid Hormuz Crisis, Iraq Weighs Its Future in OPEC",0.0,Neutral
"Sat, 25 Jul 2026 07:00:00 GMT",Unknown,The Ticking Clock on the Strait of Hormuz,0.0,Neutral
"Sat, 25 Jul 2026 07:00:00 GMT",Unknown,Scientists warn of possible invasive species superspreader event due to stalling near Strait of Hormuz,0.06,Neutral
"Sat, 25 Jul 2026 07:00:00 GMT",Unknown,Iran blames US for Hormuz dispute as both sides confirm ongoing talks,0.0,Neutral
"Sat, 25 Jul 2026 07:00:00 GMT",Unknown,Iran's IRGC stops 4 vessels trying to cross Hormuz via southern route,0.0,Neutral
"Sat, 25 Jul 2026 07:00:00 GMT",Unknown,Iran Guards say stopped four ships trying to transit Strait of Hormuz,0.0,Neutral
"Sat, 25 Jul 2026 07:00:00 GMT",Unknown,China tests Central Asian land corridors to bypass maritime chokepoints,0.0,Neutral
"Sat, 25 Jul 2026 07:00:00 GMT",Unknown,Strait Of Hormuz Tanker Traffic Falls To Lowest Level In Over Two Months,0.0,Neutral
"Sat, 25 Jul 2026 07:00:00 GMT",Unknown,"US, UK weigh 40-nation naval force to secure Strait of Hormuz",0.4,Positive
"Sat, 25 Jul 2026 07:00:00 GMT",Unknown,Military disables tanker trying to get through Strait of Hormuz after repeated warnings,-0.1,Neutral
"Sat, 25 Jul 2026 07:00:00 GMT",Unknown,Comeback corridor: Syria’s US$216 billion rebuild offers a Hormuz alternative,0.1,Neutral
"Sat, 25 Jul 2026 07:00:00 GMT",Unknown,'Hormuz Strait cannot return to pre-war status',0.0,Neutral
"Sat, 25 Jul 2026 07:00:00 GMT",Unknown,Washington and London discuss plan for meeting to resolve Hormuz crisis,0.0,Neutral
"Sat, 25 Jul 2026 07:00:00 GMT",Unknown,The Story of Two Straits: Hormuz and Bab el-Mandeb,0.2,Neutral
"Sat, 25 Jul 2026 07:00:00 GMT",Unknown,UN ready to deploy mechanism to secure fertilizer shipments in Strait of Hormuz to prevent food crises,0.3,Positive
"Fri, 24 Jul 2026 11:01:45 GMT",Unknown,Data shows that the transit time of the Hormuz vessel has been three days.,0.0,Neutral
"Sat, 25 Jul 2026 07:00:00 GMT",Unknown,Iran's IRGC says four vessels stopped in Hormuz in last 24 hours,0.0,Neutral
"Sat, 25 Jul 2026 07:00:00 GMT",Unknown,"Iran's foreign minister says US violated Hormuz deal, sought to undermine Tehran’s authority",-0.12,Neutral
"Sat, 25 Jul 2026 07:00:00 GMT",Unknown,Bridges and infrastructure hit as US struck deeper inside Iran,0.0,Neutral
"Sat, 25 Jul 2026 07:00:00 GMT",Unknown,Trump pulls back after Iran crosses his red line as US military breaks 2-week streak of air strikes,-0.03,Neutral
"Sat, 25 Jul 2026 07:00:00 GMT",Unknown,President Trump's Strait of Hormuz Blockade Pushed the S&P 500 Down 0.79%,-0.16,Neutral
"Sat, 25 Jul 2026 07:00:00 GMT",Unknown,Ray Dalio Says 'Final Battle' At the Strait of Hormuz Is Here— And It Could Decide If the US Empire 'Survives or Falls',0.0,Neutral
"Fri, 24 Jul 2026 07:00:00 GMT",Unknown,Lloyd’s insurers warn Hormuz transit payments could void vessel coverage,0.0,Neutral
"Fri, 24 Jul 2026 07:00:00 GMT",Unknown,"We don't expect the Strait of Hormuz to reopen until next year, says Kpler's Matt Smith",0.0,Neutral
"Fri, 24 Jul 2026 07:00:00 GMT",Unknown,"Strait of Hormuz tanker crossings fall to lowest level in more than two months, data shows",0.5,Positive
"Fri, 24 Jul 2026 07:00:00 GMT",Unknown,"Iran war closes Hormuz, Bab al-Mandeb simultaneously for first time ever",0.25,Positive
"Fri, 24 Jul 2026 07:00:00 GMT",Unknown,"Report: US, UK Plan Hormuz Shipping Summit",0.0,Neutral
"Fri, 24 Jul 2026 07:00:00 GMT",Unknown,Strait of Hormuz vessel crossings lowest in more than two months,0.5,Positive
"Fri, 24 Jul 2026 07:00:00 GMT",Unknown,Strait of Hormuz traffic collapses to 3 vessels as US-Iran strikes intensify,0.0,Neutral
"Sat, 25 Jul 2026 07:00:00 GMT",Unknown,US and UK To Reportedly Build Coalition Protecting Hormuz Shipping Even as Trump Nears 'Massive Attack' on Iran,0.0,Neutral
"Fri, 24 Jul 2026 07:00:00 GMT",Unknown,Mozambique LNG logistics hit by Strait of Hormuz closure,0.0,Neutral
"Sat, 25 Jul 2026 07:00:00 GMT",Unknown,When Will the Strait of Hormuz Open for Good? Analyst Gives Timeline,0.35,Positive
"Sat, 25 Jul 2026 07:00:00 GMT",Unknown,"Egypt calls for US-Iran de-escalation, safeguards for navigation as Hormuz conflict widens",0.0,Neutral
"Fri, 24 Jul 2026 07:00:00 GMT",Unknown,Hormuz diversions plateau at 4x baseline as Navi Mumbai dwell rises to 21 days,0.0,Neutral
"Fri, 24 Jul 2026 07:00:00 GMT",Unknown,"Russia doing to Black Sea what Iran did to Strait of Hormuz, says Sybiha",-0.17,Neutral
"Sat, 25 Jul 2026 07:00:00 GMT",Unknown,Iraq seeks Iranian assurances for oil tankers as Hormuz crisis threatens state revenues,0.0,Neutral
"Fri, 24 Jul 2026 07:00:00 GMT",Unknown,Omani delegation visits Tehran for Strait of Hormuz navigation talks,0.0,Neutral
"Fri, 24 Jul 2026 07:00:00 GMT",Unknown,U.S. completes 13th night of strikes on Iran as Hormuz tanker traffic hits 2-month low,0.0,Neutral
"Fri, 24 Jul 2026 07:00:00 GMT",Unknown,"ADNOC Issues Seventh Crude Tender Since June Despite Hormuz, Red Sea Risks",-0.42,Negative
"Fri, 24 Jul 2026 07:00:00 GMT",Unknown,UN rights chief urges action as thousands of seafarers remain stranded in Strait of Hormuz,0.1,Neutral
"Fri, 24 Jul 2026 07:00:00 GMT",Unknown,"UN Urges Evacuation of 6,000 Sailors Stranded in Hormuz Strait",0.0,Neutral
"Fri, 24 Jul 2026 07:00:00 GMT",Unknown,Middle East Oil Outages Climb as Hormuz Transits Slow,-0.15,Neutral
"Fri, 24 Jul 2026 07:00:00 GMT",Unknown,1500 Ships Trapped In Hormuz Could Unleash Biggest Bioinvasion Event Once Trade Resumes,-0.2,Neutral
"Sun, 26 Jul 2026 07:00:00 GMT",Unknown,A deal is being negotiated that lets Iran run transit through Hormuz with fewer restrictions,0.0,Neutral
"Sun, 26 Jul 2026 07:00:00 GMT",Unknown,"Iran, Oman make progress in Strait of Hormuz navigation talks with US",0.0,Neutral
"Sun, 26 Jul 2026 07:00:00 GMT",Unknown,Top U.S. military commander in Middle East advised halting Hormuz bombing,0.13,Neutral
"Sun, 26 Jul 2026 07:00:00 GMT",Unknown,U.S. pauses attacks on Iran for a second straight day and Tehran does too,0.1,Neutral
"Sun, 26 Jul 2026 07:00:00 GMT",Unknown,Tanker hits mine in the Strait of Hormuz as Iran intercepts six vessels,0.0,Neutral
"Sun, 26 Jul 2026 07:00:00 GMT",Unknown,"As Diplomacy Picks Up, Iran Claims Mine Strike on Ship in Strait of Hormuz",0.0,Neutral
"Sun, 26 Jul 2026 07:00:00 GMT",Unknown,Iran says progress made in talks with Oman on Hormuz shipping mechanisms,0.0,Neutral
"Sat, 25 Jul 2026 07:00:00 GMT",Unknown,Oil Keeps Flowing From Red Sea As Hormuz Bypass Stays Open,0.0,Neutral
"Sun, 26 Jul 2026 07:00:00 GMT",Unknown,"Fueled by Strait of Hormuz tensions, prices at Bay Area gas stations continue summer surge",0.0,Neutral
"Sun, 26 Jul 2026 07:00:00 GMT",Unknown,"From the strait of Hormuz to the North Sea, a global maritime war rages around us – and more than the price of oil is at stake | Simon Tisdall",0.25,Positive
"Sun, 26 Jul 2026 07:00:00 GMT",Unknown,"U.S., Iran Extend Pause in Strikes as Oman Holds Hormuz Talks",0.0,Neutral
"Sun, 26 Jul 2026 07:00:00 GMT",Unknown,Iran claims progress in Oman talks after US halts air strikes,0.0,Neutral
"Sun, 26 Jul 2026 07:00:00 GMT",Unknown,"After Strait of Hormuz and Red Sea, has Iran war now reached Caspian Sea?",0.0,Neutral
"Sun, 26 Jul 2026 07:00:00 GMT",Unknown,Iran says it stopped 6 vessels over ‘unauthorized’ Hormuz transit,0.0,Neutral
"Sun, 26 Jul 2026 07:00:00 GMT",Unknown,What lies ahead for Iran’s economy as scope of US war grows beyond Hormuz?,0.0,Neutral
"Sun, 26 Jul 2026 07:00:00 GMT",Unknown,US and Iran seek Hormuz compromise as Trump keeps military option open,-0.05,Neutral
"Sat, 25 Jul 2026 07:00:00 GMT",Unknown,"US halts strikes on Iran, sees opening for talks: What to know",0.0,Neutral
"Sun, 26 Jul 2026 07:00:00 GMT",Unknown,Hormuz Is Not the Crisis – The Regime Is,0.0,Neutral
"Sun, 26 Jul 2026 07:00:00 GMT",Unknown,"Iran, Oman advance talks on Hormuz navigation arrangements",0.0,Neutral
"Sun, 26 Jul 2026 07:00:00 GMT",Unknown,Baghaei says progress made in Oman talks on Strait of Hormuz,0.0,Neutral
"Sun, 26 Jul 2026 07:00:00 GMT",Unknown,"Oil tanker explodes after hitting naval mine in Strait of Hormuz, IRGC-linked media claims",0.0,Neutral
"Sun, 26 Jul 2026 07:00:00 GMT",Unknown,US military reportedly pauses strikes on Iran; Iran’s move to legalize Hormuz Strait governance demonstrates resolve to make control of Hormuz a strategic objective: expert,-0.04,Neutral
"Sun, 26 Jul 2026 07:00:00 GMT",Unknown,"Iran, Oman advance talks on reopening Strait of Hormuz: Report",0.0,Neutral
"Sun, 26 Jul 2026 07:00:00 GMT",Unknown,US military says it redirected 12 ships trying to break Hormuz blockade,-0.1,Neutral
"Sun, 26 Jul 2026 07:00:00 GMT",Unknown,Tehran says Iran-Oman talks over Hormuz productive,0.0,Neutral
"Sun, 26 Jul 2026 07:00:00 GMT",Unknown,CENTCOM chief urged halt to Hormuz strikes as targets ran out,0.0,Neutral
"Sun, 26 Jul 2026 07:00:00 GMT",Unknown,"US, Iran Extend Pause in Strikes as Oman Holds Hormuz Talks",0.0,Neutral
"Sun, 26 Jul 2026 07:00:00 GMT",Unknown,Iran says Strait of Hormuz cannot be used to harm its security,0.0,Neutral
"Sun, 26 Jul 2026 07:00:00 GMT",Unknown,Kospi index and US stock futures jump as Hormuz talks send oil prices plunging ahead of Fed meeting,0.0,Neutral
"Sat, 25 Jul 2026 07:00:00 GMT",Unknown,Strait of Hormuz crisis reshapes regional trade as Iraq faces growing economic pressure,0.2,Neutral
"Sun, 26 Jul 2026 07:00:00 GMT",Unknown,"Hope for diplomacy as Iran, U.S. pause strikes in Strait of Hormuz",0.0,Neutral
"Sun, 26 Jul 2026 07:00:00 GMT",Unknown,Oil tanker explodes in Strait of Hormuz after hitting naval mine: Iranian media,0.0,Neutral
"Sun, 26 Jul 2026 07:00:00 GMT",Unknown,"Mideast oil may soon have no way out amid wars, but the crisis in refined products is even worse",-0.4,Negative
"Sun, 26 Jul 2026 07:00:00 GMT",Unknown,US pauses Iran attacks after Trump advised to halt bombing,0.0,Neutral
"Sun, 26 Jul 2026 07:00:00 GMT",Unknown,Iran suspends attacks after US halts strikes as Hormuz negotiations gain momentum,0.0,Neutral
"Sat, 25 Jul 2026 07:00:00 GMT",Unknown,Bab-el-Mandeb: The Next Strait of Hormuz for the Global Internet,0.0,Neutral
"Sun, 26 Jul 2026 07:00:00 GMT",Unknown,Shafaq News..Iran diverts five ships in Hormuz Strait,0.0,Neutral
"Sat, 25 Jul 2026 07:00:00 GMT",Unknown,"US forces disable tanker after blockade attempts, CENTCOM says",0.0,Neutral
"Sun, 26 Jul 2026 07:00:00 GMT",Unknown,Sen Barrasso calls for the Strait of Hormuz to be open to keep ‘energy prices down’,-0.08,Neutral
"Sun, 26 Jul 2026 07:00:00 GMT",Unknown,US and Iran pause their attacks after days of escalation,0.0,Neutral
"Sun, 26 Jul 2026 07:00:00 GMT",Unknown,Iran’s New Grand Design: The Next Evolution of the Axis of Resistance,0.18,Neutral
"Sun, 26 Jul 2026 07:00:00 GMT",Unknown,Tanker Explodes in Strait of Hormuz After Deviating from Designated Route,0.0,Neutral
"Sun, 26 Jul 2026 07:00:00 GMT",Unknown,"Iran says six ships attempted 'illegal, unsafe' passage through Strait of Hormuz",-0.5,Negative
"Sun, 26 Jul 2026 07:00:00 GMT",Unknown,Oil tanker explodes in Hormuz Strait after hitting mine,0.0,Neutral
"Sun, 26 Jul 2026 07:00:00 GMT",Unknown,Gulf unity frays as Iran war tests Hormuz strategy,0.0,Neutral
"Sun, 26 Jul 2026 07:00:00 GMT",Unknown,Iran says progress in Oman talks on Hormuz Strait management,0.0,Neutral
"Sun, 26 Jul 2026 07:00:00 GMT",Unknown,"After two quiet days, oil tanker hits mine in Strait of Hormuz",0.0,Neutral
"Sun, 26 Jul 2026 07:00:00 GMT",Unknown,Oil tanker explodes in Strait of Hormuz after hitting naval mine,0.0,Neutral
"Sat, 25 Jul 2026 07:00:00 GMT",Unknown,From the Strait of Hormuz to the Egyptian Pound: How Risk Travels,0.0,Neutral
"Sat, 25 Jul 2026 07:00:00 GMT",Unknown,Iran-backed Houthis fire missiles at Saudi Arabia in response to airstrikes in Yemen,0.0,Neutral
"Sun, 26 Jul 2026 07:00:00 GMT",Unknown,"Iran, Oman discuss shipping deal for Hormuz after US strike pause",0.0,Neutral
"Sat, 25 Jul 2026 07:00:00 GMT",Unknown,Market Odds for Hormuz Reopening Plunge to 47% After American Strikes,0.0,Neutral
"Sun, 26 Jul 2026 07:00:00 GMT",Unknown,Saudi Arabia’s Vast Oil Supplies Now Increasingly Depend on a Single Exit,-0.04,Neutral
"Sun, 26 Jul 2026 07:00:00 GMT",Unknown,Ukraine's attack on an Iranian ship in the Caspian Sea could signal new battlefront in U.S. war,0.14,Neutral
"Sun, 26 Jul 2026 07:00:00 GMT",Unknown,"Iran says talks held with Oman over shipping in Hormuz, ‘progress made’ but no change yet",0.0,Neutral
"Sun, 26 Jul 2026 07:00:00 GMT",Unknown,"Iran, Oman conclude ‘productive’ talks on Hormuz security",0.0,Neutral
"Sun, 26 Jul 2026 07:00:00 GMT",Unknown,"Iran, Oman Hold Talks on Safe Navigation Management in the Strait of Hormuz",0.5,Positive
"Sun, 26 Jul 2026 07:00:00 GMT",Unknown,"Iran, Oman hold talks on Hormuz shipping management",0.14,Neutral
"Sat, 25 Jul 2026 07:00:00 GMT",Unknown,Oil Price Rally Masks a Much Bigger Warning From the Strait of Hormuz,0.0,Neutral
"Sat, 25 Jul 2026 07:00:00 GMT",Unknown,US disables ship that violated blockade in Strait of Hormuz,0.0,Neutral
"Sun, 26 Jul 2026 07:00:00 GMT",Unknown,"Iran lays down 3 conditions for negotiations with US, rejects alternative Hormuz route",-0.16,Neutral
"Sun, 26 Jul 2026 07:00:00 GMT",Unknown,Ship traffic plunges through Bab el-Mandeb after Houthi strikes on Saudi oil sites,0.0,Neutral
"Sun, 26 Jul 2026 07:00:00 GMT",Unknown,"Oil tanker explodes in Strait of Hormuz after hitting naval mine, says Iran",0.0,Neutral
"Sun, 26 Jul 2026 07:00:00 GMT",Unknown,Iran affirms progress in talks with Oman on Hormuz Strait,0.0,Neutral
"Sun, 26 Jul 2026 07:00:00 GMT",Unknown,Iran says US violated Hormuz deal to undermine Tehran's authority,0.0,Neutral
"Sat, 25 Jul 2026 07:00:00 GMT",Unknown,Araghchi: Current Insecurity in Strait of Hormuz Is Result of US Treachery and Crimes Against Iran,0.0,Neutral
"Sun, 26 Jul 2026 07:00:00 GMT",Unknown,Breaking | Oil tanker explodes in the Strait of Hormuz after hitting a sea mine,0.0,Neutral
"Sun, 26 Jul 2026 07:00:00 GMT",Unknown,"Iranian foreign minister, EU's top diplomat discuss Ukraine vessel attack, Hormuz tensions",0.19,Neutral
"Sun, 26 Jul 2026 07:00:00 GMT",Unknown,CENTCOM Chief Urged Iran Strike Halt,0.0,Neutral
"Sun, 26 Jul 2026 07:00:00 GMT",Unknown,Oil tanker explodes after hitting naval mine in Hormuz after 'violating' Iran-approved route: Report,0.0,Neutral
"Sun, 26 Jul 2026 07:00:00 GMT",Unknown,The Omani Visit to Tehran and the Hormuz Puzzle,0.0,Neutral
"Sat, 25 Jul 2026 07:00:00 GMT",Unknown,Saudi Oil Can Still Get Out — But It Won’t Be Cheap or Easy,0.42,Positive
"Mon, 27 Jul 2026 07:00:00 GMT",Unknown,Iran rules out US talks as Hormuz Strait remains closed,-0.1,Neutral
"Mon, 27 Jul 2026 07:00:00 GMT",Unknown,Iran says it controls Strait of Hormuz after weekend pause in strikes,0.0,Neutral
"Mon, 27 Jul 2026 07:00:00 GMT",Unknown,The Middle East's race to bypass the Strait of Hormuz,0.05,Neutral
"Mon, 27 Jul 2026 07:00:00 GMT",Unknown,Ship Incident Reported in the Strait of Hormuz,0.0,Neutral
"Mon, 27 Jul 2026 07:00:00 GMT",Unknown,Oil Producers Seek Alternative Routes to Strait of Hormuz,0.0,Neutral
"Mon, 27 Jul 2026 07:00:00 GMT",Unknown,"Houthis pushing to model Iran's Hormuz control in Red Sea, Yemeni FM says",0.0,Neutral
"Mon, 27 Jul 2026 07:00:00 GMT",Unknown,Proposed UN mechanism to reopen Hormuz to commercial shipping,0.0,Neutral
"Mon, 27 Jul 2026 07:00:00 GMT",Unknown,"Hormuz closure drags down schedule reliability, except for top carriers",0.17,Neutral
"Mon, 27 Jul 2026 07:00:00 GMT",Unknown,U.S. pauses Iran strikes for second straight night as talks move in positive direction,0.14,Neutral
"Mon, 27 Jul 2026 07:00:00 GMT",Unknown,Oil prices fall as US pauses strikes on Iran over strait of Hormuz,0.0,Neutral
"Mon, 27 Jul 2026 07:00:00 GMT",Unknown,"Iran's foreign minister discusses security of Strait of Hormuz with Saudi, Omani counterparts",-0.12,Neutral
"Mon, 27 Jul 2026 07:00:00 GMT",Unknown,"India's MRPL seeks crude via tender avoiding Red Sea and Hormuz, document shows",-0.35,Negative
"Mon, 27 Jul 2026 07:00:00 GMT",Unknown,Mediators see progress in efforts to halt Iran war as drone attacks underscore tensions,0.0,Neutral
"Mon, 27 Jul 2026 07:00:00 GMT",Unknown,Iran and Oman Seek Agreement on Hormuz in Bid to Jumpstart Peace Talks,0.0,Neutral
"Mon, 27 Jul 2026 07:00:00 GMT",Unknown,What's happening with the Strait of Hormuz as U.S. halts Iran strikes after apparent talks progress,0.05,Neutral
"Mon, 27 Jul 2026 07:00:00 GMT",Unknown,U.S.-Iran fighting paused as progress reported in talks to reopen Strait of Hormuz,0.0,Neutral
"Mon, 27 Jul 2026 07:00:00 GMT",Unknown,Oil prices slide as U.S. and Iran pause strikes to give ‘space’ for diplomacy,0.0,Neutral
"Mon, 27 Jul 2026 07:00:00 GMT",Unknown,"At every fork in the road on Iran, Trump’s choices get worse",-0.4,Negative
"Mon, 27 Jul 2026 07:00:00 GMT",Unknown,Iran says US not involved in talks with Oman over Hormuz strait,0.0,Neutral
"Mon, 27 Jul 2026 07:00:00 GMT",Unknown,Tanker reportedly explodes after hitting sea mine in Hormuz,0.0,Neutral
"Mon, 27 Jul 2026 07:00:00 GMT",Unknown,Why has the US halted its bombing of Iran?,0.0,Neutral
"Mon, 27 Jul 2026 07:00:00 GMT",Unknown,Trump says US and Tehran having 'good talks' as drones hit Iran's neighbours,0.7,Positive
"Mon, 27 Jul 2026 07:00:00 GMT",Unknown,Bab al-Mandeb crossings outpace Hormuz as shipping patterns diverge: MarineTraffic,0.0,Neutral
"Mon, 27 Jul 2026 07:00:00 GMT",Unknown,Hormuz shipping optimism rises as oil drops over 5%,0.0,Neutral
"Mon, 27 Jul 2026 07:00:00 GMT",Unknown,U.S. and Iran extend pause in strikes as Oman holds Hormuz talks,0.0,Neutral
"Mon, 27 Jul 2026 07:00:00 GMT",Unknown,The Strait of Hormuz isn't fertilizer's first starring role — an 1856 law still defines U.S. overseas territory,0.25,Positive
"Mon, 27 Jul 2026 07:00:00 GMT",Unknown,Red Sea shipping slumps after Houthi attacks as Hormuz traffic stays low,0.0,Neutral
"Mon, 27 Jul 2026 07:00:00 GMT",Unknown,Iran’s Arsenal Starts With Its Islands,-0.12,Neutral
"Mon, 27 Jul 2026 07:00:00 GMT",Unknown,"Tehran rejects seeking negotiations with US, confirms Hormuz remains closed",-0.1,Neutral
"Mon, 27 Jul 2026 07:00:00 GMT",Unknown,Oil prices sink as US-Iran pause fuels fresh Hormuz hopes,0.3,Positive
"Mon, 27 Jul 2026 07:00:00 GMT",Unknown,Korea weighs naval deployment to Hormuz as U.S. seeks allied support,0.0,Neutral
"Mon, 27 Jul 2026 07:00:00 GMT",Unknown,Between Hormuz and Bab al-Mandab: Where are oil markets headed?,0.14,Neutral
"Mon, 27 Jul 2026 07:00:00 GMT",Unknown,"Houthis pushing to model Iran’s Hormuz control in Red Sea, Yemeni FM says",0.0,Neutral
"Mon, 27 Jul 2026 07:00:00 GMT",Unknown,Trump warns of return to ‘strong military action’ if Iran diplomacy fails,-0.02,Neutral
"Mon, 27 Jul 2026 07:00:00 GMT",Unknown,Mediators see progress in efforts to halt Iran war as drone attacks rattle region,0.0,Neutral
"Mon, 27 Jul 2026 07:00:00 GMT",Unknown,"COMMENTARY: Crude oil futures are pricing market adaptability, not hopeful Iran peace",-0.7,Negative
"Mon, 27 Jul 2026 07:00:00 GMT",Unknown,Dynacom tanker damaged in Strait of Hormuz attack seen leaking fuel after being towed to Iran,0.0,Neutral
"Mon, 27 Jul 2026 07:00:00 GMT",Unknown,"Indian Refinery MRPL Bars Crude Suppliers From Hormuz, Red Sea Routes",-0.42,Negative
"Mon, 27 Jul 2026 07:00:00 GMT",Unknown,US-Iran war talks make 'significant' progress after days without major attacks: mediators,0.22,Positive
"Mon, 27 Jul 2026 07:00:00 GMT",Unknown,"After the Strait of Hormuz, Trump shifts attention to Africa's vital maritime chokepoint carrying 12% of global trade",0.05,Neutral
"Mon, 27 Jul 2026 07:00:00 GMT",Unknown,"Trump to Axios: I'm ready for ""strong military action"" if Iran talks fail",0.03,Neutral
"Mon, 27 Jul 2026 07:00:00 GMT",Unknown,"Oil falls 9.5% in steepest drop in months as Iran, US pause attacks",0.0,Neutral
"Mon, 27 Jul 2026 07:00:00 GMT",Unknown,Iran claims it blocked 6 vessels trying to provoke US forces in Hormuz,0.0,Neutral
"Mon, 27 Jul 2026 07:00:00 GMT",Unknown,Oil Tanker Explodes In Strait Of Hormuz After Hitting Naval Mine,0.0,Neutral
"Mon, 27 Jul 2026 07:00:00 GMT",Unknown,Tanker Running Dark Hits Hormuz Mine as Iran-Oman Talks Progress,-0.15,Neutral
"Mon, 27 Jul 2026 07:00:00 GMT",Unknown,Gen. Jack Keane warns against trusting Iran on Strait of Hormuz,0.0,Neutral
"Mon, 27 Jul 2026 07:00:00 GMT",Unknown,Shafaq News..Iran accuses US of threatening ships near Hormuz,0.1,Neutral
"Mon, 27 Jul 2026 07:00:00 GMT",Unknown,Iran claims control of the Strait of Hormuz and rejects peace talks,0.0,Neutral
"Mon, 27 Jul 2026 07:00:00 GMT",Unknown,Washington’s Pause in Hormuz: Can America Afford This Silence?,0.0,Neutral
"Mon, 27 Jul 2026 07:00:00 GMT",Unknown,Ships that pay Iran Hormuz toll ‘will lose insurance’,0.0,Neutral
"Mon, 27 Jul 2026 07:00:00 GMT",Unknown,Oil prices plunge as US and Iran pause strikes over Strait of Hormuz,0.0,Neutral
"Mon, 27 Jul 2026 07:00:00 GMT",Unknown,"Iran says it still controls Hormuz, not involved in negotiations with the U.S.",0.0,Neutral
"Mon, 27 Jul 2026 07:00:00 GMT",Unknown,Iran claims control of Strait of Hormuz after 13-night bombing campaign ends,0.0,Neutral
"Mon, 27 Jul 2026 07:00:00 GMT",Unknown,Why Trump held off on latest Iran escalation threat: Sources,0.5,Positive
"Mon, 27 Jul 2026 07:00:00 GMT",Unknown,Pipelines to bypass the Strait of Hormuz,0.0,Neutral
"Mon, 27 Jul 2026 07:00:00 GMT",Unknown,"Hormuz remains more acute operational concern, DHL says",0.55,Positive
"Mon, 27 Jul 2026 07:00:00 GMT",Unknown,The Strait of Hormuz' standoff half way around the world has pushed CNY gas prices to $4.25 a gallon,-0.17,Neutral
"Mon, 27 Jul 2026 07:00:00 GMT",Unknown,"Saudi, Omani foreign ministers discuss Strait of Hormuz security",-0.08,Neutral
"Mon, 27 Jul 2026 07:00:00 GMT",Unknown,"Mediators see progress in diplomatic efforts to halt Iran war, 2 regional officials say",0.0,Neutral
"Mon, 27 Jul 2026 07:00:00 GMT",Unknown,Why US strikes on Hormuz suddenly stopped despite Trump's bluster,0.0,Neutral
"Mon, 27 Jul 2026 07:00:00 GMT",Unknown,Iran and Oman Move to Shape the Future of the Strait of Hormuz,0.0,Neutral
"Mon, 27 Jul 2026 07:00:00 GMT",Unknown,Navy Ponders How to Best Carry Out Demining in Contested Waters,1.0,Positive
"Mon, 27 Jul 2026 07:00:00 GMT",Unknown,Trump Backs New Iran Talks but It’s Unclear What He Hopes to Achieve This Time,0.14,Neutral
"Mon, 27 Jul 2026 07:00:00 GMT",Unknown,"Iran Says It Still Controls Strait, Not Seeking Talks, After Trump Halts Bombing",0.0,Neutral
"Mon, 27 Jul 2026 07:00:00 GMT",Unknown,"Oil Prices Dive As U.S. Pauses Strikes, But Is This Time Different?",0.0,Neutral
"Mon, 27 Jul 2026 07:00:00 GMT",Unknown,Oil prices fall amid pause in US strikes on Iran to give 'space' for diplomacy,0.0,Neutral
"Tue, 28 Jul 2026 07:00:00 GMT",Unknown,"As US-Iran war rages, who's risking the Strait of Hormuz?",0.0,Neutral
"Tue, 28 Jul 2026 07:00:00 GMT",Unknown,Hormuz Is Becoming A Fee-And-Permission Regime,0.45,Positive
"Tue, 28 Jul 2026 07:00:00 GMT",Unknown,Iran proposes temporary Hormuz plan giving itself greater control over transit lines,0.5,Positive
"Tue, 28 Jul 2026 07:00:00 GMT",Unknown,The Hormuz Conflict and the Limits of Renminbi Internationalization,0.0,Neutral
"Tue, 28 Jul 2026 07:00:00 GMT",Unknown,Iran and Oman exchange proposals to manage Strait of Hormuz,0.0,Neutral
"Tue, 28 Jul 2026 07:00:00 GMT",Unknown,INEOS Project ONE modules escape Strait of Hormuz to reach Antwerp.,0.0,Neutral
"Tue, 28 Jul 2026 07:00:00 GMT",Unknown,Allies shrug as US pushes for Strait of Hormuz patrol,0.0,Neutral
"Tue, 28 Jul 2026 07:00:00 GMT",Unknown,"Iran hosts Hormuz calls with Saudi Arabia, Oman as Trump hails ‘good talks’",0.7,Positive
"Tue, 28 Jul 2026 07:00:00 GMT",Unknown,Oman presents Iran with Gulf-backed plan to ease Strait of Hormuz tensions,0.0,Neutral
"Tue, 28 Jul 2026 07:00:00 GMT",Unknown,"Iran rejects Oman’s 50-50 Hormuz shipping plan, proposes new route",0.09,Neutral
"Tue, 28 Jul 2026 07:00:00 GMT",Unknown,"The New York Times. . Attacks in the Strait of Hormuz during the Iran war have led Saudi Arabia to rely on an alternative route for exporting oil. Our reporter explains how that route is now threatened by the Houthis, a Yemeni militia supported by Iran. https://nyti.",0.14,Neutral
"Tue, 28 Jul 2026 07:00:00 GMT",Unknown,Explainer: Why is Oman proposing a new plan to manage the Strait of Hormuz?,0.14,Neutral
"Tue, 28 Jul 2026 07:00:00 GMT",Unknown,Houthis want to copy Iran’s Hormuz control in the Red Sea: Yemeni FM,0.0,Neutral
"Tue, 28 Jul 2026 07:00:00 GMT",Unknown,"Oman proposes Hormuz management system with voluntary fees, source says",0.0,Neutral
"Tue, 28 Jul 2026 07:00:00 GMT",Unknown,"Oman, Tehran close to agreeing reopening of Strait of Hormuz",0.0,Neutral
"Tue, 28 Jul 2026 07:00:00 GMT",Unknown,Oman Pushes Regional Plan for Shared Control of the Strait of Hormuz,0.0,Neutral
"Tue, 28 Jul 2026 07:00:00 GMT",Unknown,"Oman hands Iran Gulf-backed proposal for joint control over Hormuz, with voluntary fees",0.0,Neutral
"Tue, 28 Jul 2026 07:00:00 GMT",Unknown,Oil prices fall 5% to two-week low after several days without US-Iran strikes,0.0,Neutral
"Mon, 27 Jul 2026 07:00:00 GMT",Unknown,"U.S. and Iran edge toward talks as Hormuz shipping hits three-week low, regional officials say",0.0,Neutral
"Tue, 28 Jul 2026 07:00:00 GMT",Unknown,Two Closed Corridors: Hormuz and Bab el-Mandeb Both Effectively Shut to Tanker Traffic,0.25,Positive
"Tue, 28 Jul 2026 07:00:00 GMT",Unknown,"Iran rejects Trump frozen funds plan, warns ships of Hormuz transit ban",0.0,Neutral
"Tue, 28 Jul 2026 07:00:00 GMT",Unknown,"UAE’s Fertiglobe Eyes Truck, Rail Exports to Reduce Hormuz Risk",0.0,Neutral
"Tue, 28 Jul 2026 07:00:00 GMT",Unknown,Iran-Oman talks focused on restarting Hormuz shipping traffic,0.0,Neutral
"Tue, 28 Jul 2026 07:00:00 GMT",Unknown,Iran Rejects Oman’s Proposal For Joint Management Over The Strait Of Hormuz,0.0,Neutral
"Tue, 28 Jul 2026 07:00:00 GMT",Unknown,Iran urges regional cooperation to restore stability in Strait of Hormuz,0.0,Neutral
"Tue, 28 Jul 2026 07:00:00 GMT",Unknown,Japan Backs Overseas Oil Pipelines to Reduce Hormuz Dependence,-0.7,Negative
"Tue, 28 Jul 2026 07:00:00 GMT",Unknown,Oman send to Iran new plan for the Strait of Hormuz,0.14,Neutral
"Tue, 28 Jul 2026 07:00:00 GMT",Unknown,Trump says ‘good chance’ of progress in Iran talks. What we know,0.7,Positive
"Tue, 28 Jul 2026 07:00:00 GMT",Unknown,"Oil Prices Retreat, But the Strait of Hormuz Remains the Wild Card",-0.17,Neutral
"Tue, 28 Jul 2026 07:00:00 GMT",Unknown,Trump Talks Up Iran Diplomacy as Negotiations Focus on Hormuz,0.0,Neutral
"Tue, 28 Jul 2026 07:00:00 GMT",Unknown,Oman Proposes New Regional Management Plan for Strait of Hormuz,0.14,Neutral
"Tue, 28 Jul 2026 07:00:00 GMT",Unknown,The most urgent problem with Iran is not the Strait of Hormuz,0.5,Positive
"Tue, 28 Jul 2026 07:00:00 GMT",Unknown,"Araghchi Holds Talks With Saudi, Omani Envoys on Strait of Hormuz",0.0,Neutral
"Tue, 28 Jul 2026 07:00:00 GMT",Unknown,Iran threatens Hormuz ban on countries accepting frozen assets under Trump plan,0.0,Neutral
"Tue, 28 Jul 2026 07:00:00 GMT",Unknown,World in Brief: Oman presents plan for Strait of Hormuz; tech sell-off deepens,0.0,Neutral
"Tue, 28 Jul 2026 07:00:00 GMT",Unknown,Iran Warns Countries Using Frozen Assets: Your Ships Won’t Cross Hormuz,0.0,Neutral
"Tue, 28 Jul 2026 07:00:00 GMT",Unknown,"Gulf-backed Oman plan would let Iran collect 'voluntary fees' in Hormuz, sources say",0.0,Neutral
"Tue, 28 Jul 2026 07:00:00 GMT",Unknown,"Iran warns companies, countries accepting payments from frozen assets will be barred from Hormuz transit",0.0,Neutral
"Tue, 28 Jul 2026 07:00:00 GMT",Unknown,Trump plays down Iran escalation as talks focus on Hormuz,-0.1,Neutral
"Tue, 28 Jul 2026 07:00:00 GMT",Unknown,Oman presents Iran with Gulf-backed plan for voluntary fees to use Hormuz,0.0,Neutral
"Tue, 28 Jul 2026 07:00:00 GMT",Unknown,Strait of Hormuz remains closed as conflict with Iran enters 6th month,-0.1,Neutral
"Tue, 28 Jul 2026 07:00:00 GMT",Unknown,Bab el-Mandeb shipping rises amid hopes of resolution in US-Iran war,0.0,Neutral
"Tue, 28 Jul 2026 07:00:00 GMT",Unknown,Video: The Iran War Just Put Another Key Oil Route at Risk,0.05,Neutral
"Tue, 28 Jul 2026 07:00:00 GMT",Unknown,"Gulf foreign ministers discuss regional security, Strait of Hormuz navigation",-0.12,Neutral
"Tue, 28 Jul 2026 07:00:00 GMT",Unknown,"We can't end up with Iran controlling the Strait of Hormuz, says API CEO Mike Sommers",0.0,Neutral
"Tue, 28 Jul 2026 07:00:00 GMT",Unknown,The Strait of Malacca: The Indo-Pacific’s Most Critical Chokepoint?,0.2,Neutral
"Tue, 28 Jul 2026 07:00:00 GMT",Unknown,"India Refiner Seeks Oil That Avoids Red Sea, Hormuz Chokepoints",0.0,Neutral
"Tue, 28 Jul 2026 07:00:00 GMT",Unknown,"Iran's Araghchi discusses Hormuz Strait security with his Saudi, Omani counterparts",0.0,Neutral
"Tue, 28 Jul 2026 07:00:00 GMT",Unknown,Trump says U.S. will give Iran a 'beating' after surprise attack,0.0,Neutral
"Tue, 28 Jul 2026 07:00:00 GMT",Unknown,IRGC threatens Hormuz transit ban over Trump's Iran assets proposal,0.14,Neutral
"Tue, 28 Jul 2026 07:00:00 GMT",Unknown,Iran And Oman Exchange Proposals For Strait Of Hormuz Joint Regional Mechanism With Voluntary Fees,0.0,Neutral
"Tue, 28 Jul 2026 07:00:00 GMT",Unknown,Kevin Warsh can’t reopen the Strait of Hormuz,0.0,Neutral
"Tue, 28 Jul 2026 07:00:00 GMT",Unknown,Iran Says It Still Controls Strait Of Hormuz After Trump Halts U.S. Bombing Campaign,0.0,Neutral
"Tue, 28 Jul 2026 07:00:00 GMT",Unknown,Strait of Hormuz: Oman proposes voluntary fee model to break US-Iran deadlock,0.0,Neutral
"Mon, 27 Jul 2026 15:56:16 GMT",Unknown,Trump says 'good chance' of progress in Iran talks as foes hold fire,0.7,Positive
"Tue, 28 Jul 2026 07:00:00 GMT",Unknown,Iran says European warships near Hormuz are legitimate targets,0.05,Neutral
"Tue, 28 Jul 2026 07:00:00 GMT",Unknown,Iran proposes temporary Hormuz plan to give itself more control over transit,0.5,Positive
"Tue, 28 Jul 2026 07:00:00 GMT",Unknown,World in Brief: Chip stocks fall; Oman’s plan for Strait of Hormuz,0.0,Neutral
"Mon, 27 Jul 2026 07:00:00 GMT",Unknown,Iran Guards turn back six vessels in Hormuz,0.0,Neutral
"Tue, 28 Jul 2026 07:00:00 GMT",Unknown,Why Iran Is in No Rush to Return to Talks With United States,0.14,Neutral
"Tue, 28 Jul 2026 07:00:00 GMT",Unknown,Gulf States Back Plan to Let Iran Collect Voluntary Fees to Use Hormuz,0.0,Neutral
"Tue, 28 Jul 2026 07:00:00 GMT",Unknown,Iran Is Holding Talks About The Future Of Hormuz With Oman And Saudi Arabia. Oil Keeps Dropping,0.0,Neutral
"Tue, 28 Jul 2026 07:00:00 GMT",Unknown,Oman proposes regional mechanism with voluntary fees to manage Strait of Hormuz,0.0,Neutral
"Tue, 28 Jul 2026 07:00:00 GMT",Unknown,Could a proposal for voluntary fees in the Strait of Hormuz break the deadlock in talks?,0.0,Neutral
"Tue, 28 Jul 2026 07:00:00 GMT",Unknown,How Trump Can Get Out of the Iran Trap,-0.1,Neutral
"Tue, 28 Jul 2026 07:00:00 GMT",Unknown,"Iran Demands Control Over Both Strait of Hormuz Lanes, Rejects Oman's Voluntary-Fee Plan",0.0,Neutral
"Mon, 27 Jul 2026 07:00:00 GMT",Unknown,"Indian state refiner asks oil suppliers to avoid Red Sea, Hormuz in new tender",0.07,Neutral
"Mon, 27 Jul 2026 16:28:08 GMT",Unknown,Hormuz war risk cover tops $10m for single VLCC trip,-0.07,Neutral
"Tue, 28 Jul 2026 07:00:00 GMT",Unknown,Houthis Seek To Copy Iran’s Hormuz Strategy By Disrupting Bab el-Mandeb Strait,0.0,Neutral
"Tue, 28 Jul 2026 07:00:00 GMT",Unknown,Red Sea chokepoint: Houthi rebels replicate Iran’s Hormuz strategy,0.0,Neutral
"Tue, 28 Jul 2026 07:00:00 GMT",Unknown,"Iran, Oman Reportedly Work Out Hormuz Deal as Trump Sees 'Very Friendly Negotiations' On Ending the War",0.49,Positive
"Tue, 28 Jul 2026 07:00:00 GMT",Unknown,American and Iranian forces are enforcing rival maritime orders in the Strait of Hormuz,0.0,Neutral
"Wed, 29 Jul 2026 07:00:00 GMT",Unknown,How Oman and Europe can open the Strait of Hormuz for good,0.35,Positive
"Wed, 29 Jul 2026 07:00:00 GMT",Unknown,"Iran Rejects Omani Proposal to Share Strait of Hormuz, Demands More Control",0.5,Positive
"Wed, 29 Jul 2026 07:00:00 GMT",Unknown,"Ships stuck in strait of Hormuz pose ‘super-spreader’ biodiversity threat, scientists warn",0.0,Neutral
"Wed, 29 Jul 2026 07:00:00 GMT",Unknown,"Iran rules out regional management of Hormuz Strait, hitting hopes for breakthrough",0.0,Neutral
"Wed, 29 Jul 2026 07:00:00 GMT",Unknown,Iran and Oman swap proposals to manage Strait of Hormuz: What we know,0.0,Neutral
"Wed, 29 Jul 2026 07:00:00 GMT",Unknown,How We Might Be Building A Strait Of Hormuz In Space,0.0,Neutral
"Wed, 29 Jul 2026 07:00:00 GMT",Unknown,An ‘escape’ from the Strait of Hormuz,0.0,Neutral
"Wed, 29 Jul 2026 07:00:00 GMT",Unknown,Iran Rejects Oman’s Strait of Hormuz Plan,0.0,Neutral
"Wed, 29 Jul 2026 07:00:00 GMT",Unknown,Hormuz Shipping Traffic Picks Up Despite Middle East Hostilities,0.0,Neutral
"Wed, 29 Jul 2026 07:00:00 GMT",Unknown,IRGC Navy says it 'targeted and stopped' 3 oil tankers over alleged violations in Strait of Hormuz,-0.1,Neutral
"Wed, 29 Jul 2026 07:00:00 GMT",Unknown,US Sanctions Iran’s ‘Extortion Network’ Over Hormuz Tolls,0.0,Neutral
"Wed, 29 Jul 2026 07:00:00 GMT",Unknown,Qatar Sends First LNG Shipment Through Hormuz in Three Weeks,0.25,Positive
"Wed, 29 Jul 2026 07:00:00 GMT",Unknown,US War With Iran Set to Drag On for Months Over Hormuz Deadlock,-0.1,Neutral
"Tue, 28 Jul 2026 08:40:14 GMT",Unknown,Oman Offers Plan To Replace Iran’s Sole Control of Hormuz,0.05,Neutral
"Wed, 29 Jul 2026 07:00:00 GMT",Unknown,New U.S. Sanctions Target Iran’s Emerging Strait of Hormuz Maritime Services Network,0.14,Neutral
"Wed, 29 Jul 2026 07:00:00 GMT",Unknown,Shipping Risks Spread Across Crucial Middle East Oil Routes,0.03,Neutral
"Wed, 29 Jul 2026 07:00:00 GMT",Unknown,US sanctions Iran's Hormuz scheme amid shipping standoff,0.0,Neutral
"Wed, 29 Jul 2026 07:00:00 GMT",Unknown,"Hormuz Tensions Flare After U.S.-Saudi Strikes, Iran Claims Attacks on Tankers",0.0,Neutral
"Wed, 29 Jul 2026 07:00:00 GMT",Unknown,"U.S. Sanctions Two ""Insurers"" for Handling Iran's Hormuz Transit Fees",0.0,Neutral
"Wed, 29 Jul 2026 07:00:00 GMT",Unknown,"After a brief pause, the Iran war might be expanding",0.0,Neutral
"Wed, 29 Jul 2026 07:00:00 GMT",Unknown,Progress reported in talks to resolve Strait of Hormuz crisis,0.0,Neutral
"Wed, 29 Jul 2026 07:00:00 GMT",Unknown,Iran Rejects Omani Plan for Strait of Hormuz Management,0.0,Neutral
"Tue, 28 Jul 2026 07:00:00 GMT",Unknown,Houthis Pushing to Model Iran’s Hormuz Control in Red Sea,0.0,Neutral
"Wed, 29 Jul 2026 07:00:00 GMT",Unknown,Iran insists Hormuz Strait must never return to pre-war state: deputy FM,0.0,Neutral
"Wed, 29 Jul 2026 07:00:00 GMT",Unknown,"Commodity ship traffic rises in Bab el-Mandeb, remains low in Hormuz",0.0,Neutral
"Wed, 29 Jul 2026 07:00:00 GMT",Unknown,No tolls or fees will be imposed on Hormuz shipping as part of deal with Iran — US official,0.0,Neutral
"Wed, 29 Jul 2026 07:00:00 GMT",Unknown,"US Treasury Sanctions Iranian Strait Of Hormuz Extortion Network, Shadow Fleet Vessels",0.0,Neutral
"Wed, 29 Jul 2026 07:00:00 GMT",Unknown,"From Gaza to Hormuz, hostage-taking has reached new levels",0.14,Neutral
"Wed, 29 Jul 2026 07:00:00 GMT",Unknown,US and Iran are seeking allies to solidify control in the Strait of Hormuz. Neither is making much progress.,0.2,Neutral
"Wed, 29 Jul 2026 07:00:00 GMT",Unknown,Europe resists US push for Hormuz patrol without a stable Iran ceasefire,0.0,Neutral
"Wed, 29 Jul 2026 07:00:00 GMT",Unknown,"US issues new Iran-related sanctions targeting insurers, more tankers",0.32,Positive
"Wed, 29 Jul 2026 07:00:00 GMT",Unknown,"Seeking greater control, Iran rejects Omani plan to evenly divide Hormuz between them",0.5,Positive
"Wed, 29 Jul 2026 07:00:00 GMT",Unknown,Can OPEC Plus’s Watchdog Do Anything About Hormuz?,0.2,Neutral
"Wed, 29 Jul 2026 07:00:00 GMT",Unknown,Will the Strait of Hormuz become irrelevant?,-0.33,Negative
"Wed, 29 Jul 2026 07:00:00 GMT",Unknown,Iran says it will 'punish the aggressor today' after 'heavy wave' of U.S. strikes,-0.2,Neutral
"Wed, 29 Jul 2026 07:00:00 GMT",Unknown,Iran pushes back against US as regional attacks heat up,0.0,Neutral
"Wed, 29 Jul 2026 07:00:00 GMT",Unknown,Shafaq News..Iran blames US for Hormuz tanker diversion,0.0,Neutral
"Wed, 29 Jul 2026 07:00:00 GMT",Unknown,"‘We won't surrender’: De-escalation won't stop Iranian attacks, Emirati expert says",0.0,Neutral
"Wed, 29 Jul 2026 07:00:00 GMT",Unknown,Iran Attacks Tankers in the Strait of Hormuz,0.0,Neutral
"Wed, 29 Jul 2026 07:00:00 GMT",Unknown,"Senior Iranian lawmaker: Hormuz belongs to Iran, we will not back down",-0.08,Neutral
"Wed, 29 Jul 2026 07:00:00 GMT",Unknown,U.S. Treasury targets Iran’s levers of control in Strait of Hormuz as blockade continues,0.0,Neutral
"Wed, 29 Jul 2026 07:00:00 GMT",Unknown,"Gold, silver firm as Fed hold, Hormuz oil spike hit equities",-0.2,Neutral
"Wed, 29 Jul 2026 07:00:00 GMT",Unknown,We’re running out of ways to get oil out of the Middle East,0.0,Neutral
"Wed, 29 Jul 2026 07:00:00 GMT",Unknown,Oman Presents Iran With Gulf-Backed Plan For Voluntary Strait Of Hormuz Transit Fees,0.0,Neutral
"Wed, 29 Jul 2026 07:00:00 GMT",Unknown,Oil markets remains overly optimistic about a return to normalcy with Hormuz: Rapidan's Bob McNally,0.0,Neutral
"Wed, 29 Jul 2026 07:00:00 GMT",Unknown,US launches strikes on Iranian targets a day after it foiled missile attack on American forces,0.0,Neutral
"Wed, 29 Jul 2026 07:00:00 GMT",Unknown,Global Oil Prices Jump as Attacks Resume in the Middle East,0.03,Neutral
"Wed, 29 Jul 2026 07:00:00 GMT",Unknown,Iran vs Oman: Two visions for the Strait of Hormuz,0.0,Neutral
"Wed, 29 Jul 2026 07:00:00 GMT",Unknown,Hormuz shipping rebounds despite hostilities as dark transits continue,-0.15,Neutral
"Thu, 30 Jul 2026 07:00:00 GMT",Unknown,From Hormuz to the Black Sea: Maritime battlefields are shaping ‘a new world order’,-0.02,Neutral
"Thu, 30 Jul 2026 07:00:00 GMT",Unknown,Hormuz shock exposes Africa’s opportunity and vulnerability,0.0,Neutral
"Thu, 30 Jul 2026 07:00:00 GMT",Unknown,Hormuz shipping traffic picks up despite hostilities,0.0,Neutral
"Thu, 30 Jul 2026 07:00:00 GMT",Unknown,Airpower opened Iran’s skies. Why hasn’t it reopened Hormuz?,0.0,Neutral
"Thu, 30 Jul 2026 07:00:00 GMT",Unknown,Iran's IRGC says Strait of Hormuz cannot reopen while US 'threats' continue,0.0,Neutral
"Thu, 30 Jul 2026 07:00:00 GMT",Unknown,IRGC: Strait of Hormuz Closed to US Threats,-0.1,Neutral
"Thu, 30 Jul 2026 07:00:00 GMT",Unknown,Japan turns to Canadian crude as Asia feels Hormuz supply pinch,-0.7,Negative
"Thu, 30 Jul 2026 07:00:00 GMT",Unknown,"QatarEnergy-controlled LNG tanker exits Hormuz, first in nearly three weeks",0.17,Neutral
"Thu, 30 Jul 2026 07:00:00 GMT",Unknown,COMMENTARY: Mideast oil faces bleak new order as Iran’s grip on Hormuz tightens,-0.43,Negative
"Thu, 30 Jul 2026 07:00:00 GMT",Unknown,Biofouling From Hormuz Shutdown Poses Major Invasive Species Risk,0.06,Neutral
"Thu, 30 Jul 2026 07:00:00 GMT",Unknown,Iran’s Guards say two tankers turned back in Hormuz after one of them caught fire,0.0,Neutral
"Thu, 30 Jul 2026 07:00:00 GMT",Unknown,"IRGC threatens countries aiding US, says Hormuz will remain closed",-0.07,Neutral
"Thu, 30 Jul 2026 07:00:00 GMT",Unknown,Iran Says Two Oil Tankers Ditched Attempt to Transit Hormuz,-0.7,Negative
"Thu, 30 Jul 2026 07:00:00 GMT",Unknown,"Ships stranded by war could cause marine ‘superspreader’ event, study warns",0.0,Neutral
"Thu, 30 Jul 2026 07:00:00 GMT",Unknown,"Gulf energy can bypass the Strait of Hormuz, but only with political unity",0.0,Neutral
"Thu, 30 Jul 2026 07:00:00 GMT",Unknown,Ships Stuck in the Strait of Hormuz Could Cause an ‘Invasive Superspreader Event’,0.0,Neutral
"Wed, 29 Jul 2026 07:00:00 GMT",Unknown,"U.S. thwarts Iranian missile attack on U.S. troops, strikes Iranian proxies in Iraq with Saudi forces",0.0,Neutral
"Thu, 30 Jul 2026 07:00:00 GMT",Unknown,Gulf Oil Exports Struggle to Recover Despite Higher Hormuz Traffic,-0.07,Neutral
"Thu, 30 Jul 2026 03:45:05 GMT",Unknown,The Latest: Trump threatens to strike Iran's infrastructure if Strait of Hormuz isn't reopened,0.5,Positive
"Thu, 30 Jul 2026 07:00:00 GMT",Unknown,"Saudi Coalition Proposal To Protect Hormuz, Bab el Mandeb Causes 2% Decline In Oil Prices",0.0,Neutral
"Wed, 29 Jul 2026 07:00:00 GMT",Unknown,Iran rejects Hormuz deal and launches strike on US forces in Jordan,0.0,Neutral
"Thu, 30 Jul 2026 07:00:00 GMT",Unknown,Caught in the Strait: Europe Between Law and Power at Hormuz,0.0,Neutral
"Thu, 30 Jul 2026 07:00:00 GMT",Unknown,"Hormuz in Crisis, US Reinstates Blockade",0.0,Neutral
"Wed, 29 Jul 2026 07:00:00 GMT",Unknown,No deal on Hormuz fees: US oil group rejects proposed waterway tolls,0.0,Neutral
"Wed, 29 Jul 2026 07:00:00 GMT",Unknown,Iran rules out Omani proposal to manage Strait of Hormuz,0.0,Neutral
"Thu, 30 Jul 2026 07:00:00 GMT",Unknown,Why Iran Cannot Fight a Forever War,0.0,Neutral
"Thu, 30 Jul 2026 07:00:00 GMT",Unknown,Ships stranded by Strait of Hormuz closure may cause ‘superspreader’ event,0.0,Neutral
"Wed, 29 Jul 2026 07:00:00 GMT",Unknown,Hormuz tensions return as military exchanges and shipping disputes intensify,-0.1,Neutral
"Wed, 29 Jul 2026 07:00:00 GMT",Unknown,Strait of Hormuz shipping hits ‘crisis-era lows’ as conflict risks spreading,0.0,Neutral
"Thu, 30 Jul 2026 07:00:00 GMT",Unknown,US targets Iran’s Hormuz ‘extortion scheme’ and eight shadow tankers,0.0,Neutral
"Wed, 29 Jul 2026 07:00:00 GMT",Unknown,U.S. sanctions ‘extortion network’ targeting Hormuz shipping,0.0,Neutral
"Wed, 29 Jul 2026 07:00:00 GMT",Unknown,How the Strait of Hormuz closure could lead to the spread of invasive species,0.0,Neutral
"Wed, 29 Jul 2026 07:00:00 GMT",Unknown,US war with Iran set to drag on for months over Hormuz deadlock,-0.1,Neutral
"Wed, 29 Jul 2026 07:00:00 GMT",Unknown,Oman pitches ‘Gulf-backed’ Hormuz plan to Iran,0.0,Neutral
"Thu, 30 Jul 2026 07:00:00 GMT",Unknown,Hormuz blockade: How US imposes ‘Iron Wall’ on Iran,0.0,Neutral
"Thu, 30 Jul 2026 07:00:00 GMT",Unknown,Who Owns Hormuz? Toward a Charter to Prevent the Monopolization of the Strait,-0.1,Neutral
"Wed, 29 Jul 2026 07:00:00 GMT",Unknown,New US sanctions target Iran’s Hormuz income,0.14,Neutral
"Wed, 29 Jul 2026 22:10:49 GMT",Unknown,Iran rejects Oman's proposal to establish equal control over Strait of Hormuz,0.0,Neutral
"Wed, 29 Jul 2026 07:00:00 GMT",Unknown,US sanctions Iran’s ‘extortion network’ over Hormuz tolls,0.0,Neutral
"Wed, 29 Jul 2026 07:00:00 GMT",Unknown,"Trump, Netanyahu in ‘positive’ talks amid hopes of Hormuz deal",0.23,Positive
"Wed, 29 Jul 2026 07:00:00 GMT",Unknown,"At UNSC, India strongly condemns recent attacks on maritime vessels in Strait of Hormuz",0.22,Positive
"Fri, 31 Jul 2026 07:00:00 GMT",Unknown,Hormuz Crossings Rebound Fades as Oil Holds at $110 Cap,0.0,Neutral
"Fri, 31 Jul 2026 07:00:00 GMT",Unknown,"Two VLCCs exit Strait of Hormuz, where traffic remains thin",-0.4,Negative
"Fri, 31 Jul 2026 07:00:00 GMT",Unknown,The Atlantic Brief: The Strait of Hormuz and the Future of Free Navigation,0.13,Neutral
"Fri, 31 Jul 2026 07:00:00 GMT",Unknown,The Strait of Hormuz Is Exposing a Blind Spot in the Energy Transition,-0.5,Negative
"Fri, 31 Jul 2026 07:00:00 GMT",Unknown,Iran strikes tankers under US escort in Hormuz strait as Trump gathers cabinet to discuss war,0.0,Neutral
"Fri, 31 Jul 2026 07:00:00 GMT",Unknown,Strait of Hormuz Closure,0.0,Neutral
"Fri, 31 Jul 2026 07:00:00 GMT",Unknown,Hormuz Oil Shuttling Trade Is Picking Up Again After Lull,0.0,Neutral
"Fri, 31 Jul 2026 07:00:00 GMT",Unknown,Beyond Hormuz: Building Resilience for the Next Crisis,0.0,Neutral
"Fri, 31 Jul 2026 07:00:00 GMT",Unknown,Oil prices rise after Iran says it attacked two tankers transiting Strait of Hormuz,0.0,Neutral
"Fri, 31 Jul 2026 07:00:00 GMT",Unknown,What the Hormuz Crisis Teaches Us About Agriculture’s Strategic Vulnerability,0.0,Neutral
"Fri, 31 Jul 2026 07:00:00 GMT",Unknown,Oil price rises after Iran says it stops ships in Hormuz,0.0,Neutral
"Fri, 31 Jul 2026 07:00:00 GMT",Unknown,"ADNOC buys tankers as Red Sea, Hormuz crisis reshape oil trade",0.0,Neutral
"Fri, 31 Jul 2026 07:00:00 GMT",Unknown,IRGC Claims Strikes on Tankers in Strait of Hormuz,0.0,Neutral
"Thu, 30 Jul 2026 07:00:00 GMT",Unknown,US and Iran trade missile barrages as hopes dim for a quick resolution to the five-month conflict,0.22,Positive
"Fri, 31 Jul 2026 07:00:00 GMT",Unknown,Strait of Hormuz Remains Closed amid US Aggression: PGSA,-0.1,Neutral
"Fri, 31 Jul 2026 07:00:00 GMT",Unknown,Iran says Strait of Hormuz remains closed,-0.07,Neutral
"Fri, 31 Jul 2026 07:00:00 GMT",Unknown,"Iran's IRGC says it hit 2 tankers, forced 4 others to turn back in Strait of Hormuz",-0.15,Neutral
"Fri, 31 Jul 2026 07:00:00 GMT",Unknown,Iran’s Strategic Logic of Instability,0.0,Neutral
"Fri, 31 Jul 2026 07:00:00 GMT",Unknown,"IISD Trade and Sustainability Review, July 2026",0.0,Neutral
"Thu, 30 Jul 2026 07:00:00 GMT",Unknown,CENTCOM Rejects IRGC Control Over Strait of Hormuz,0.0,Neutral
"Thu, 30 Jul 2026 07:00:00 GMT",Unknown,"EXCLUSIVE: QatarEnergy buys 33 US LNG cargoes to offset Hormuz disruption, sources say",0.0,Neutral
"Fri, 31 Jul 2026 07:00:00 GMT",Unknown,Hormuz Uncertainty Keeps Oil Markets on Edge,-0.7,Negative
"Fri, 31 Jul 2026 07:00:00 GMT",Unknown,IRGC Says It Struck Two Tankers Attempting to Transit Strait of Hormuz Under US Escort,0.0,Neutral
"Fri, 31 Jul 2026 07:00:00 GMT",Unknown,"White House signals Trump is weighing new strikes on Iran, and other developments in the Middle East",0.0,Neutral
"Thu, 30 Jul 2026 07:00:00 GMT",Unknown,Netanyahu: Strait of Hormuz will no longer be leverage after Iran war ends,0.0,Neutral
"Fri, 31 Jul 2026 07:00:00 GMT",Unknown,US military rejects Iranian claim that Strait of Hormuz is closed,-0.08,Neutral
"Thu, 30 Jul 2026 07:00:00 GMT",Unknown,Oil settles down on proposed Saudi-led maritime defence coalition,-0.16,Neutral
"Fri, 31 Jul 2026 07:00:00 GMT",Unknown,Iran claims it struck 2 tankers transiting Hormuz under US military 'air escort',-0.1,Neutral
"Thu, 30 Jul 2026 07:00:00 GMT",Unknown,Gulf States’ ‘Plan B’ for the Strait of Hormuz,0.0,Neutral
"Thu, 30 Jul 2026 07:00:00 GMT",Unknown,Hormuz wasn’t overlooked; it was a tradeoff,0.0,Neutral
"Fri, 31 Jul 2026 07:00:00 GMT",Unknown,U.S. sanctions Iran-linked bitcoin insurance scheme for Strait of Hormuz ships,0.0,Neutral
"Thu, 30 Jul 2026 07:00:00 GMT",Unknown,Analysis • Hormuz and Gulf just the start: Inside Iran's plans to dominate the Middle East,0.0,Neutral
"Thu, 30 Jul 2026 07:00:00 GMT",Unknown,OFAC Targets Iran’s Crypto-Funded Toll Scheme in Strait of Hormuz,0.0,Neutral
"Fri, 31 Jul 2026 07:00:00 GMT",Unknown,Hormuz: A Shared Hindu And Zoroastrian Heritage,0.0,Neutral
"Thu, 30 Jul 2026 07:00:00 GMT",Unknown,IRGC Says Strait of Hormuz Will Remain Closed While US Threats Continue,-0.1,Neutral
"Thu, 30 Jul 2026 07:00:00 GMT",Unknown,"QatarEnergy-controlled LNG tanker exits Strait of Hormuz, first in nearly three weeks",0.17,Neutral
"Fri, 31 Jul 2026 07:00:00 GMT",Unknown,"US writhes, but Hormuz survives—in Iranian hands",0.0,Neutral
"Fri, 31 Jul 2026 07:00:00 GMT",Unknown,Oil prices seen gaining as Middle East supply disruptions persist: Reuters poll,0.0,Neutral
"Fri, 31 Jul 2026 07:00:00 GMT",Unknown,"Oil futures: Crude rebounds as Hormuz, CPC disruptions eyed",-0.7,Negative
"Thu, 30 Jul 2026 07:00:00 GMT",Unknown,"China calls for renewed Gulf talks, safe passage through Strait of Hormuz",0.5,Positive
"Thu, 30 Jul 2026 07:00:00 GMT",Unknown,"As Iran batters the Gulf states, Trump’s course is beyond clear",0.1,Neutral
"Thu, 30 Jul 2026 07:00:00 GMT",Unknown,US strikes kill Iranian civilians on Hormuz island as war resumes,0.0,Neutral
"Fri, 31 Jul 2026 07:00:00 GMT",Unknown,"UN chief warns Gulf conflict fueling global instability, calls for restoration of Strait of Hormuz shipping",0.0,Neutral
"Fri, 31 Jul 2026 07:00:00 GMT",Unknown,"Strait of Hormuz remains paralyzed as Iran strikes tankers, seizes vessel",0.0,Neutral
"Thu, 30 Jul 2026 07:00:00 GMT",Unknown,"US accuses Iran of 'extortion' in Strait of Hormuz, targets tankers, owners and insurers in new sanctions",0.14,Neutral
"Fri, 31 Jul 2026 07:00:00 GMT",Unknown,Oil prices tick up as Strait of Hormuz remains closed,-0.1,Neutral
"Fri, 31 Jul 2026 07:00:00 GMT",Unknown,"From Hormuz to Suez, war tightens its grip on global shipping",0.0,Neutral
"Fri, 31 Jul 2026 07:00:00 GMT",Unknown,US Treasury Sanctions Iranian Firms Taking Bitcoin for Hormuz Passage,0.0,Neutral
"Fri, 31 Jul 2026 07:00:00 GMT",Unknown,Iran Says Struck Two Tankers Under US ‘Air Escort’ Trying to Pass Hormuz,0.0,Neutral
"Thu, 30 Jul 2026 07:00:00 GMT",Unknown,Can China restrain Iran? Gulf states test Beijing's influence,0.0,Neutral
"Fri, 31 Jul 2026 07:00:00 GMT",Unknown,"Iran Strikes 2 Tankers Trying To Cross Strait Of Hormuz Under US ""Air Escort""",0.0,Neutral
"Thu, 30 Jul 2026 07:00:00 GMT",Unknown,Here's Another Reason Iran Doesn't Want Peace,0.0,Neutral
"Thu, 30 Jul 2026 07:00:00 GMT",Unknown,Trump is stuck in Iran. Here’s one idea that could offer a way out,0.0,Neutral
"Thu, 30 Jul 2026 07:00:00 GMT",Unknown,"China cuts deal with Houthis, adjusts for long US war with Iran",-0.05,Neutral
"Fri, 31 Jul 2026 07:00:00 GMT",Unknown,WTI Slips as Profit-Taking Hits After Hormuz Recovery,0.0,Neutral
"Fri, 31 Jul 2026 07:00:00 GMT",Unknown,"Jaishankar calls Araghchi, as maritime risks persist in the Strait of Hormuz and the Black Sea",-0.17,Neutral
"Thu, 30 Jul 2026 07:00:00 GMT",Unknown,Qatar Sends First LNG Cargo Through Hormuz Since Tanker Attack,0.25,Positive
"Fri, 31 Jul 2026 07:00:00 GMT",Unknown,India Monitors 6 Vessels & 166 Seafarers Near Strait Of Hormuz After Houthi's Blockade Of Saudi Shipping,0.1,Neutral
"Thu, 30 Jul 2026 07:00:00 GMT",Unknown,Trump let ships sit in the Strait of Hormuz for months. They now might be ‘superspreaders’,0.0,Neutral
"Thu, 30 Jul 2026 07:00:00 GMT",Unknown,OFAC issues sanctions for activities related to Hormuz,0.0,Neutral
"Thu, 30 Jul 2026 07:00:00 GMT",Unknown,Oil prices fall after Saudi Arabia proposes naval coalition to protect ships from attack,0.0,Neutral
"Fri, 31 Jul 2026 07:00:00 GMT",Unknown,Poultry Feed Challenges Amid Strait of Hormuz Closure,0.0,Neutral
"Thu, 30 Jul 2026 07:00:00 GMT",Unknown,Iran blames US for Hormuz closure as Oman talks continue,0.0,Neutral
"Fri, 31 Jul 2026 07:00:00 GMT",Unknown,US offers $15 million reward over IRGC drone network,0.07,Neutral
"Fri, 31 Jul 2026 07:00:00 GMT",Unknown,Trust in Strait of Hormuz will take time to rebuild: ExxonMobil CEO,0.0,Neutral
"Fri, 31 Jul 2026 07:00:00 GMT",Unknown,Iran claims strikes on 2 oil tankers in Strait of Hormuz,0.0,Neutral
"Thu, 30 Jul 2026 07:00:00 GMT",Unknown,IRGC: Two Oil Tankers Retreat after Attempting Unsafe Hormuz Route,0.0,Neutral
"Fri, 31 Jul 2026 07:00:00 GMT",Unknown,Strait of Hormuz remains suspended due to US aggression: PGSA,-0.12,Neutral
"Fri, 31 Jul 2026 07:00:00 GMT",Unknown,"Iran targets strategic U.S. assets in Kuwait, Bahrain after Egypt drone attack",0.0,Neutral
"Thu, 30 Jul 2026 07:00:00 GMT",Unknown,US sanctions firms behind Iran’s Strait of Hormuz BTC insurance scheme,-0.4,Negative
"Thu, 30 Jul 2026 07:00:00 GMT",Unknown,"As the US and Iran trade blows over Hormuz, how long before the nuclear threat forces Israel to go back to war?",-0.03,Neutral
"Thu, 30 Jul 2026 07:00:00 GMT",Unknown,The war over Hormuz must not replace the fight against a nuclear Iran,0.0,Neutral
"Fri, 31 Jul 2026 07:00:00 GMT",Unknown,U.S. Strike Wave Hits IRGC Hormuz Enforcement Network After Jordan Missile Attack,0.0,Neutral
"Fri, 31 Jul 2026 07:00:00 GMT",Unknown,Iran's Escalation in the Strait of Hormuz: Domestic Drivers and the Risks of Strategic Overreach,0.0,Neutral
"Thu, 30 Jul 2026 07:00:00 GMT",Unknown,"Saudi Arabia, Italy call for maritime security in Hormuz, Red Sea",0.0,Neutral
"Sat, 01 Aug 2026 07:00:00 GMT",Unknown,A Fleet Idled by Conflict Is Now Spinning an ‘Ecological Roulette’ Across the World’s Ports,0.4,Positive
"Sat, 01 Aug 2026 07:00:00 GMT",Unknown,Trump threatens more strikes on Iran. Tensions from Hormuz to Kuwait and Gaza lead to more warnings,0.5,Positive
"Sat, 01 Aug 2026 07:00:00 GMT",Unknown,"Iran warns continued US maritime blockade could shut Strait of Hormuz, other waterways",-0.12,Neutral
"Sat, 01 Aug 2026 07:00:00 GMT",Unknown,Tankers targeted in twin incidents near Strait of Hormuz off Oman,0.1,Neutral
"Sat, 01 Aug 2026 07:00:00 GMT",Unknown,Tehran working with Oman to establish mechanisms for managing Strait of Hormuz navigation: Iran,0.0,Neutral
"Sat, 01 Aug 2026 07:00:00 GMT",Unknown,Tanker Carrying Qatari LNG Struck While Transiting Hormuz,0.0,Neutral
"Sat, 01 Aug 2026 07:00:00 GMT",Unknown,Trump says he will order halt to Iran strikes after parameters reached for deal to end war,0.0,Neutral
"Sat, 01 Aug 2026 07:00:00 GMT",Unknown,"Trump backs off from new strikes on Iran, claiming Mideast allies have outlines of Hormuz deal",0.14,Neutral
"Sat, 01 Aug 2026 07:00:00 GMT",Unknown,"Tanker struck, another targeted in Strait of Hormuz, UK maritime group says",0.0,Neutral
"Sat, 01 Aug 2026 07:00:00 GMT",Unknown,"Gov’t weighing options to protect movement in Hormuz, national security adviser says",0.0,Neutral
"Sat, 01 Aug 2026 07:00:00 GMT",Unknown,Indian state refiners suspend Iraq crude loadings as Strait of Hormuz security risks escalate,-0.7,Negative
"Sat, 01 Aug 2026 07:00:00 GMT",Unknown,"LNG carrier struck in Hormuz, tanker in near miss",0.1,Neutral
"Sat, 01 Aug 2026 07:00:00 GMT",Unknown,Tanker carrying natural gas through Strait of Hormuz attacked — as Americans urged to leave Middle East,0.05,Neutral
"Sat, 01 Aug 2026 07:00:00 GMT",Unknown,"In Iran, the U.S. Appears Headed for a Strategic Defeat, Allies Fear",0.14,Neutral
"Sat, 01 Aug 2026 07:00:00 GMT",Unknown,Strait of Hormuz disruptions show fertilizer is just as valuable as oil,0.0,Neutral
"Sat, 01 Aug 2026 07:00:00 GMT",Unknown,Beyond Suez and Hormuz: What the Development Road Project could offer,0.0,Neutral
"Sat, 01 Aug 2026 07:00:00 GMT",Unknown,Trump predicted an oil catastrophe if the war didn’t end. The clock is ticking,0.0,Neutral
"Sat, 01 Aug 2026 07:00:00 GMT",Unknown,Two reported attacks on tankers near Strait of Hormuz,0.1,Neutral
"Sat, 01 Aug 2026 07:00:00 GMT",Unknown,Trump gathers Cabinet at Camp David after Iran strikes 2 oil tankers under US escort in Hormuz,0.0,Neutral
"Sat, 01 Aug 2026 07:00:00 GMT",Unknown,US officials signal Iran deal could come over the weekend,0.0,Neutral
"Sat, 01 Aug 2026 07:00:00 GMT",Unknown,US tightens military and financial pressure as Iran talks falter,-0.04,Neutral
"Sat, 01 Aug 2026 07:00:00 GMT",Unknown,US threatens fresh Iran strikes as Hormuz tensions rattle Gulf shipping,0.3,Positive
"Fri, 31 Jul 2026 07:00:00 GMT",Unknown,Seoul weighs Hormuz surveillance deployment,0.0,Neutral
"Fri, 31 Jul 2026 07:00:00 GMT",Unknown,Clashes Between The U.S. And Iran Continue Around The Strait Of Hormuz. Oil Is Climbing Again,0.0,Neutral
"Fri, 31 Jul 2026 07:00:00 GMT",Unknown,U.S. Treasury attacks Iran's Hormuz 'extortion' network,0.0,Neutral
"Fri, 31 Jul 2026 07:00:00 GMT",Unknown,"Tanker struck by projectile in Strait of Hormuz, UKMTO says",0.0,Neutral
"Fri, 31 Jul 2026 07:00:00 GMT",Unknown,"Strait of Hormuz Shutdown Creates Global Invasive Species Risk, Study Warns",0.0,Neutral
"Fri, 31 Jul 2026 07:00:00 GMT",Unknown,Petroline Explained: Saudi Arabia's Hormuz Bypass,0.0,Neutral
"Fri, 31 Jul 2026 07:00:00 GMT",Unknown,Strait of Hormuz sees busiest shipping day in two weeks as LNG traffic resumes,0.0,Neutral
"Sat, 01 Aug 2026 07:00:00 GMT",Unknown,Scoop: Saudi crown prince raises concerns over Trump's plans for massive Iran strikes,0.0,Neutral
"Sat, 01 Aug 2026 07:00:00 GMT",Unknown,"Tanker hit, explosion reported off Oman: Strait of Hormuz shipping under pressure",0.0,Neutral
"Fri, 31 Jul 2026 07:00:00 GMT",Unknown,"Iran security council warns US over Hormuz, wider closures",0.0,Neutral
"Sat, 01 Aug 2026 07:00:00 GMT",Unknown,Qatari LNG tanker struck while transiting Strait of Hormuz,0.0,Neutral
"Fri, 31 Jul 2026 07:00:00 GMT",Unknown,Major oil companies reap massive profits as war with Iran drives prices higher,0.13,Neutral
"Sat, 01 Aug 2026 07:00:00 GMT",Unknown,US embassies urge citizens to 'consider departing' region,0.0,Neutral
"Fri, 31 Jul 2026 07:00:00 GMT",Unknown,"Iran war: Why Gulf nations are turning to China, not US, to reopen Strait of Hormuz",0.0,Neutral
"Fri, 31 Jul 2026 07:00:00 GMT",Unknown,Hormuz oil spills threaten Oman’s marine life and beaches,0.0,Neutral
"Sat, 01 Aug 2026 07:00:00 GMT",Unknown,"Trump says Iran agreed to ‘perimeters’ of a peace deal, cancels planned US attack",0.0,Neutral
"Sat, 01 Aug 2026 07:00:00 GMT",Unknown,Hormuz oil shuttling trade is picking up again after lull,0.2,Neutral
"Fri, 31 Jul 2026 07:00:00 GMT",Unknown,"Oil prices settle more than 1% higher, log strongest month since March",0.38,Positive
"Fri, 31 Jul 2026 07:00:00 GMT",Unknown,Oil rises as Iran says ships stopped in Strait of Hormuz,0.0,Neutral
"Fri, 31 Jul 2026 07:00:00 GMT",Unknown,Oil eases as Hormuz flows offset Middle East tensions,0.0,Neutral
"Sat, 01 Aug 2026 07:00:00 GMT",Unknown,Shocking Facts on Strait of Hormuz Tensions Driving Oil Prices Up 24%,-0.67,Negative
"Fri, 31 Jul 2026 07:00:00 GMT",Unknown,IRGC Fires on US-Escorted Tankers: Air-Only Hormuz Strategy Shows Its Limit,0.0,Neutral
"Fri, 31 Jul 2026 07:00:00 GMT",Unknown,Europe Is Caught Between Low Gas Reserves and Rising Prices From Iran War,0.05,Neutral
"Sat, 01 Aug 2026 07:00:00 GMT",Unknown,Iran warns against ‘flames of war’ amid US strike threats on energy sites,0.0,Neutral
"Sat, 01 Aug 2026 07:00:00 GMT",Unknown,Trump says he agreed to cancel planned attack on Iran due to pending deal,-0.12,Neutral
"Fri, 31 Jul 2026 07:00:00 GMT",Unknown,"Grades mixed as Iran stops tanker passages in Hormuz, US adds more rigs",0.25,Positive
"Sat, 01 Aug 2026 07:00:00 GMT",Unknown,‘The Strait of Hormuz blockade poses a super-spreader bio-invasion threat — India is at high risk from th,0.16,Neutral
"Fri, 31 Jul 2026 07:00:00 GMT",Unknown,25 vessels transit Bab al-Mandeb as shipping through Hormuz remains subdued,0.0,Neutral
"Fri, 31 Jul 2026 07:00:00 GMT",Unknown,Pakistan says US-Iran talks still alive despite fresh wave of US strikes,0.2,Neutral
"Fri, 31 Jul 2026 07:00:00 GMT",Unknown,Tehran Says Strait of Hormuz Is Shut While CENTCOM Insists Shipping Continues,0.0,Neutral
"Sun, 02 Aug 2026 07:00:00 GMT",Unknown,Iran says negotiations with Oman over Strait of Hormuz in final stages,0.0,Neutral
"Sun, 02 Aug 2026 07:00:00 GMT",Unknown,Iran says talks with Oman on Strait of Hormuz ‘nearing completion’,0.0,Neutral
"Sun, 02 Aug 2026 07:00:00 GMT",Unknown,Trump says Gulf leaders' input weighed heavily in decision to hold off on ordering new Iran strikes,-0.03,Neutral
"Sun, 02 Aug 2026 07:00:00 GMT",Unknown,LNG Carrier Hit By Iranian Attack in Strait of Hormuz,0.0,Neutral
"Sun, 02 Aug 2026 07:00:00 GMT",Unknown,Trump Holds Off Iran Strikes on Pledge a Hormuz Deal Is Close,0.0,Neutral
"Sun, 02 Aug 2026 07:00:00 GMT",Unknown,How to end the ‘Hormuz war’,0.0,Neutral
"Sun, 02 Aug 2026 07:00:00 GMT",Unknown,Fact-checking Trump's claims about how the Iran war is going,0.0,Neutral
"Sun, 02 Aug 2026 07:00:00 GMT",Unknown,No breakthrough on Strait of Hormuz as Trump halts attack on Iran,0.0,Neutral
"Sun, 02 Aug 2026 07:00:00 GMT",Unknown,Rubio’s bypass plan: Can the world escape the Strait of Hormuz chokepoint?,0.0,Neutral
"Sun, 02 Aug 2026 07:00:00 GMT",Unknown,"Iran denies seeking halt to US attacks, agreement to reopen Strait of Hormuz",0.0,Neutral
"Sun, 02 Aug 2026 07:00:00 GMT",Unknown,"Mediators seek to revive US-Iran deal, open Hormuz for 60 days without fees: Israeli media",0.0,Neutral
"Sun, 02 Aug 2026 07:00:00 GMT",Unknown,Gulf States Split On Iranian Retaliation As Hormuz Deal Under Consideration,0.0,Neutral
"Sun, 02 Aug 2026 07:00:00 GMT",Unknown,Iran signaled it would allow Hormuz to reopen before Trump called off attacks: report,0.0,Neutral
"Sun, 02 Aug 2026 07:00:00 GMT",Unknown,The Strait of Hormuz: America’s War Strategy,0.0,Neutral
"Sun, 02 Aug 2026 07:00:00 GMT",Unknown,"As Trump balks again, Iran smells ‘blood in the water’ and looks to exploit its strategic advantage",0.0,Neutral
"Sun, 02 Aug 2026 07:00:00 GMT",Unknown,Iran Says Oman Talks on Strait of Hormuz Near Conclusion,0.1,Neutral
"Sun, 02 Aug 2026 07:00:00 GMT",Unknown,Did Iran reject Trump’s Strait of Hormuz peace deal?,0.0,Neutral
"Sun, 02 Aug 2026 07:00:00 GMT",Unknown,Trump holds off Iran strikes on pledge a Hormuz deal is close,0.0,Neutral
"Sun, 02 Aug 2026 07:00:00 GMT",Unknown,"""Respects Sovereignty Of Both"": Iran Says Close To Hormuz Deal With Oman",0.0,Neutral
"Sun, 02 Aug 2026 07:00:00 GMT",Unknown,How China gets around the blockade of the Strait of Hormuz to get Iranian oil,0.0,Neutral
"Sun, 02 Aug 2026 07:00:00 GMT",Unknown,"Iran says close to Hormuz deal with Oman, after US suspends attack plan",0.0,Neutral
"Sun, 02 Aug 2026 07:00:00 GMT",Unknown,Chevron eyes Iraq project to bypass Strait of Hormuz,0.0,Neutral
"Sun, 02 Aug 2026 07:00:00 GMT",Unknown,"Why has Trump halted Iran attacks, and what is the deal he is hinting at?",0.0,Neutral
"Sun, 02 Aug 2026 07:00:00 GMT",Unknown,Iran’s Araghchi reportedly agrees to US-Qatari Strait of Hormuz proposal,0.0,Neutral
"Sun, 02 Aug 2026 07:00:00 GMT",Unknown,"Trump Cancels Iran Strikes, Cites Progress Toward 'Rapid' Deal to Reopen Strait of Hormuz",0.0,Neutral
"Sun, 02 Aug 2026 07:00:00 GMT",Unknown,Hormuz will not return to pre-war status: FM Spox,0.0,Neutral
"Sat, 01 Aug 2026 07:00:00 GMT",Unknown,New Hormuz plan leaves Iran in control,0.14,Neutral
"Sun, 02 Aug 2026 07:00:00 GMT",Unknown,"Open Hormuz Strait, end nuclear threat: Trump lays out ‘parameters’ for Iran deal | What are they? | World News",0.0,Neutral
"Sun, 02 Aug 2026 07:00:00 GMT",Unknown,Iraq welcomes diplomacy in Strait of Hormuz talks during call with Iran,0.0,Neutral
"Sat, 01 Aug 2026 07:00:00 GMT",Unknown,Iran parliament committee begins review of Strait of Hormuz plan,0.0,Neutral
"Sat, 01 Aug 2026 07:00:00 GMT",Unknown,"Iran says passage through Strait of Hormuz ""not feasible"" due to U.S. aggression",-0.12,Neutral
"Sun, 02 Aug 2026 07:00:00 GMT",Unknown,"Mojtaba turns Hormuz into a loaded gun: In major embarrassment, Iran rejects Trump's bet on Oman fix | Hindustan Times",0.06,Neutral
"Sun, 02 Aug 2026 07:00:00 GMT",Unknown,Trump says US cancels Iran strikes after Tehran's deal request. But there's a catch,0.0,Neutral
"Sun, 02 Aug 2026 07:00:00 GMT",Unknown,"Trump Halts Attack, Iran Drops Hormuz Bombshell; 'All Ships Should...' | WATCH",0.0,Neutral
"Sat, 01 Aug 2026 07:00:00 GMT",Unknown,"Why Strait of Hormuz remains Iran’s ‘silver bullet’, explains former UN envoy T S Tirumurti",0.0,Neutral
"Sun, 02 Aug 2026 07:00:00 GMT",Unknown,Iran says close to deal with Oman on Strait of Hormuz,0.0,Neutral
"Sun, 02 Aug 2026 07:00:00 GMT",Unknown,Trump pauses new Iran strikes as allies push fresh war-ending deal,0.22,Positive
"Sun, 02 Aug 2026 07:00:00 GMT",Unknown,"Trump says he will hold off on fresh Iran attack in hope of a quick deal on nuclear threat, Hormuz",0.32,Positive
"Sat, 01 Aug 2026 07:00:00 GMT",Unknown,Trump vows harder strikes as Iran says Hormuz shut,-0.1,Neutral
"Sun, 02 Aug 2026 07:00:00 GMT",Unknown,"Strait of Hormuz disruption raises market volatility, weakens efforts to support crude oil market stability: OPEC",-0.7,Negative
"Sat, 01 Aug 2026 07:00:00 GMT",Unknown,Top Iranian commander warns countries serving as defensive shield for US will 'burn in flames of war',0.5,Positive
"Sat, 01 Aug 2026 07:00:00 GMT",Unknown,South Korea Reviews Hormuz Military Contribution Options,-0.1,Neutral
"Sat, 01 Aug 2026 07:00:00 GMT",Unknown,US says Strait of Hormuz open as 30 ships rerouted in Iran blockade,0.0,Neutral
"Sat, 01 Aug 2026 07:00:00 GMT",Unknown,An oil tanker was attacked in the Strait of Hormuz,0.0,Neutral
"Sun, 02 Aug 2026 07:00:00 GMT",Unknown,Iran announced that negotiations with Oman regarding the Strait of Hormuz have entered their final stage,0.0,Neutral
"Sun, 02 Aug 2026 07:00:00 GMT",Unknown,Did Iran Reject Trump's Deal Offer? Tehran Says 'No Strait Of Hormuz Agreement Exists',0.0,Neutral
"Sat, 01 Aug 2026 07:00:00 GMT",Unknown,Tanker carrying Qatari LNG struck while transiting Hormuz,0.0,Neutral
"Sun, 02 Aug 2026 07:00:00 GMT",Unknown,Iran Keeps Hormuz Shut Despite Trump's Deal Announcement,0.0,Neutral
"Sun, 02 Aug 2026 07:00:00 GMT",Unknown,"Iran rejects Trump claim of Strait of Hormuz reopening deal, says no agreement reached",0.0,Neutral
"Sun, 02 Aug 2026 07:00:00 GMT",Unknown,FM spox says Strait of Hormuz will not return to pre-war status,0.0,Neutral
"Sun, 02 Aug 2026 07:00:00 GMT",Unknown,"Negotiations between Iran and Oman over Hormuz in final stages, Tehran says",0.0,Neutral
"Sat, 01 Aug 2026 07:00:00 GMT",Unknown,Tanker carrying Qatari LNG struck while transiting Strait of Hormuz,0.0,Neutral
"Sun, 02 Aug 2026 07:00:00 GMT",Unknown,"Oman, mediators in final stages of negotiations with Iran on Hormuz",0.0,Neutral
"Sat, 01 Aug 2026 07:00:00 GMT",Unknown,"Strait of Hormuz Crisis 2026: Can hundreds of stranded ships spread ""invasive species"" globally?...",0.0,Neutral
"Sat, 01 Aug 2026 07:00:00 GMT",Unknown,Figures behind rush for Hormuz oil export alternatives,-0.4,Negative
"Sun, 02 Aug 2026 07:00:00 GMT",Unknown,US hopeful Hormuz strait deal will be done 'today or tomorrow',0.0,Neutral
"Sun, 02 Aug 2026 07:00:00 GMT",Unknown,Trump says US will halt Iran strikes if Hormuz Strait deal is reached,0.0,Neutral
"Sun, 02 Aug 2026 07:00:00 GMT",Unknown,F-35s take off to patrol Strait of Hormuz,0.0,Neutral
"Sun, 02 Aug 2026 07:00:00 GMT",Unknown,From Strait of Hormuz to Iran's nuclear programme: What's in Trump's proposed Iran deal?,0.0,Neutral
"Sun, 02 Aug 2026 07:00:00 GMT",Unknown,Qatar pushes for freedom of navigation in Strait of Hormuz | Gulf Times,0.0,Neutral
"Sat, 01 Aug 2026 07:00:00 GMT",Unknown,"Two incidents, same route: Mystery projectiles raise fears over a new vessel predator in Hormuz | Videos",0.07,Neutral
"Sun, 02 Aug 2026 07:00:00 GMT",Unknown,Iran says close to Hormuz deal with Oman after US suspends attack plan,0.0,Neutral
"Sun, 02 Aug 2026 07:00:00 GMT",Unknown,Iran foreign ministry says close to deal with Oman on Hormuz route -...,-0.12,Neutral
"Sat, 01 Aug 2026 07:00:00 GMT",Unknown,A tanker loses control after being hit by a projectile in the Strait of Hormuz off Oman,-0.3,Negative
"Sun, 02 Aug 2026 07:00:00 GMT",Unknown,Oil Prices Rise as Strait of Hormuz Crisis Rages,0.0,Neutral
"Sun, 02 Aug 2026 07:00:00 GMT",Unknown,Why the inflation scare may peak before the war ends,0.0,Neutral
"Sun, 02 Aug 2026 07:00:00 GMT",Unknown,Iran places in its final stretch the dialogue with Oman about the future of the Strait of Hormuz,0.0,Neutral
"Sat, 01 Aug 2026 07:00:00 GMT",Unknown,Unidentified strike disables tanker near Strait of Hormuz amid Iran tensions,0.1,Neutral
"Mon, 03 Aug 2026 07:00:00 GMT",Unknown,An Emerging Deal Could Cement Iran’s Control of Strait of Hormuz,0.14,Neutral
"Mon, 03 Aug 2026 07:00:00 GMT",Unknown,How long can Iran weaponise Hormuz?,-0.05,Neutral
"Mon, 03 Aug 2026 07:00:00 GMT",Unknown,"With its new leverage over the Strait of Hormuz, does Iran want – or need – a nuclear weapon?",0.14,Neutral
"Mon, 03 Aug 2026 07:00:00 GMT",Unknown,"U.S.-Iran negotiations set to begin Monday, Trump says after calling off strikes",0.0,Neutral
"Mon, 03 Aug 2026 07:00:00 GMT",Unknown,Trump gives Iran ‘last chance’ to sign deal before ‘decapitation’ — sets target date for Strait of Hormuz to reopen,0.0,Neutral
"Mon, 03 Aug 2026 07:00:00 GMT",Unknown,Iran and Oman Hold Talks on Reopening the Strait of Hormuz,0.14,Neutral
"Mon, 03 Aug 2026 07:00:00 GMT",Unknown,"Hormuz Reopening In Sight? Iran Eyes Safe Route With Oman, Says No Talks With US",0.5,Positive
"Mon, 03 Aug 2026 07:00:00 GMT",Unknown,US Unveils F-35 Patrol Mission Over Strait Of Hormuz Amid Iran Standoff | Videos,0.0,Neutral
"Mon, 03 Aug 2026 07:00:00 GMT",Unknown,Iran Expands Maritime Pressure on the US as Hormuz Becomes a Bargaining Tool,0.0,Neutral
"Mon, 03 Aug 2026 07:00:00 GMT",Unknown,Trump says Iran faces 'decapitation' if it doesn't strike deal,0.0,Neutral
"Mon, 03 Aug 2026 07:00:00 GMT",Unknown,Iran says Hormuz will never return to pre‑war status; big shocker to Trump before renewed talks? | Videos,0.0,Neutral
"Sun, 02 Aug 2026 07:00:00 GMT",Unknown,"US-Israel-Iran War Latest News: Iran Denies Strait of Hormuz Reopening Deal, Says Route Will Stay Closed Until US ‘Hostile Actions’ End",0.2,Neutral
"Mon, 03 Aug 2026 07:00:00 GMT",Unknown,"US-Israel-Iran War Latest News: Tanker Reports Hearing Explosion in Strait of Hormuz, UKMTO Issues Security Alert; Fresh Fears Grip Key Oil Route",0.27,Positive
"Mon, 03 Aug 2026 07:00:00 GMT",Unknown,Iran Says No Talks With the U.S. on Hormuz Strait,0.0,Neutral
"Tue, 04 Aug 2026 07:00:00 GMT",Unknown,"Strait of Hormuz disruption hits energy, fertilizer and industrial trade",0.0,Neutral
"Tue, 04 Aug 2026 07:00:00 GMT",Unknown,"Iran and Oman make progress on a deal to reopen the Strait of Hormuz, officials say",0.0,Neutral
"Tue, 04 Aug 2026 07:00:00 GMT",Unknown,"Iran demands inbound control of Hormuz and outbound oversight, source says",0.0,Neutral
"Tue, 04 Aug 2026 07:00:00 GMT",Unknown,"U.S. nears Hormuz deal, aiming for Wednesday announcement",0.0,Neutral
"Tue, 04 Aug 2026 07:00:00 GMT",Unknown,Bessent says there may be deal Tuesday or Wednesday to open Strait of Hormuz with 'freedom of movement',0.0,Neutral
"Tue, 04 Aug 2026 07:00:00 GMT",Unknown,Cargo ship reports being struck in Strait of Hormuz as U.S. and Iran dispute talks,0.0,Neutral
"Tue, 04 Aug 2026 07:00:00 GMT",Unknown,Trump and Iran clash over Strait of Hormuz talks as cargo ship is attacked,0.0,Neutral
"Tue, 04 Aug 2026 07:00:00 GMT",Unknown,"Nearly 1,500 Ships Are Stuck in the Strait of Hormuz—And Something Dangerous Is Growing on Them",-0.08,Neutral
"Tue, 04 Aug 2026 07:00:00 GMT",Unknown,Trade vessel struck by projectile in Strait of Hormuz amid US-Iran talks,0.0,Neutral
"Tue, 04 Aug 2026 07:00:00 GMT",Unknown,"Trump snaps back to diplomacy, but Iran has other ideas",-0.06,Neutral
"Tue, 04 Aug 2026 07:00:00 GMT",Unknown,"Iran and Oman are working on a plan to reopen the Strait of Hormuz, and other Mideast developments",-0.12,Neutral
"Tue, 04 Aug 2026 07:00:00 GMT",Unknown,"Iran, Oman say Strait of Hormuz talks in final stages, as Trump again teases a deal being close",0.0,Neutral
"Tue, 04 Aug 2026 07:00:00 GMT",Unknown,"Hormuz Opening Uncertain After New Strike, as Trump Administration Says Deal May Be Close",0.14,Neutral
"Tue, 04 Aug 2026 07:00:00 GMT",Unknown,The Iran War’s Forgotten Captives: Sailors Trapped in the Persian Gulf,-0.09,Neutral
"Tue, 04 Aug 2026 07:00:00 GMT",Unknown,"Talks With Iran to Reopen Strait of Hormuz Make Progress, Officials Say",0.14,Neutral
"Tue, 04 Aug 2026 07:00:00 GMT",Unknown,"With Hormuz Blocked Again, How Effective Are the Gulf’s Bypass Routes?",0.6,Positive
"Tue, 04 Aug 2026 07:00:00 GMT",Unknown,Scientists warn the closure of the Strait of Hormuz could trigger a marine super-spreader event,0.0,Neutral
"Tue, 04 Aug 2026 07:00:00 GMT",Unknown,Persian Gulf Oil Exports Gradually Bypass the Strait of Hormuz,0.0,Neutral
"Tue, 04 Aug 2026 07:00:00 GMT",Unknown,Iran presses wider Hormuz demands as US says deal may be close,0.0,Neutral
"Tue, 04 Aug 2026 07:00:00 GMT",Unknown,"US says deal on reopening Hormuz close as Iran, Oman hold ‘positive’ talks",0.23,Positive
"Mon, 03 Aug 2026 07:00:00 GMT",Unknown,Seafarer missing after bulker struck in the Strait of Hormuz,-0.2,Neutral
"Tue, 04 Aug 2026 07:00:00 GMT",Unknown,"Iran and Oman inching closer to deal to reopen Strait of Hormuz, Trump admin. optimistic",0.0,Neutral
"Tue, 04 Aug 2026 07:00:00 GMT",Unknown,Cargo ship reports being struck in Strait of Hormuz,0.0,Neutral
"Mon, 03 Aug 2026 07:00:00 GMT",Unknown,Greek shipper GasLog says LNG tanker stable after Strait of Hormuz incident,0.0,Neutral
"Mon, 03 Aug 2026 07:00:00 GMT",Unknown,Iran And Oman Near Deal To Reopen Strait Of Hormuz Shipping Lanes,0.1,Neutral
"Tue, 04 Aug 2026 07:00:00 GMT",Unknown,Iran Weighs Allowing Europe to Clear Mines in Strait of Hormuz,0.1,Neutral
"Tue, 04 Aug 2026 07:00:00 GMT",Unknown,Iran says Hormuz talks with Oman continue 'positively',0.23,Positive
"Tue, 04 Aug 2026 07:00:00 GMT",Unknown,Bessent says deal on Strait of Hormuz possible ‘today or tomorrow’,0.0,Neutral
"Tue, 04 Aug 2026 07:00:00 GMT",Unknown,Aramco sidesteps Hormuz as Iran crisis cuts flows to a tenth,0.0,Neutral
"Tue, 04 Aug 2026 07:00:00 GMT",Unknown,Hormuz and the Limits of Maximum Pressure,0.0,Neutral
"Mon, 03 Aug 2026 07:00:00 GMT",Unknown,Iran says Hormuz talks ongoing after Trump calls off strikes,0.0,Neutral
"Tue, 04 Aug 2026 07:00:00 GMT",Unknown,"Iran, Oman said nearing deal splitting Hormuz control and revenue from ‘fees’ between them",0.0,Neutral
"Tue, 04 Aug 2026 07:00:00 GMT",Unknown,US and Qatar report progress on Iran ceasefire and reopening Hormuz strait,0.0,Neutral
"Tue, 04 Aug 2026 07:00:00 GMT",Unknown,Qatar says mediators make progress in efforts to end US-Iran war,0.0,Neutral
"Tue, 04 Aug 2026 07:00:00 GMT",Unknown,U.S. Treasury Secy. Bessent says the Strait of Hormuz could reopen 'today or tomorrow',0.0,Neutral
"Mon, 03 Aug 2026 07:00:00 GMT",Unknown,Cargo Ship Attacked in Omani Sector of the Strait of Hormuz,0.0,Neutral
"Tue, 04 Aug 2026 07:00:00 GMT",Unknown,"More commercial ships attacked in Middle East, threatening Strait of Hormuz deal with Iran",0.17,Neutral
"Tue, 04 Aug 2026 07:00:00 GMT",Unknown,"US may have deal with Iran to reopen Strait of Hormuz ‘today or tomorrow’, Bessent says",0.0,Neutral
"Tue, 04 Aug 2026 07:00:00 GMT",Unknown,Trump Says Iran Talks Going Well as Hopes Rise for Hormuz Deal,0.0,Neutral
"Tue, 04 Aug 2026 07:00:00 GMT",Unknown,Saudi Aramco reports bumper profits as it bypasses Strait of Hormuz,0.0,Neutral
"Mon, 03 Aug 2026 07:00:00 GMT",Unknown,Oil prices tumble after Bessent says Strait of Hormuz deal may come this week,0.0,Neutral
"Mon, 03 Aug 2026 07:00:00 GMT",Unknown,Up to 5 million barrels of oil flowing through Hormuz daily – CNN,0.0,Neutral
"Tue, 04 Aug 2026 07:00:00 GMT",Unknown,Iran Owns the Strait of Hormuz,0.0,Neutral
"Mon, 03 Aug 2026 07:00:00 GMT",Unknown,U.S. must reopen the Strait of Hormuz,0.0,Neutral
"Tue, 04 Aug 2026 07:00:00 GMT",Unknown,"Stocks Rally, Oil Drops after Bessent Signals Iran Deal on Hormuz",0.0,Neutral
"Tue, 04 Aug 2026 07:00:00 GMT",Unknown,Could a UN-backed plan to reopen Hormuz break the deadlock?,0.0,Neutral
"Tue, 04 Aug 2026 07:00:00 GMT",Unknown,Hormuz Tanker Traffic Stalls at Two-Month Low as Attacks Escalate,-0.23,Negative
"Tue, 04 Aug 2026 07:00:00 GMT",Unknown,Iran’s president denies threatening to resign during talks over strait of Hormuz,0.0,Neutral
"Tue, 04 Aug 2026 07:00:00 GMT",Unknown,Shipping companies 'see opportunities' but seek clarity on Strait of Hormuz reopening,0.0,Neutral
"Tue, 04 Aug 2026 07:00:00 GMT",Unknown,Trump Tells Iran He Wants Deal on Hormuz Agreed to Immediately,0.2,Neutral
"Tue, 04 Aug 2026 07:00:00 GMT",Unknown,Iran to target any US warship imposing different route in Hormuz,0.0,Neutral
"Mon, 03 Aug 2026 07:00:00 GMT",Unknown,Status of US-Iran talks uncertain as ship struck in Hormuz,0.0,Neutral
"Tue, 04 Aug 2026 07:00:00 GMT",Unknown,"Trump officials pressure Oman to accept Iran’s terms on the Strait of Hormuz, says diplomat",0.0,Neutral
"Tue, 04 Aug 2026 07:00:00 GMT",Unknown,Stocks Rally as Investors Grow Hopeful About a Hormuz Deal,0.14,Neutral
"Tue, 04 Aug 2026 07:00:00 GMT",Unknown,CENTCOM releases tense audio from Iranian blockade in Strait of Hormuz,-0.33,Negative
"Tue, 04 Aug 2026 07:00:00 GMT",Unknown,Trump says new talks are Iran's 'last chance' to make deal before 'decapitation',0.07,Neutral
"Tue, 04 Aug 2026 07:00:00 GMT",Unknown,Oil prices settle 5% lower after claims of progress in US-Iran talks,0.0,Neutral
"Tue, 04 Aug 2026 07:00:00 GMT",Unknown,"Iran, Oman near deal to reopen Strait of Hormuz with both countries collecting 'service fee': report",0.1,Neutral
"Tue, 04 Aug 2026 07:00:00 GMT",Unknown,"Progress made in Strait of Hormuz talks, says Rubio, but no final agreement yet",0.0,Neutral
"Mon, 03 Aug 2026 07:00:00 GMT",Unknown,"Iraq's SOMO offers deep discounts for oil loading inside Hormuz, document shows",0.05,Neutral
"Tue, 04 Aug 2026 07:00:00 GMT",Unknown,Mediators prepping document for reopening Hormuz amid indirect US-Iran contacts: Sources,0.0,Neutral
"Tue, 04 Aug 2026 07:00:00 GMT",Unknown,Treasury Secretary Bessent: We may have a deal today or tomorrow to open the Strait of Hormuz,0.0,Neutral
"Mon, 03 Aug 2026 07:00:00 GMT",Unknown,Greek LNG Ship Safely Clears Hormuz After Maritime Incident,0.06,Neutral
"Mon, 03 Aug 2026 07:00:00 GMT",Unknown,"Oil Slips as Trump Holds Off Iran Attack, Says Talks to Resume",0.0,Neutral
"Tue, 04 Aug 2026 07:00:00 GMT",Unknown,Oil prices slide as U.S.-Iran talks raise hopes for Strait of Hormuz reopening,0.0,Neutral
"Tue, 04 Aug 2026 07:00:00 GMT",Unknown,Strait of Hormuz: Tanker lull persists despite Trump’s peace pledge,0.0,Neutral
"Tue, 04 Aug 2026 07:00:00 GMT",Unknown,Bessent Suggests US-Iran Hormuz Deal Possible in Coming Days,0.0,Neutral
"Tue, 04 Aug 2026 07:00:00 GMT",Unknown,Oil Drops on Signs of Progress Toward Deal to Reopen Hormuz,0.0,Neutral
"Mon, 03 Aug 2026 07:00:00 GMT",Unknown,"Attacks slow Hormuz traffic, but two Saudi tankers cross Bab el-Mandeb",-0.15,Neutral
"Tue, 04 Aug 2026 07:00:00 GMT",Unknown,Hormuz strait not to return to pre-war status: Iran,0.14,Neutral
"Tue, 04 Aug 2026 07:00:00 GMT",Unknown,Aramco Wants to Lift Oil Export Capacity After War Snarls Flows,0.2,Neutral
"Tue, 04 Aug 2026 07:00:00 GMT",Unknown,"Iran demanding Hormuz inbound control, outbound oversight, source says",0.0,Neutral
"Tue, 04 Aug 2026 07:00:00 GMT",Unknown,Strait of Hormuz opening will lower odds of Fed raising rates this year: Piper Sandler's Kantrowitz,0.0,Neutral
"Tue, 04 Aug 2026 07:00:00 GMT",Unknown,Greek and Liberian-flagged ships first to pass Hormuz since ceasefire,0.12,Neutral
"Mon, 03 Aug 2026 07:00:00 GMT",Unknown,Trump’s path to reopening the Strait of Hormuz may run through Oman,0.0,Neutral
"Tue, 04 Aug 2026 07:00:00 GMT",Unknown,Iran says talks with Oman over Hormuz progressing,0.0,Neutral
"Tue, 04 Aug 2026 07:00:00 GMT",Unknown,Dow hits another record high amid Hormuz hopes,0.16,Neutral
"Tue, 04 Aug 2026 07:00:00 GMT",Unknown,"‘One last chance’: The times Trump threatened Iran, said deal imminent",0.0,Neutral
"Tue, 04 Aug 2026 07:00:00 GMT",Unknown,Hormuz closure puts focus on weaponization of global chokepoints,0.0,Neutral
"Tue, 04 Aug 2026 07:00:00 GMT",Unknown,"Qatar, US signal progress on Hormuz-focused Iran deal",0.0,Neutral
"Tue, 04 Aug 2026 07:00:00 GMT",Unknown,US stocks jump after Bessent says deal to reopen Hormuz is imminent,0.0,Neutral
"Tue, 04 Aug 2026 07:00:00 GMT",Unknown,"Cargo ship reports being struck in Strait of Hormuz as US, Iran claims about talks diverge",0.0,Neutral
"Mon, 03 Aug 2026 07:00:00 GMT",Unknown,Trump says ongoing talks are Iran’s ‘last chance’,0.0,Neutral
"Mon, 03 Aug 2026 07:00:00 GMT",Unknown,"Oil slides as Trump delays Iran strikes, signals peace talks",0.0,Neutral
"Mon, 03 Aug 2026 07:00:00 GMT",Unknown,Trump proposal links Hormuz reopening to lifting US blockade on Iran – AP,0.0,Neutral
"Tue, 04 Aug 2026 07:00:00 GMT",Unknown,Asia’s energy-starved nations go dark as Hormuz tensions drag on,-0.12,Neutral
"Tue, 04 Aug 2026 07:00:00 GMT",Unknown,Shipping traffic at key Gulf waterways little changed on uncertain peace talks,-0.09,Neutral
"Mon, 03 Aug 2026 07:00:00 GMT",Unknown,Iran hit MQ-9 drone over Strait of Hormuz – IRGC media,0.0,Neutral
"Mon, 03 Aug 2026 07:00:00 GMT",Unknown,Kuwait discusses oil pipeline with Arab neighbors to bypass Strait of Hormuz: Minister,0.0,Neutral
"Tue, 04 Aug 2026 07:00:00 GMT",Unknown,US Treasury Secretary Says Chance of Hormuz Deal with Iran by Wednesday,0.0,Neutral
"Tue, 04 Aug 2026 07:00:00 GMT",Unknown,Trump cut out of new deal to reopen Strait of Hormuz,0.14,Neutral
"Tue, 04 Aug 2026 07:00:00 GMT",Unknown,"Trump threatens Iran with ""decapitation"" as questions surround Strait of Hormuz, deal's future",0.0,Neutral
"Tue, 04 Aug 2026 07:00:00 GMT",Unknown,Trump says Iran talks are underway 'right now' after Tehran denies negotiations,0.29,Positive
"Mon, 03 Aug 2026 07:00:00 GMT",Unknown,Control of the Strait of Hormuz remains uncertain,0.0,Neutral
"Wed, 05 Aug 2026 07:00:00 GMT",Unknown,The Battle for Hormuz Will Reshape the Global LNG Market,-0.03,Neutral
"Wed, 05 Aug 2026 07:00:00 GMT",Unknown,Reaching Viable Management Arrangements in the Strait of Hormuz,0.0,Neutral
"Wed, 05 Aug 2026 07:00:00 GMT",Unknown,UAE Defies Hormuz Risks to Keep Crude Flowing to Global Market,-0.35,Negative
"Wed, 05 Aug 2026 07:00:00 GMT",Unknown,An agreement on the Strait of Hormuz is taking shape – but not one Trump wants,0.2,Neutral
"Wed, 05 Aug 2026 07:00:00 GMT",Unknown,"Iran's Hormuz Strait plan reportedly blocks U.S., Israeli ships; U.S. rejects any 'impediments'",0.0,Neutral
"Wed, 05 Aug 2026 07:00:00 GMT",Unknown,"Iran, Oman, US ‘close’ to Hormuz deal: What do they all want?",0.0,Neutral
"Wed, 05 Aug 2026 07:00:00 GMT",Unknown,Iran Says It Is Nearing Final Agreement With Oman on Strait of Hormuz,0.05,Neutral
"Wed, 05 Aug 2026 07:00:00 GMT",Unknown,US says Iran Hormuz deal could come 'today or tomorrow' as oil prices plunge,0.0,Neutral
"Wed, 05 Aug 2026 07:00:00 GMT",Unknown,Iran says Hormuz talks with Oman in ‘final’ stages as route approved,0.0,Neutral
"Wed, 05 Aug 2026 07:00:00 GMT",Unknown,"Iran and the US say a Strait of Hormuz deal is close, but one or both would have to back down",-0.08,Neutral
"Wed, 05 Aug 2026 07:00:00 GMT",Unknown,Oil steadies after two-day slump as investors eye Hormuz traffic,0.0,Neutral
"Wed, 05 Aug 2026 07:00:00 GMT",Unknown,"Rubio says progress made in Strait of Hormuz talks after Trump threatens ""decapitation""",0.0,Neutral
"Wed, 05 Aug 2026 07:00:00 GMT",Unknown,"Iran and Oman reach understanding on coordinates of route through Hormuz, Iran ministry says",0.0,Neutral
"Wed, 05 Aug 2026 07:00:00 GMT",Unknown,Trump claims — yet again — that a deal to reopen Hormuz is close,0.0,Neutral
"Wed, 05 Aug 2026 07:00:00 GMT",Unknown,Tehran says any Hormuz accord won't restore pre-war order,0.0,Neutral
"Wed, 05 Aug 2026 07:00:00 GMT",Unknown,US nears temporary deal with Iran to open Strait of Hormuz — and it doesn't include tolls: report,0.0,Neutral
"Wed, 05 Aug 2026 07:00:00 GMT",Unknown,The Crude Realities of Hormuz,-0.7,Negative
"Wed, 05 Aug 2026 07:00:00 GMT",Unknown,CENTCOM: Southern Hormuz Route Is Open,0.0,Neutral
"Wed, 05 Aug 2026 07:00:00 GMT",Unknown,"Understanding reached on coordinates for shipping route through Hormuz, Iran says | Strait of Hormuz",0.0,Neutral
"Wed, 05 Aug 2026 07:00:00 GMT",Unknown,Trump says Strait of Hormuz deal could happen soon,0.0,Neutral
"Wed, 05 Aug 2026 07:00:00 GMT",Unknown,Shipowners Say Hormuz Tolls Would Lead to More Charges Elsewhere,0.5,Positive
"Wed, 05 Aug 2026 07:00:00 GMT",Unknown,Oil prices mixed as investors ponder Strait of Hormuz reopening hopes,0.0,Neutral
"Wed, 05 Aug 2026 07:00:00 GMT",Unknown,Trump sees progress on deal with Iran to reopen Strait of Hormuz,0.0,Neutral
"Wed, 05 Aug 2026 07:00:00 GMT",Unknown,"Iran Rejects US-Backed Hormuz Corridor, Proposes Its Own Plan",0.6,Positive
"Wed, 05 Aug 2026 07:00:00 GMT",Unknown,"Trump: Hormuz Strait 'Gonna Be Open Very Soon, or Iran Is Gonna Get Hit'",0.1,Neutral
"Wed, 05 Aug 2026 07:00:00 GMT",Unknown,Gold hovers near seven-week high on easing rate hike concerns,0.13,Neutral
"Wed, 05 Aug 2026 07:00:00 GMT",Unknown,Hormuz Draft Agreement Reportedly Awaits Khamenei Approval,-0.7,Negative
"Wed, 05 Aug 2026 07:00:00 GMT",Unknown,Iran says it has reached agreement with Oman on Hormuz shipping route,0.0,Neutral
"Wed, 05 Aug 2026 07:00:00 GMT",Unknown,Strait of Hormuz gives Iran 'strategic win' to build future strength: Expert,0.4,Positive
"Wed, 05 Aug 2026 07:00:00 GMT",Unknown,A deal with Iran on the Strait of Hormuz—with a truckload of caveats—could come as soon as today,0.0,Neutral
"Wed, 05 Aug 2026 07:00:00 GMT",Unknown,"CNBC Daily Open: Iran, Oman in talks on Hormuz; SpaceX is loyal to Nvidia on AI",0.11,Neutral
"Wed, 05 Aug 2026 07:00:00 GMT",Unknown,Trump says US held 'all-day negotiation' with Iran on Tuesday,0.0,Neutral
"Wed, 05 Aug 2026 07:00:00 GMT",Unknown,"Deal to reopen Strait of Hormuz coming, Trump says 'a lot of progress' made",0.0,Neutral
"Wed, 05 Aug 2026 07:00:00 GMT",Unknown,US-Iran talks reportedly advance toward temporary Strait of Hormuz reopening,0.0,Neutral
"Wed, 05 Aug 2026 07:00:00 GMT",Unknown,‘US interference’ delaying Strait of Hormuz deal with Oman: Report,0.0,Neutral
"Wed, 05 Aug 2026 07:00:00 GMT",Unknown,"Iran, Oman in final stages on Strait of Hormuz deal",0.0,Neutral
"Wed, 05 Aug 2026 07:00:00 GMT",Unknown,"'Restarts 60-day MoU deal:' Iran, Oman near temporary Hormuz shipping agreement",0.1,Neutral
"Wed, 05 Aug 2026 07:00:00 GMT",Unknown,Shipowners say Hormuz tolls would lead to charges elsewhere,0.0,Neutral
"Wed, 05 Aug 2026 07:00:00 GMT",Unknown,"MENA Energy Recap, Q2-2026: Mideast Energy Confronts its Hormuz Era",0.0,Neutral
"Wed, 05 Aug 2026 07:00:00 GMT",Unknown,Watch Iran Weighs Allowing Europe to Clear Mines in Hormuz,0.1,Neutral
"Wed, 05 Aug 2026 07:00:00 GMT",Unknown,President Trump hints at Iran deal over the Strait of Hormuz this week,0.0,Neutral
"Wed, 05 Aug 2026 07:00:00 GMT",Unknown,Trump signals Iran deal to reopen Strait of Hormuz is close,0.0,Neutral
"Wed, 05 Aug 2026 07:00:00 GMT",Unknown,Gold Holds Steady as Progress on Hormuz Trims Rate-Hike Bets,0.17,Neutral
"Wed, 05 Aug 2026 07:00:00 GMT",Unknown,Trump Warns Iran to Open Hormuz or Get ‘Hit Very Hard’,-0.15,Neutral
"Wed, 05 Aug 2026 07:00:00 GMT",Unknown,Watch Trump Says Strait of Hormuz Will Be Open 'Very Soon',0.1,Neutral
"Wed, 05 Aug 2026 07:00:00 GMT",Unknown,Trump: Iran wants to make Hormuz deal today,0.2,Neutral
"Wed, 05 Aug 2026 07:00:00 GMT",Unknown,"Gulf shipping traffic steady amid peace talks, vessels travel through strait",0.17,Neutral
"Wed, 05 Aug 2026 07:00:00 GMT",Unknown,"Iran says close to Hormuz plan with Oman, but reopening depends on US",0.0,Neutral
"Wed, 05 Aug 2026 07:00:00 GMT",Unknown,Iraq delays July public salaries as Strait of Hormuz blockade guts oil revenue,0.0,Neutral
"Wed, 05 Aug 2026 07:00:00 GMT",Unknown,"Donald Trump declares victory in Iran, but the Strait of Hormuz tells another story",0.0,Neutral
"Wed, 05 Aug 2026 07:00:00 GMT",Unknown,Hormuz Crisis Is Rewriting the Global LPG Trade,-0.23,Negative
"Wed, 05 Aug 2026 07:00:00 GMT",Unknown,Trump Fuels Hopes of Hormuz Opening With Hints Deal Is Close,0.0,Neutral
"Wed, 05 Aug 2026 07:00:00 GMT",Unknown,"The US concession on Hormuz, Iran's threat and the wait for Mojtaba: 'Interacting with him is difficult'",-0.5,Negative
"Wed, 05 Aug 2026 07:00:00 GMT",Unknown,FirstFT: Hopes for Strait of Hormuz deal grow,0.0,Neutral
"Wed, 05 Aug 2026 07:00:00 GMT",Unknown,"Proposed Hormuz deal would give Iran control of inbound traffic, sources say",0.0,Neutral
"Wed, 05 Aug 2026 07:00:00 GMT",Unknown,Hong Kong ship crews stranded in Strait of Hormuz ‘safe and offered counselling’,0.5,Positive
"Wed, 05 Aug 2026 07:00:00 GMT",Unknown,Iraq-Syria Pipeline to Bypass Hormuz Could Be Revived Within 3 Years,-0.7,Negative
"Wed, 05 Aug 2026 07:00:00 GMT",Unknown,Potential Iran-Oman deal not to mean immediate reopening of Hormuz Strait: Iranian media,-0.16,Neutral
"Wed, 05 Aug 2026 07:00:00 GMT",Unknown,Donald Trump claims imminent US-Iran deal on Strait of Hormuz as markets hit record highs,0.0,Neutral
"Wed, 05 Aug 2026 07:00:00 GMT",Unknown,Shipowners say Hormuz tolls would lead to more charges elsewhere,0.5,Positive
"Wed, 05 Aug 2026 07:00:00 GMT",Unknown,Iran Says Agreement on Hormuz Shipping Reached With Oman,0.0,Neutral
"Wed, 05 Aug 2026 07:00:00 GMT",Unknown,Iran-Oman deal may not reopen Strait of Hormuz immediately: Report,0.0,Neutral
"Wed, 05 Aug 2026 07:00:00 GMT",Unknown,Strait of Hormuz: Why are there two 'routes'?,0.0,Neutral
"Wed, 05 Aug 2026 07:00:00 GMT",Unknown,Watch Iran Says Agreement Reached With Oman on Hormuz Shipping,0.0,Neutral
"Wed, 05 Aug 2026 07:00:00 GMT",Unknown,CNBC Daily Open: Markets rally on hopes of Iran-U.S. Strait of Hormuz deal,0.0,Neutral
"Wed, 05 Aug 2026 07:00:00 GMT",Unknown,Iran says joint statement with Oman on Hormuz shipping corridor in final stage,0.0,Neutral
"Wed, 05 Aug 2026 07:00:00 GMT",Unknown,Trump warns Iran will 'get hit really hard' if Hormuz deal fails,-0.4,Negative
"Wed, 05 Aug 2026 07:00:00 GMT",Unknown,"Silver prices today, Wednesday, August 5, 2026: Prices rising in early trading on Hormuz optimism",0.1,Neutral
"Thu, 06 Aug 2026 07:00:00 GMT",Unknown,Iran aims to ban U.S. and Israeli ships from Strait of Hormuz and charge others a toll,0.0,Neutral
"Thu, 06 Aug 2026 07:00:00 GMT",Unknown,A deal with Iran over the Strait of Hormuz may require a compromise from Trump,0.0,Neutral
"Thu, 06 Aug 2026 07:00:00 GMT",Unknown,"Proposed Hormuz passage deal not feasible for shipping industry, sources say",0.0,Neutral
"Thu, 06 Aug 2026 07:00:00 GMT",Unknown,Oil prices jump after Iran publishes restrictive draft plan for Strait of Hormuz,0.0,Neutral
"Thu, 06 Aug 2026 07:00:00 GMT",Unknown,Hormuz deal ‘close’: What’s the latest on each side’s positions?,0.5,Positive
"Thu, 06 Aug 2026 07:00:00 GMT",Unknown,Gulf states should make a deal with Iran on Hormuz,0.0,Neutral
"Thu, 06 Aug 2026 07:00:00 GMT",Unknown,"Iran moves to block US, Israeli shipments from Strait of Hormuz",0.0,Neutral
"Thu, 06 Aug 2026 07:00:00 GMT",Unknown,Ships stuck in the Strait of Hormuz region may be biosecurity risks when they leave. What can we do?,0.0,Neutral
"Thu, 06 Aug 2026 07:00:00 GMT",Unknown,Reopening: Strait of Hormuz awaits Iran-Oman agreement,0.0,Neutral
"Thu, 06 Aug 2026 07:00:00 GMT",Unknown,US and Iran near potential deal to reopen Strait of Hormuz,0.05,Neutral
"Thu, 06 Aug 2026 07:00:00 GMT",Unknown,Vessel traffic through Hormuz dwindles this week as markets watch Iran-Oman talks,0.0,Neutral
"Thu, 06 Aug 2026 07:00:00 GMT",Unknown,"Strait of Hormuz tolls would harm livelihoods worldwide, shipowners warn",0.0,Neutral
"Thu, 06 Aug 2026 07:00:00 GMT",Unknown,Will the US-Iran war and Hormuz deadlock last for months?,0.0,Neutral
"Thu, 06 Aug 2026 07:00:00 GMT",Unknown,"Possible Strait of Hormuz deal, a large attack in Yemen and other Mideast news",0.03,Neutral
"Thu, 06 Aug 2026 07:00:00 GMT",Unknown,"Iranian parliamentary committee reviews draft bill to bar US, Israeli ships from Hormuz, Fars says",0.0,Neutral
"Thu, 06 Aug 2026 07:00:00 GMT",Unknown,Iran says it has a deal to reopen the Strait of Hormuz—and shipowners are outraged by its plan to charge fees,-0.9,Negative
"Wed, 05 Aug 2026 07:00:00 GMT",Unknown,Trump says Iran will be 'hit very hard' if Hormuz Strait not open soon as oil prices fall,-0.19,Neutral
"Thu, 06 Aug 2026 07:00:00 GMT",Unknown,"Possible Strait of Hormuz deal, Israeli soldiers killed in Lebanon and other news in the Mideast",-0.09,Neutral
"Thu, 06 Aug 2026 07:00:00 GMT",Unknown,Iran says Hormuz deal with Oman won’t fully reopen strait,0.0,Neutral
"Thu, 06 Aug 2026 07:00:00 GMT",Unknown,Strait of Hormuz deal nears as Iran says agreement in ‘final stage’,0.0,Neutral
"Thu, 06 Aug 2026 07:00:00 GMT",Unknown,"Iran nears Hormuz deal with Oman, conditions reopening on US actions",0.0,Neutral
"Thu, 06 Aug 2026 07:00:00 GMT",Unknown,"Oman, Iran reach agreement to reopen Strait of Hormuz",0.0,Neutral
"Thu, 06 Aug 2026 07:00:00 GMT",Unknown,"Deal to reopen Strait of Hormuz with Oman is getting close, Iran says",0.0,Neutral
"Thu, 06 Aug 2026 07:00:00 GMT",Unknown,"Iranian parliament bill would ban US, Israeli ships from Strait of Hormuz",0.0,Neutral
"Thu, 06 Aug 2026 07:00:00 GMT",Unknown,NEWSLETTER: High seas drama: Hormuz and Black Sea roil global trade,-0.0,Neutral
"Thu, 06 Aug 2026 07:00:00 GMT",Unknown,Iran Says Deal With Oman on Strait of Hormuz Agreed in Principle,0.0,Neutral
"Thu, 06 Aug 2026 07:00:00 GMT",Unknown,Strait of Hormuz deal inches closer,0.0,Neutral
"Thu, 06 Aug 2026 07:00:00 GMT",Unknown,"Iran and Oman edging closer to finalizing Strait of Hormuz deal without Trump, Tehran says",0.0,Neutral
"Wed, 05 Aug 2026 07:00:00 GMT",Unknown,Trump: Deal to reopen Strait of Hormuz could come Wednesday,0.0,Neutral
"Thu, 06 Aug 2026 07:00:00 GMT",Unknown,Sterling struggles for direction before possible Hormuz deal,0.0,Neutral
"Wed, 05 Aug 2026 07:00:00 GMT",Unknown,"US nears Strait of Hormuz deal, aiming for Wednesday announcement: Report",0.0,Neutral
"Thu, 06 Aug 2026 07:00:00 GMT",Unknown,CNBC Daily Open: Trump's deal seems to be in dire straits,0.0,Neutral
"Thu, 06 Aug 2026 07:00:00 GMT",Unknown,"Even with new tech, experts say US is 'poorly prepared' to de-mine strait",-0.11,Neutral
"Thu, 06 Aug 2026 07:00:00 GMT",Unknown,"Iran says deal ‘in the final stages’ to open temporary, narrow path through Strait of Hormuz",-0.07,Neutral
"Thu, 06 Aug 2026 07:00:00 GMT",Unknown,Economic expert analyzes oil disruption from the Strait of Hormuz,0.2,Neutral
"Thu, 06 Aug 2026 07:00:00 GMT",Unknown,Watch What We Know About Iran's Hormuz Agreement With Oman,0.0,Neutral
"Thu, 06 Aug 2026 07:00:00 GMT",Unknown,"Strait of Hormuz deal in ‘final stage’ of drafting, Iranian official says",0.0,Neutral
"Thu, 06 Aug 2026 07:00:00 GMT",Unknown,Iran ‘gets control’ of inbound ships in new Hormuz deal,0.14,Neutral
"Thu, 06 Aug 2026 07:00:00 GMT",Unknown,Iran and Oman agree transport plan for Strait of Hormuz,0.0,Neutral
"Thu, 06 Aug 2026 07:00:00 GMT",Unknown,Trump confident in completing deal with Iran to reopen Strait of Hormuz,0.33,Positive
"Thu, 06 Aug 2026 07:00:00 GMT",Unknown,Bypass the Strait of Hormuz? Why That’s Not So Easy,0.43,Positive
"Thu, 06 Aug 2026 07:00:00 GMT",Unknown,Iran-Oman Hormuz framework to impose 'service fees': Report,0.0,Neutral
"Thu, 06 Aug 2026 07:00:00 GMT",Unknown,America’s energy security cannot depend on the Strait of Hormuz,0.0,Neutral
"Thu, 06 Aug 2026 07:00:00 GMT",Unknown,Iran claims Strait of Hormuz deal is finalized as fears of wider war grow,0.0,Neutral
"Thu, 06 Aug 2026 07:00:00 GMT",Unknown,Iran says deal is close on Strait of Hormuz; Trump dismisses munitions shortage reports,0.0,Neutral
"Thu, 06 Aug 2026 07:00:00 GMT",Unknown,Oil Rises With Market Still Waiting for Strait of Hormuz Deal,0.0,Neutral
"Thu, 06 Aug 2026 07:00:00 GMT",Unknown,Dow futures rise as Hormuz deal nears; Nasdaq falls on AI fears,0.0,Neutral
"Thu, 06 Aug 2026 07:00:00 GMT",Unknown,"Gold hits 7-week high on weak US payrolls data, Hormuz deal hopes",-0.11,Neutral
"Thu, 06 Aug 2026 07:00:00 GMT",Unknown,Trump says deal to reopen Strait of Hormuz could come ‘soon’,0.0,Neutral
"Thu, 06 Aug 2026 07:00:00 GMT",Unknown,How US became trapped in ‘dreadful situation’ of its own making over Iran war,-0.2,Negative
"Thu, 06 Aug 2026 07:00:00 GMT",Unknown,Strait of Hormuz: US declares safe passage while Iran-Oman drafts separate accord,0.5,Positive
"Thu, 06 Aug 2026 07:00:00 GMT",Unknown,"Iran weighs Hormuz plan banning Israeli and US ships, imposing cargo fines",0.0,Neutral
"Thu, 06 Aug 2026 07:00:00 GMT",Unknown,Trump’s push for a Hormuz deal alarms experts over terms ceding oversight to Iran,0.0,Neutral
"Thu, 06 Aug 2026 07:00:00 GMT",Unknown,Stock Markets May Be Tired of Iran but a Hormuz Deal Is Vital,-0.15,Neutral
"Thu, 06 Aug 2026 07:00:00 GMT",Unknown,World in Brief: Iran and Oman's plan for Hormuz; EasyJet accepts Apollo takeover bid,0.0,Neutral
"Thu, 06 Aug 2026 07:00:00 GMT",Unknown,Iran and Oman 'close to deal' on Hormuz... but not with the US,0.0,Neutral
"Fri, 07 Aug 2026 07:00:00 GMT",Unknown,Iran says agreement on Hormuz shipping reached with Oman,0.0,Neutral
"Fri, 07 Aug 2026 07:00:00 GMT",Unknown,‘De-escalation’: Europe hesitates as US pushes for Hormuz naval mission,0.0,Neutral
"Fri, 07 Aug 2026 07:00:00 GMT",Unknown,"Iran, Oman deal on Strait of Hormuz getting close, Tehran says",0.0,Neutral
"Fri, 07 Aug 2026 07:00:00 GMT",Unknown,Watch Oil Climbs as Strait of Hormuz Deal Prospects Unclear,0.0,Neutral
"Fri, 07 Aug 2026 07:00:00 GMT",Unknown,Can Iran’s Diminished Diplomats Deliver a Hormuz Deal?,0.0,Neutral
"Fri, 07 Aug 2026 07:00:00 GMT",Unknown,Iran seeks to bar U.S. ships as Hormuz deal with Oman advances,0.0,Neutral
"Fri, 07 Aug 2026 07:00:00 GMT",Unknown,"Iran, Oman Reach Strait of Hormuz Transit Deal",0.0,Neutral
"Fri, 07 Aug 2026 07:00:00 GMT",Unknown,"Trump targets birthright citizenship. And, Iran aims to ban U.S. from Strait of Hormuz",0.0,Neutral
"Fri, 07 Aug 2026 07:00:00 GMT",Unknown,Emerging deal to reopen Hormuz recognizes Iran’s control: ‘The concession has already been made’,0.0,Neutral
"Fri, 07 Aug 2026 07:00:00 GMT",Unknown,Only 33 Vessels Cross Strait of Hormuz in Four Days,0.0,Neutral
"Fri, 07 Aug 2026 07:00:00 GMT",Unknown,"Iran’s grip on trade is a potent weapon, but it has an expiry date",0.5,Positive
"Thu, 06 Aug 2026 07:00:00 GMT",Unknown,Iran says deal with Oman on Strait of Hormuz is 'in final stages',0.0,Neutral
"Fri, 07 Aug 2026 07:00:00 GMT",Unknown,Iran looks to ban U.S. and Israeli ships from Strait of Hormuz,0.0,Neutral
"Fri, 07 Aug 2026 07:00:00 GMT",Unknown,Oil Prices Tumble as Traders Price In a Strait of Hormuz Breakthrough,-0.7,Negative
"Fri, 07 Aug 2026 07:00:00 GMT",Unknown,Brent climbs $1 on uncertainty over end to Iran war,0.0,Neutral
"Fri, 07 Aug 2026 07:00:00 GMT",Unknown,Crude Prices Rise as Hormuz Concerns Continue,-0.7,Negative
"Fri, 07 Aug 2026 07:00:00 GMT",Unknown,Latest news on the Strait of Hormuz as Iran and Oman negotiate,0.5,Positive
"Fri, 07 Aug 2026 07:00:00 GMT",Unknown,US expects deal soon on Strait of Hormuz; Sunni powers unite in defense pact,0.0,Neutral
"Fri, 07 Aug 2026 07:00:00 GMT",Unknown,"Watch Iran Weighs US, Israeli Ships Ban in Strait of Hormuz",0.0,Neutral
"Fri, 07 Aug 2026 07:00:00 GMT",Unknown,Iran and Oman negotiate over Strait of Hormuz control,0.0,Neutral
"Fri, 07 Aug 2026 07:00:00 GMT",Unknown,ADNOC Reports 15 Vessel Attacks as Hormuz Risks Mount,-0.7,Negative
"Fri, 07 Aug 2026 07:00:00 GMT",Unknown,Trump says the Strait of Hormuz is 'sort of open' and says deal is close,0.0,Neutral
"Fri, 07 Aug 2026 07:00:00 GMT",Unknown,Iran said awaiting top council’s okay for Hormuz accord; US official: ‘We expect a deal soon’,0.5,Positive
"Fri, 07 Aug 2026 07:00:00 GMT",Unknown,Why Can’t the US Escort Oil Tankers Through the Strait of Hormuz?,0.0,Neutral
"Fri, 07 Aug 2026 07:00:00 GMT",Unknown,Trump reveals direct involvement in Iran negotiations to reopen Strait of Hormuz,0.1,Neutral
"Fri, 07 Aug 2026 07:00:00 GMT",Unknown,Trump Says Hormuz Talks ‘Moving Along’ Even as Iran Mulls US Ban,0.0,Neutral
"Thu, 06 Aug 2026 07:00:00 GMT",Unknown,Video Understanding the proposed shipping routes for the Strait of Hormuz,0.5,Positive
"Thu, 06 Aug 2026 23:00:06 GMT",Unknown,Brent Oil Hovers around $80 on Hopes that the Strait of Hormuz Will Reopen,0.0,Neutral
"Fri, 07 Aug 2026 07:00:00 GMT",Unknown,Negotiations to open the Strait of Hormuz ongoing,0.0,Neutral
"Fri, 07 Aug 2026 07:00:00 GMT",Unknown,World in Brief: Iran’s America-free plan for Hormuz; Houthis step up attacks,0.0,Neutral
"Fri, 07 Aug 2026 07:00:00 GMT",Unknown,Trump says war ‘can’t go much longer’ – what’s the latest on talks?,0.35,Positive
"Fri, 07 Aug 2026 07:00:00 GMT",Unknown,Expert reacts to potential Iran-Oman Strait of Hormuz deal; Ted Cruz says U.S. needs to arm Iranians,0.0,Neutral
"Fri, 07 Aug 2026 07:00:00 GMT",Unknown,Iranian MP: US Negotiating Strait of Hormuz via Oman,0.0,Neutral
"Fri, 07 Aug 2026 07:00:00 GMT",Unknown,"Tracking Trump: Iran and Oman near Hormuz deal; court upholds order stopping Trump’s ballroom; economy lost 23,000 jobs; and more",0.3,Positive
"Fri, 07 Aug 2026 07:00:00 GMT",Unknown,Shipping Industry Warns Proposed Iran-Oman Hormuz Deal Could Prove Unworkable,0.0,Neutral
"Fri, 07 Aug 2026 07:00:00 GMT",Unknown,What's holding up the Iran-Oman Strait of Hormuz proposal,0.0,Neutral
"Fri, 07 Aug 2026 07:00:00 GMT",Unknown,Oil Prices Advance as Strait of Hormuz Uncertainty Returns to the Forefront,0.0,Neutral
"Fri, 07 Aug 2026 07:00:00 GMT",Unknown,"Iran, Oman continue to negotiate Strait of Hormuz deal",0.0,Neutral
"Fri, 07 Aug 2026 07:00:00 GMT",Unknown,Iran Says Hormuz Deal is Close; Trump Denies Munitions Shortage,0.0,Neutral
"Fri, 07 Aug 2026 07:00:00 GMT",Unknown,"India's pipeline plan to bypass Strait of Hormuz faces major headaches, says broker",0.06,Neutral
"Fri, 07 Aug 2026 07:00:00 GMT",Unknown,Is Iran Preparing to Permanently Block the Strait of Hormuz?,0.0,Neutral
"Fri, 07 Aug 2026 07:00:00 GMT",Unknown,India's Reliance books supertanker at record freight price to lift Iraqi crude,-0.7,Negative
"Thu, 06 Aug 2026 07:00:00 GMT",Unknown,US is set to import most Middle East crude since Iran war began,-0.07,Neutral
"Fri, 07 Aug 2026 07:00:00 GMT",Unknown,Iran considers banning US and Israeli ships from Strait of Hormuz,0.0,Neutral
"Fri, 07 Aug 2026 07:00:00 GMT",Unknown,"Donald Trump optimistic on Iran deal, says Strait of Hormuz is 'sort of open'",0.0,Neutral
"Fri, 07 Aug 2026 07:00:00 GMT",Unknown,"Progress being made in talks to reopen Strait of Hormuz, Trump says",0.0,Neutral
"Fri, 07 Aug 2026 07:00:00 GMT",Unknown,"Watch Iran Seeks to Bar US, Israeli Ships from Hormuz; OpenAI's Doughnut-Like Device | The Pulse 8/7/2026",0.0,Neutral
"Fri, 07 Aug 2026 07:00:00 GMT",Unknown,Analysis • Hormuz deal would hand Iran an unprecedented geopolitical victory,0.6,Positive
"Fri, 07 Aug 2026 07:00:00 GMT",Unknown,"Iran, US, Oman 'Close' To Hormuz Deal: What Each Party Wants From It",0.2,Neutral
"Sat, 08 Aug 2026 07:00:00 GMT",Unknown,Iran sets conditions for opening Strait of Hormuz after UAE says one of its ships was targeted by airstrike,0.0,Neutral
"Sat, 08 Aug 2026 07:00:00 GMT",Unknown,Iran makes dramatic new demands around Strait of Hormuz,-0.15,Neutral
"Sat, 08 Aug 2026 07:00:00 GMT",Unknown,"Iran’s leaders think they have Trump cornered, but their strategy carries great risks",0.8,Positive
"Sat, 08 Aug 2026 07:00:00 GMT",Unknown,Iran deliberates Hormuz arrangement amid uncertain prospects with US,0.0,Neutral
"Sat, 08 Aug 2026 07:00:00 GMT",Unknown,Iran says deal on Strait of Hormuz is close but not enough to open the waterway,0.0,Neutral
"Sat, 08 Aug 2026 07:00:00 GMT",Unknown,"Iran Issues List of Demands, Complicating Efforts to Reopen Strait",0.14,Neutral
"Sat, 08 Aug 2026 07:00:00 GMT",Unknown,Iran issues list of new demands over Strait of Hormuz,0.09,Neutral
"Sat, 08 Aug 2026 07:00:00 GMT",Unknown,Can Iran keep weaponising Hormuz?,0.0,Neutral
"Sat, 08 Aug 2026 07:00:00 GMT",Unknown,"Amid Strait of Hormuz talks, Iran publishes list of demands for US",0.0,Neutral
"Sat, 08 Aug 2026 07:00:00 GMT",Unknown,Iran Releases Set of Demands to Reopen the Strait of Hormuz,0.0,Neutral
"Sat, 08 Aug 2026 07:00:00 GMT",Unknown,"Iran signals Strait of Hormuz deal close, but ceasefire dispute lingers",0.0,Neutral
"Sat, 08 Aug 2026 07:00:00 GMT",Unknown,"UAE says Iran targeted ADNOC tanker in Strait of Hormuz, no casualties",0.0,Neutral
"Sat, 08 Aug 2026 07:00:00 GMT",Unknown,UAE says Iran attacked ADNOC vessel with missile in Strait of Hormuz,0.0,Neutral
"Sat, 08 Aug 2026 07:00:00 GMT",Unknown,"Tehran issues drastic new demands for deal to reopen Hormuz, says US must ‘correct its behavior’",0.14,Neutral
"Sat, 08 Aug 2026 07:00:00 GMT",Unknown,Vessel catches fire in southern Strait of Hormuz: Iranian media,0.0,Neutral
"Sat, 08 Aug 2026 07:00:00 GMT",Unknown,US expects Iran to ensure safe oil flow through Strait of Hormuz: Vance,0.5,Positive
"Sat, 08 Aug 2026 07:00:00 GMT",Unknown,"Iran issues new demands, says Strait of Hormuz won't reopen until US 'corrects' behavior",0.14,Neutral
"Sat, 08 Aug 2026 07:00:00 GMT",Unknown,Iran’s top security official threatens Hormuz won’t reopen fully ‘until America corrects its behavior’,0.5,Positive
"Sat, 08 Aug 2026 07:00:00 GMT",Unknown,"Talks between Iran, Oman continue over Strait of Hormuz",0.0,Neutral
"Sat, 08 Aug 2026 07:00:00 GMT",Unknown,Airlines Scramble for Jet Fuel as Hormuz Disruption Drags On,-0.7,Negative
"Sat, 08 Aug 2026 07:00:00 GMT",Unknown,Middle East: Netanyahu says Israel rejects Trump's Gaza plan,0.0,Neutral
"Sat, 08 Aug 2026 07:00:00 GMT",Unknown,IRGC spokesman: Reopening Hormuz contingent on US accepting our conditions,-0.1,Neutral
"Sat, 08 Aug 2026 07:00:00 GMT",Unknown,Iran says Strait of Hormuz will remain closed until US meets six demands,-0.07,Neutral
"Sat, 08 Aug 2026 07:00:00 GMT",Unknown,Iraq in talks with Iran over oil exports through Hormuz,0.0,Neutral
"Fri, 07 Aug 2026 20:38:31 GMT",Unknown,The broken glass: The Strait of Hormuz and the new energy equilibrium,-0.13,Neutral
"Sat, 08 Aug 2026 07:00:00 GMT",Unknown,UAE Condemns Iran Attack on ADNOC Vessel in Strait of Hormuz: 312 outlets compared,0.0,Neutral
"Sat, 08 Aug 2026 07:00:00 GMT",Unknown,"Sunday shows preview: Iran-Hormuz deal hangs in balance; Trump, Dems look to midterms",0.0,Neutral
"Sat, 08 Aug 2026 07:00:00 GMT",Unknown,Iran Says Hormuz Deal With Oman 'Very Close' – but Not Enough to Reopen Strait,0.1,Neutral
"Sat, 08 Aug 2026 07:00:00 GMT",Unknown,Iran Says Hormuz Stays Closed Until U.S. Meets Six Sweeping Demands,-0.3,Negative
"Sat, 08 Aug 2026 07:00:00 GMT",Unknown,Iran says ‘very close’ to agreement with Oman on new Hormuz corridor,0.17,Neutral
"Sat, 08 Aug 2026 07:00:00 GMT",Unknown,World in Brief: Iran’s demands threaten to derail Hormuz reopening; Todd Blanche confirmed as attorney-general,0.2,Neutral
"Sat, 08 Aug 2026 07:00:00 GMT",Unknown,"Iran targeted tanker, says UAE, as Tehran says Hormuz deal with Oman close",0.0,Neutral
"Sat, 08 Aug 2026 07:00:00 GMT",Unknown,"What are Israel's strategic dilemmas in Iran, Lebanon?",0.0,Neutral
"Sat, 08 Aug 2026 07:00:00 GMT",Unknown,"Crews on hundreds of ships in the Persian Gulf stuck at sea, many in dire conditions",0.5,Positive
"Sat, 08 Aug 2026 07:00:00 GMT",Unknown,Iran says deal with Oman is close — but its demands leave Hormuz opening uncertain,0.0,Neutral
"Sat, 08 Aug 2026 07:00:00 GMT",Unknown,UAE says Iran attacked ADNOC carrier with missile in Strait of Hormuz,0.0,Neutral
"Sat, 08 Aug 2026 07:00:00 GMT",Unknown,Strait Of Hormuz reopening: These conditions set by Iran could decide what happens next,0.0,Neutral
"Sat, 08 Aug 2026 07:00:00 GMT",Unknown,Iran lawmaker says Hormuz talks moving toward Tehran control over shipping,0.0,Neutral
"Sat, 08 Aug 2026 07:00:00 GMT",Unknown,Iran Says Hormuz Deal Close But Its Conditions Must Be Met,0.0,Neutral
"Sat, 08 Aug 2026 07:00:00 GMT",Unknown,"Trump says US will hit Iran economically as Iran has ‘not a lot’ of missiles, drones left",0.12,Neutral
"Sat, 08 Aug 2026 07:00:00 GMT",Unknown,Iran demands US war reparations before reopening Strait of Hormuz,0.0,Neutral
"Sat, 08 Aug 2026 07:00:00 GMT",Unknown,Dozens of tankers operate in ‘digital darkness’ to move through Hormuz,0.0,Neutral
"Sat, 08 Aug 2026 07:00:00 GMT",Unknown,Abu Dhabi National Oil Company says its vessel hit by missile in Strait of Hormuz,0.0,Neutral
"Sat, 08 Aug 2026 07:00:00 GMT",Unknown,"Hormuz talks positive, Oman says, as Iran warns deal would not open strait",0.11,Neutral
"Sat, 08 Aug 2026 07:00:00 GMT",Unknown,Iran: Control of Strait of Hormuz 'Irreversible',0.0,Neutral
"Sat, 08 Aug 2026 07:00:00 GMT",Unknown,Oil spill seen after tanker attack near Hormuz,0.07,Neutral
"Sat, 08 Aug 2026 07:00:00 GMT",Unknown,IRGC says Hormuz reopening depends on US accepting Iran's conditions,0.0,Neutral
"Sat, 08 Aug 2026 07:00:00 GMT",Unknown,‘Some progress’ in Iran talks: Vance says US working on safe Hormuz route,0.5,Positive
"Sat, 08 Aug 2026 07:00:00 GMT",Unknown,Iran and Oman near landmark shipping agreement,0.1,Neutral
"Sat, 08 Aug 2026 07:00:00 GMT",Unknown,Araqchi: Hormuz Reopening Tied to US Compliance with MoU,0.0,Neutral
"Sat, 08 Aug 2026 07:00:00 GMT",Unknown,Oman says Strait of Hormuz talks progressing in 'positive' atmosphere,0.23,Positive
"Sat, 08 Aug 2026 07:00:00 GMT",Unknown,Iran says Strait of Hormuz deal is ‘very close’ but will not free up waterway by itself,0.0,Neutral
"Sat, 08 Aug 2026 07:00:00 GMT",Unknown,Iran war: President Trump claims deal is in works to reopen Strait of Hormuz,0.0,Neutral
"Sat, 08 Aug 2026 07:00:00 GMT",Unknown,US expects Iran-Oman deal to reopen Strait of Hormuz soon,0.0,Neutral
"Sat, 08 Aug 2026 07:00:00 GMT",Unknown,UAE says Iran targeted ADNOC tanker in Strait of Hormuz,0.0,Neutral
"Sat, 08 Aug 2026 07:00:00 GMT",Unknown,Iran Top Security Official Sets Conditions for Hormuz Reopening,0.5,Positive
"Sun, 09 Aug 2026 07:00:00 GMT",Unknown,"Rather than capitulating to the US, Iran toughens its demands over the vital Strait of Hormuz",0.1,Neutral
"Sun, 09 Aug 2026 07:00:00 GMT",Unknown,"Israel rejects Trump's Gaza plan, more details emerge on the Strait of Hormuz and other Mideast news",0.19,Neutral
"Sun, 09 Aug 2026 07:00:00 GMT",Unknown,Iran sets out steep demands for reopening Hormuz despite hopes Oman deal could break impasse,0.0,Neutral
"Sun, 09 Aug 2026 07:00:00 GMT",Unknown,Iran issues tough demands to reopen strait of Hormuz as deal still out of reach,-0.39,Negative
"Sun, 09 Aug 2026 07:00:00 GMT",Unknown,"Iran, Holding Firm to Strait, Steers Trump Back to June Deal",-0.05,Neutral
"Sun, 09 Aug 2026 07:00:00 GMT",Unknown,"Iran says Strait of Hormuz won't open until the U.S. ""corrects"" behavior",0.0,Neutral
"Sun, 09 Aug 2026 07:00:00 GMT",Unknown,Iran vows to keep Strait of Hormuz closed until US meets demands,-0.1,Neutral
"Sun, 09 Aug 2026 07:00:00 GMT",Unknown,U.S. oil rises back above $82 as doubt grows Washington and Tehran will reach Hormuz deal,0.0,Neutral
"Sun, 09 Aug 2026 07:00:00 GMT",Unknown,Iran says Oman deal is in 'final stages' but US must act to open Hormuz,0.0,Neutral
"Sun, 09 Aug 2026 07:00:00 GMT",Unknown,Oil Prices Climb on Stalemate in Strait of Hormuz,0.14,Neutral
"Sun, 09 Aug 2026 07:00:00 GMT",Unknown,Morning Bid: Suddenly the Strait of Hormuz is 'irrelevant' to the US,-0.25,Negative
"Sun, 09 Aug 2026 07:00:00 GMT",Unknown,Iran rejects U.S. talks for now as wait for Hormuz deal drags on,0.0,Neutral
"Sun, 09 Aug 2026 07:00:00 GMT",Unknown,Adnoc Gas Exploring New LNG Export Plant to Avoid Hormuz Strait,0.14,Neutral
"Sun, 09 Aug 2026 07:00:00 GMT",Unknown,What’s happening with the Strait of Hormuz?,0.0,Neutral
"Sun, 09 Aug 2026 07:00:00 GMT",Unknown,‘Like being in prison’: the ship crews stuck in Gulf since February | Strait of Hormuz,0.0,Neutral
"Sun, 09 Aug 2026 07:00:00 GMT",Unknown,"Trump to Axios: ""We are low-keying it"" with Iran",0.0,Neutral
"Sun, 09 Aug 2026 07:00:00 GMT",Unknown,Iran denies any direct talks with U.S. on opening Strait of Hormuz as Houthis claim attack on Saudi refinery,0.1,Neutral
"Sun, 09 Aug 2026 07:00:00 GMT",Unknown,Most Gulf bourses subdued as investors await Strait of Hormuz deal clarity,0.5,Positive
"Sun, 09 Aug 2026 07:00:00 GMT",Unknown,Iran sets tough terms to reopen Strait of Hormuz,-0.39,Negative
"Sun, 09 Aug 2026 07:00:00 GMT",Unknown,"Iran unlikely to ever give up Strait of Hormuz, head of INSS Iran program claims",-0.5,Negative
"Sun, 09 Aug 2026 07:00:00 GMT",Unknown,"Iran, Oman near deal on Strait of Hormuz",0.1,Neutral
"Sun, 09 Aug 2026 07:00:00 GMT",Unknown,Wait for Hormuz Deal Stretches on as Iran Says Terms Must Be Met,0.0,Neutral
"Sun, 09 Aug 2026 07:00:00 GMT",Unknown,"Strait of Hormuz reopening remains uncertain, mixed messages from Iran",0.0,Neutral
"Sun, 09 Aug 2026 07:00:00 GMT",Unknown,Trump Reportedly Prepared to Declare Victory on Iran if Hormuz Reopened,0.0,Neutral
"Sun, 09 Aug 2026 07:00:00 GMT",Unknown,"Strait of Hormuz won't reopen until certain demands are met, Iran says",0.21,Positive
"Sun, 09 Aug 2026 07:00:00 GMT",Unknown,"Iran calls on US to end to war, reopen Strait of Hormuz",0.0,Neutral
"Sun, 09 Aug 2026 07:00:00 GMT",Unknown,Iran shakes up security leadership amid talks to open Hormuz Strait,0.0,Neutral
"Sun, 09 Aug 2026 07:00:00 GMT",Unknown,Weekend | Iran issues demands to reopen Strait of Hormuz,0.0,Neutral
"Sun, 09 Aug 2026 07:00:00 GMT",Unknown,Iran Says There’s Still No Deal on Reopening the Strait of Hormuz,0.0,Neutral
"Sun, 09 Aug 2026 07:00:00 GMT",Unknown,Iran Sets Out Demands to US For Reopening Strait of Hormuz,0.0,Neutral
"Sun, 09 Aug 2026 07:00:00 GMT",Unknown,Iran conditions opening the Strait of Hormuz on US meeting its demands,0.0,Neutral
"Sun, 09 Aug 2026 07:00:00 GMT",Unknown,Iran demands concessions as Strait of Hormuz tensions escalate,0.0,Neutral
"Sun, 09 Aug 2026 07:00:00 GMT",Unknown,Iran Shakes Up Security Team After Saying Oman Deal ‘Very Close’,0.2,Neutral
"Sun, 09 Aug 2026 07:00:00 GMT",Unknown,World in Brief: Iran’s demands threaten to derail Hormuz reopening; wildfires roar through Canada,0.0,Neutral
"Sun, 09 Aug 2026 07:00:00 GMT",Unknown,Iran closes agreement to reopen the Strait of Hormuz | The latest,0.5,Positive
"Sun, 09 Aug 2026 07:00:00 GMT",Unknown,Iran Makes New Strait of Hormuz Demands,0.09,Neutral
"Sun, 09 Aug 2026 07:00:00 GMT",Unknown,Iran names price to reopen Strait of Hormuz,0.0,Neutral
"Sun, 09 Aug 2026 07:00:00 GMT",Unknown,Tehran Outlines Terms to Reopen the Strait of Hormuz,0.0,Neutral
"Sun, 09 Aug 2026 07:00:00 GMT",Unknown,"Trump Started Iran War Over Nukes, He Will Give It Up For Hormuz: Report",0.0,Neutral
"Sun, 09 Aug 2026 07:00:00 GMT",Unknown,Iran parliament panel approves outline of Hormuz management bill,0.0,Neutral
"Sun, 09 Aug 2026 07:00:00 GMT",Unknown,Iran demands new U.S. concessions to reopen Strait of Hormuz,0.14,Neutral
"Sun, 09 Aug 2026 07:00:00 GMT",Unknown,Iran says Hormuz deal with Oman ‘close’ but will not open waterway alone,0.0,Neutral
"Sun, 09 Aug 2026 07:00:00 GMT",Unknown,Iran War Timeline: The Latest on Where the Iran War Stands,0.38,Positive
"Sun, 09 Aug 2026 07:00:00 GMT",Unknown,"Iran says no US talks underway, Strait of Hormuz not reopened",0.0,Neutral
"Sun, 09 Aug 2026 07:00:00 GMT",Unknown,"JD Vance Says Iran Has ""No Plans"" For Hormuz Toll, Tehran Lists Demands",0.0,Neutral
"Sun, 09 Aug 2026 07:00:00 GMT",Unknown,Iran ties Hormuz reopening to US concessions on several demands,0.0,Neutral
"Sun, 09 Aug 2026 07:00:00 GMT",Unknown,‘Middle of the game’: Iran renews list of demands around Strait of Hormuz,-0.2,Neutral
"Sun, 09 Aug 2026 07:00:00 GMT",Unknown,Oil Prices Rise as Iran Hardens Hormuz Demands,0.0,Neutral
"Sun, 09 Aug 2026 07:00:00 GMT",Unknown,Exclusive: China's maritime court settles Strait of Hormuz vessel collision dispute as foreign shipowners turn to Chinese law,-0.05,Neutral
"Sun, 09 Aug 2026 07:00:00 GMT",Unknown,Iran-aligned Houthis claim they attacked oil refinery in Saudi Arabia,0.0,Neutral
"Sun, 09 Aug 2026 07:00:00 GMT",Unknown,Iran says US must meet new conditions before Strait of Hormuz reopens,0.09,Neutral
"Sun, 09 Aug 2026 07:00:00 GMT",Unknown,Iran sets US conditions for reopening Strait of Hormuz,0.0,Neutral
"Sun, 09 Aug 2026 07:00:00 GMT",Unknown,"Tensions rise in Middle East over Gaza, Strait of Hormuz",0.0,Neutral
"Sun, 09 Aug 2026 07:00:00 GMT",Unknown,Iran says Oman deal in 'final stages' but US must act to open Hormuz,0.0,Neutral
"Sun, 09 Aug 2026 07:00:00 GMT",Unknown,Strait of Hormuz talks: What are Iran’s conditions for reopening the waterway?,0.0,Neutral
"Sun, 09 Aug 2026 07:00:00 GMT",Unknown,Oil pops on Hormuz jitters; U.S. emergency crude stocks fall below 300 mln barrels,-0.7,Negative
"Sun, 09 Aug 2026 07:00:00 GMT",Unknown,"Iran sets conditions for reopening Hormuz, says US must ‘correct its behavior’",0.0,Neutral
"Sun, 09 Aug 2026 07:00:00 GMT",Unknown,Iran-Oman Hormuz Agreement: Analysts say new shipping deal could reshape Gulf order beyond the conflict,0.14,Neutral
"Sun, 09 Aug 2026 07:00:00 GMT",Unknown,Weekend | Talks between Iran and Oman continue to reopen Strait of Hormuz,0.0,Neutral
"Sun, 09 Aug 2026 07:00:00 GMT",Unknown,"Iran keeps Strait of Hormuz closed, presses U.S. for major concessions",-0.02,Neutral
"Mon, 10 Aug 2026 07:00:00 GMT",Unknown,Trump signals shift to economic pressure as Iran hardens stance over Strait of Hormuz,0.2,Neutral
"Mon, 10 Aug 2026 07:00:00 GMT",Unknown,Trump Responds as Iran Says U.S. Must Meet These Six Demands If Strait of Hormuz Is to Reopen,0.0,Neutral
"Mon, 10 Aug 2026 07:00:00 GMT",Unknown,"Electrostates vs. petrostates: The US, China, and the Hormuz energy shock",0.0,Neutral
"Mon, 10 Aug 2026 07:00:00 GMT",Unknown,Iran demands U.S. pay for war damage before agreeing to reopen Strait of Hormuz,0.0,Neutral
"Mon, 10 Aug 2026 07:00:00 GMT",Unknown,Iran Insists Strait Will Stay Closed Until U.S. Agrees to Demands,-0.02,Neutral
"Mon, 10 Aug 2026 07:00:00 GMT",Unknown,Trump Thought Opening the Strait of Hormuz Was Imminent. Iran Had Other Plans.,-0.12,Neutral
"Mon, 10 Aug 2026 07:00:00 GMT",Unknown,Why the Trump administration will have to accept a Hormuz toll,0.0,Neutral
"Mon, 10 Aug 2026 07:00:00 GMT",Unknown,Iran’s steep demands for US over Strait of Hormuz threaten to derail reopening,0.0,Neutral
"Mon, 10 Aug 2026 07:00:00 GMT",Unknown,Iran changed the rules in Hormuz. The Gulf is changing the rules for Iran,0.0,Neutral
"Mon, 10 Aug 2026 07:00:00 GMT",Unknown,Gulf shipping traffic via Strait of Hormuz falls to six vessels,0.0,Neutral
"Mon, 10 Aug 2026 07:00:00 GMT",Unknown,Trump scoffs at Iran’s demand for war reparations and other Mideast developments,-0.12,Neutral
"Mon, 10 Aug 2026 07:00:00 GMT",Unknown,Pakistan signals progress on U.S.-Iran deal as Washington and Tehran trade reparation demands,0.0,Neutral
"Mon, 10 Aug 2026 07:00:00 GMT",Unknown,Oil Rises Amid Growing Doubts That Strait of Hormuz Can Reopen Soon,0.0,Neutral
"Mon, 10 Aug 2026 07:00:00 GMT",Unknown,Oil prices climb as Iranian demands cloud outlook for Strait of Hormuz,0.0,Neutral
"Mon, 10 Aug 2026 07:00:00 GMT",Unknown,Gulf States Accept a New Normal in Hormuz: Iran Is in Control,0.14,Neutral
"Mon, 10 Aug 2026 07:00:00 GMT",Unknown,Scott Bessent Calls the Strait of Hormuz “Irrelevant.” Chevron Shows Exactly How It Happens,-0.12,Neutral
"Mon, 10 Aug 2026 07:00:00 GMT",Unknown,Oil Extends Rally With Iranian Demands Delaying Hormuz Deal,0.0,Neutral
"Mon, 10 Aug 2026 07:00:00 GMT",Unknown,Iran says Hormuz talks with Oman progressing 'constructively',0.0,Neutral
"Mon, 10 Aug 2026 07:00:00 GMT",Unknown,Why Is Iran Acting Like It Is Holding All the Cards in Hormuz Talks?,0.0,Neutral
"Mon, 10 Aug 2026 07:00:00 GMT",Unknown,How Idle Ships Can Spread Marine Invasive Species,0.0,Neutral
"Mon, 10 Aug 2026 07:00:00 GMT",Unknown,Iran ties Hormuz reopening to U.S. concessions on several demands,0.0,Neutral
"Mon, 10 Aug 2026 07:00:00 GMT",Unknown,"Oil climbs 5% as Iran, US both demand compensation and Hormuz hopes fade",0.0,Neutral
"Mon, 10 Aug 2026 07:00:00 GMT",Unknown,Maritime traffic through Strait of Hormuz drops over weekend,0.0,Neutral
"Mon, 10 Aug 2026 07:00:00 GMT",Unknown,Iran says U.S. must meet all conditions before Strait of Hormuz can reopen,0.0,Neutral
"Mon, 10 Aug 2026 07:00:00 GMT",Unknown,Hormuz Tensions Surge After Reports of Another Tanker Strike,-0.7,Negative
"Sun, 09 Aug 2026 07:00:00 GMT",Unknown,Iran issues new demands as Pezeshkian seeks deal,0.14,Neutral
"Mon, 10 Aug 2026 07:00:00 GMT",Unknown,Middle East: Iran wants US concessions before opening Hormuz,0.1,Neutral
"Mon, 10 Aug 2026 07:00:00 GMT",Unknown,"Iran issues new demands to reopen the Strait of Hormuz, as Pentagon pushes for more weapons",0.32,Positive
"Mon, 10 Aug 2026 07:00:00 GMT",Unknown,ADNOC Gas second-quarter profit falls 52% as Hormuz closure hits sales,0.0,Neutral
"Mon, 10 Aug 2026 07:00:00 GMT",Unknown,Amoli Larijani: Sovereignty Over Hormuz Belongs to Iran,0.0,Neutral
"Mon, 10 Aug 2026 07:00:00 GMT",Unknown,Trump responds to Iran’s outlandish demands to reopen Strait of Hormuz with a new red line,0.07,Neutral
"Mon, 10 Aug 2026 07:00:00 GMT",Unknown,Oil prices rise as Iran sets conditions for reopening Strait of Hormuz,0.0,Neutral
"Mon, 10 Aug 2026 07:00:00 GMT",Unknown,U.S. Stocks Fall as Hopes for Strait of Hormuz Reopening Are Dashed Again,0.0,Neutral
"Mon, 10 Aug 2026 07:00:00 GMT",Unknown,BofA Hormuz Needs 10 Times More Ships to Stabilize Oil Markets,0.1,Neutral
"Mon, 10 Aug 2026 07:00:00 GMT",Unknown,Five months without ships: What Hormuz closure is costing the Gulf,0.0,Neutral
"Mon, 10 Aug 2026 07:00:00 GMT",Unknown,"Iran parliament advances Hormuz bill targeting US, Israeli transit",0.0,Neutral
"Mon, 10 Aug 2026 07:00:00 GMT",Unknown,"Oil prices rally, Wall Street retreats with Hormuz, inflation in focus",0.0,Neutral
"Mon, 10 Aug 2026 07:00:00 GMT",Unknown,'Chess player' Iran says Hormuz stays shut until US pays up,0.0,Neutral
"Mon, 10 Aug 2026 07:00:00 GMT",Unknown,The Hormuz Crisis Has Forever Changed the Economics of Energy Security,-0.7,Negative
"Mon, 10 Aug 2026 07:00:00 GMT",Unknown,Wall Street ends down as expectations of Hormuz deal fade,-0.16,Neutral
"Mon, 10 Aug 2026 07:00:00 GMT",Unknown,Iran's demands to reopen the Strait of Hormuz,0.0,Neutral
"Mon, 10 Aug 2026 07:00:00 GMT",Unknown,Oil prices climb as doubts Strait of Hormuz will open anytime soon grow,0.0,Neutral
"Mon, 10 Aug 2026 07:00:00 GMT",Unknown,Iran demands US concessions to reopen the Strait of Hormuz,0.0,Neutral
"Mon, 10 Aug 2026 07:00:00 GMT",Unknown,"Scott Bessent Calls the Strait of Hormuz ""Irrelevant."" Chevron Shows Exactly How It Happens",-0.12,Neutral
"Mon, 10 Aug 2026 07:00:00 GMT",Unknown,Iran sets new terms for reopening the Strait of Hormuz,0.14,Neutral
"Mon, 10 Aug 2026 07:00:00 GMT",Unknown,Iran makes demands before reaching deal with Oman on Strait of Hormuz,0.0,Neutral
"Sun, 09 Aug 2026 07:00:00 GMT",Unknown,Iran says deal on Strait of Hormuz is close but not enough to open waterway,0.0,Neutral
"Mon, 10 Aug 2026 07:00:00 GMT",Unknown,Shell Stock Rises as Hormuz Doubts Push Oil Higher,0.25,Positive
"Mon, 10 Aug 2026 07:00:00 GMT",Unknown,"S&P 500 futures inch higher as traders watch for Strait of Hormuz deal, inflation data",0.25,Positive
"Sun, 09 Aug 2026 07:00:00 GMT",Unknown,Iran Guards say won't reopen Hormuz without US meeting Tehran's demands,0.0,Neutral
"Mon, 10 Aug 2026 07:00:00 GMT",Unknown,Trump signals shift to economic pressure on Iran as Strait of Hormuz tensions rise,0.2,Neutral
"Mon, 10 Aug 2026 07:00:00 GMT",Unknown,Gulf Shares mixed on uncertainty over Hormuz deal,0.0,Neutral
"Mon, 10 Aug 2026 07:00:00 GMT",Unknown,Former Energy Secretary Dan Brouillette on Strait of Hormuz closure being Iran’s leverage,0.0,Neutral
"Mon, 10 Aug 2026 07:00:00 GMT",Unknown,Iran says it won’t reopen Strait of Hormuz until the US meets its demands,0.0,Neutral
"Mon, 10 Aug 2026 07:00:00 GMT",Unknown,"'20 Warships Near Iran': US' Hormuz Warning Amid Trump's ""Semi-Negotiations""",0.1,Neutral
"Mon, 10 Aug 2026 07:00:00 GMT",Unknown,Trump Demands Iran Pay Compensation for Deaths as Hormuz Deal Hopes Fade,0.0,Neutral
"Mon, 10 Aug 2026 07:00:00 GMT",Unknown,‘Low-keying it’: Trump signals shift to economic pressure as Iran war keeps drifting,0.2,Neutral
"Mon, 10 Aug 2026 07:00:00 GMT",Unknown,Iran conditions to open Strait of Hormuz: Wetin be di six conditions wey Iran give Trump to open di Strait of Hormuz?,0.0,Neutral
"Mon, 10 Aug 2026 07:00:00 GMT",Unknown,Wall Street concluded moderately lower as hopes for Hormuz reopening fade,0.0,Neutral
"Mon, 10 Aug 2026 07:00:00 GMT",Unknown,"Markets confident Hormuz deal possible, even if it’s ‘a fudge’: Jefferies",0.25,Positive
"Mon, 10 Aug 2026 07:00:00 GMT",Unknown,Oil prices tick up as Hormuz reopening looks distant,-0.1,Neutral
"Mon, 10 Aug 2026 07:00:00 GMT",Unknown,Iran sets tough terms for reopening Strait of Hormuz,-0.39,Negative
"Mon, 10 Aug 2026 07:00:00 GMT",Unknown,Iran uses Strait of Hormuz to pressure Donald Trump to fulfill June MoU promises,0.0,Neutral
"Mon, 10 Aug 2026 07:00:00 GMT",Unknown,Chevron Stock Jumps 3.3% as Hormuz Doubts Lift Oil,0.0,Neutral
"Mon, 10 Aug 2026 07:00:00 GMT",Unknown,Iran’s new demands for US complicate Hormuz deal,0.14,Neutral
"Mon, 10 Aug 2026 07:00:00 GMT",Unknown,Watch Stocks Rise at Start of CPI Week; Iran's Hormuz Deal Elusive | Bloomberg Brief 08/10/2026,0.0,Neutral
"Mon, 10 Aug 2026 07:00:00 GMT",Unknown,Tehran says won’t reopen Hormuz until US accepts Iran’s conditions,0.0,Neutral
"Tue, 11 Aug 2026 07:00:00 GMT",Unknown,Shipping traffic in Strait of Hormuz falls to 6 vessels,0.0,Neutral
"Tue, 11 Aug 2026 07:00:00 GMT",Unknown,"Iran, US set new conditions during Hormuz talks: What does this mean?",-0.09,Neutral
"Tue, 11 Aug 2026 07:00:00 GMT",Unknown,Why Restoring Normal Traffic to the Strait of Hormuz Is Proving So Difficult,-0.17,Neutral
"Tue, 11 Aug 2026 07:00:00 GMT",Unknown,Hopes for Hormuz deal fade as Trump demands Iranian reparations,0.0,Neutral
"Tue, 11 Aug 2026 07:00:00 GMT",Unknown,U.S. oil rises above $83 a barrel as Iran says Strait of Hormuz won't open until conditions are met,0.0,Neutral
"Tue, 11 Aug 2026 07:00:00 GMT",Unknown,Trump demands compensation from Iran as talks on Strait of Hormuz continue,0.0,Neutral
"Tue, 11 Aug 2026 07:00:00 GMT",Unknown,"Hormuz Strait to remain closed unless U.S. meets Iran's conditions, Iranian security council says",-0.1,Neutral
"Tue, 11 Aug 2026 07:00:00 GMT",Unknown,Hormuz deadlock: Where oil prices could head next as prospects for an imminent deal fade,0.0,Neutral
"Tue, 11 Aug 2026 07:00:00 GMT",Unknown,CNBC Daily Open: Trump's Strait of Hormuz claim meets crude reality,-0.23,Negative
"Tue, 11 Aug 2026 07:00:00 GMT",Unknown,A Dozen Ships Switch Oil Outside Hormuz as Barrels Keep Flowing,0.0,Neutral
"Tue, 11 Aug 2026 07:00:00 GMT",Unknown,The Strait of Hormuz Shows the U.S. Needs a New Energy Security Strategy,0.09,Neutral
"Tue, 11 Aug 2026 07:00:00 GMT",Unknown,Trump demands Iran pay compensation after Tehran makes conditions for reopening Strait of Hormuz,0.0,Neutral
"Tue, 11 Aug 2026 07:00:00 GMT",Unknown,"Iran holds firm on war demands, dampening hopes of Hormuz deal",-0.2,Neutral
"Tue, 11 Aug 2026 07:00:00 GMT",Unknown,US military disables Panama-flagged tanker in violation of blockade in Strait of Hormuz,-0.1,Neutral
"Tue, 11 Aug 2026 07:00:00 GMT",Unknown,US strikes Iran-bound ship as mediators signal Hormuz breakthrough,0.0,Neutral
"Tue, 11 Aug 2026 07:00:00 GMT",Unknown,U.S. stocks fall after Iran says Strait of Hormuz will remain shut,0.0,Neutral
"Tue, 11 Aug 2026 07:00:00 GMT",Unknown,Donald Trump: US Has Cleared Mines from the Strait of Hormuz,0.0,Neutral
"Tue, 11 Aug 2026 07:00:00 GMT",Unknown,Trump demands Iran pay compensation as hopes fade for Hormuz agreement,0.0,Neutral
"Tue, 11 Aug 2026 07:00:00 GMT",Unknown,New Iranian Leader Sends a Hardline Message on Hormuz Deal,0.14,Neutral
"Tue, 11 Aug 2026 07:00:00 GMT",Unknown,Oil prices reverse gains in Strait of Hormuz standoff as Wall Street inches up ahead of inflation numbers,0.0,Neutral
"Tue, 11 Aug 2026 07:00:00 GMT",Unknown,US confirms Hellfire missile used to hit container ship off Pakistan,0.0,Neutral
"Tue, 11 Aug 2026 07:00:00 GMT",Unknown,Iran digs in on demands over Hormuz as mediators assert progress made toward deal,0.0,Neutral
"Tue, 11 Aug 2026 07:00:00 GMT",Unknown,Watch Iran May Control Hormuz 'Forever': Sherman,0.0,Neutral
"Tue, 11 Aug 2026 07:00:00 GMT",Unknown,Qatar sees 'positive' signs in Iran-Oman talks on reopening Hormuz,0.23,Positive
"Tue, 11 Aug 2026 07:00:00 GMT",Unknown,Can India and China rally Brics to ease Strait of Hormuz tensions?,0.0,Neutral
"Mon, 10 Aug 2026 07:00:00 GMT",Unknown,"Trump eases off strikes on Iran, bets sanctions will reopen Strait of Hormuz",0.0,Neutral
"Tue, 11 Aug 2026 07:00:00 GMT",Unknown,Iran says Strait of Hormuz will stay closed until U.S. meets demands,-0.1,Neutral
"Tue, 11 Aug 2026 07:00:00 GMT",Unknown,"US, Iran ‘close on some sort of arrangement’ on Hormuz, says Pakistan as interior minister visits Tehran",0.0,Neutral
"Tue, 11 Aug 2026 07:00:00 GMT",Unknown,"US controls Strait of Hormuz, Donald Trump says",0.0,Neutral
"Tue, 11 Aug 2026 07:00:00 GMT",Unknown,Oil Holds Gain as Pakistan Says US and Iran Close to Hormuz Deal,0.0,Neutral
"Tue, 11 Aug 2026 07:00:00 GMT",Unknown,Oil Prices Rise as US-Iran Talks Stall Over Strait of Hormuz,0.2,Neutral
"Tue, 11 Aug 2026 07:00:00 GMT",Unknown,"Stock futures little changed as investors weigh Iran, Hormuz deal prospects",-0.19,Neutral
"Tue, 11 Aug 2026 07:00:00 GMT",Unknown,Iran announces new demands for reopening of the Strait of Hormuz,0.14,Neutral
"Tue, 11 Aug 2026 07:00:00 GMT",Unknown,Houthi attacks in Yemen threaten new shipping crisis in Red Sea as Iran digs in on Hormuz demands,0.07,Neutral
"Tue, 11 Aug 2026 07:00:00 GMT",Unknown,Qatar LNG Loading Jumps Ahead of Potential Hormuz Reopening,0.0,Neutral
"Tue, 11 Aug 2026 07:00:00 GMT",Unknown,"Germany urges Iran to engage in talks, reopen Strait of Hormuz unconditionally",0.0,Neutral
"Tue, 11 Aug 2026 07:00:00 GMT",Unknown,"U.S., Iran conditions make Strait of Hormuz deal less likely",-0.08,Neutral
"Tue, 11 Aug 2026 07:00:00 GMT",Unknown,"Watch AIG CEO on Earnings, Shipping in Hormuz, AI Buildout",0.0,Neutral
"Tue, 11 Aug 2026 07:00:00 GMT",Unknown,Trump says US Navy has ‘100%’ control of Strait of Hormuz,0.0,Neutral
"Tue, 11 Aug 2026 07:00:00 GMT",Unknown,Trump Administration Says Gulf Oil Flows Recover to 15 Million Barrels a Day,0.0,Neutral
"Tue, 11 Aug 2026 07:00:00 GMT",Unknown,Oil rises above $89 as Strait of Hormuz deal hopes fade,0.0,Neutral
"Mon, 10 Aug 2026 07:00:00 GMT",Unknown,"Iran demands U.S. end war, lift naval blockade in order to reopen Strait of Hormuz",0.0,Neutral
"Tue, 11 Aug 2026 07:00:00 GMT",Unknown,"Only six vessels traveled through Hormuz yesterday, shipping data shows",0.0,Neutral
"Tue, 11 Aug 2026 07:00:00 GMT",Unknown,Oil Prices Touch $90 a Barrel Over U.S.-Iran Stalemate,0.14,Neutral
"Mon, 10 Aug 2026 07:00:00 GMT",Unknown,Trump responds to list of Iranian demands with a demand of his own,0.6,Positive
"Tue, 11 Aug 2026 07:00:00 GMT",Unknown,"Iran Unifies Its Command, but Hormuz Remains Almost Closed to Shipping",-0.11,Neutral
"Tue, 11 Aug 2026 07:00:00 GMT",Unknown,US energy secretary says Hormuz oil flows near 9 million barrels a day,0.07,Neutral
"Tue, 11 Aug 2026 07:00:00 GMT",Unknown,Uniper CEO predicts high gas prices as long as Strait of Hormuz shut,0.06,Neutral
"Tue, 11 Aug 2026 07:00:00 GMT",Unknown,"Iranian-backed Houthis kill 6 in attack on vessel, and other developments in the Mideast",-0.12,Neutral
"Tue, 11 Aug 2026 07:00:00 GMT",Unknown,Middle East standoff: Why Gulf states may accept that Iran will control the Strait of Hormuz,0.0,Neutral
"Mon, 10 Aug 2026 07:00:00 GMT",Unknown,Iran issues new demands to open the Strait of Hormuz,0.07,Neutral
"Tue, 11 Aug 2026 07:00:00 GMT",Unknown,Trump demands Iran pay compensation as Hormuz negotiations stall,0.0,Neutral
"Tue, 11 Aug 2026 07:00:00 GMT",Unknown,The Trump Administration's Hormuz Oil Numbers Don't Add Up,0.0,Neutral
"Tue, 11 Aug 2026 07:00:00 GMT",Unknown,Pakistan interior minister in Tehran amid talks to reopen Hormuz,0.0,Neutral
"Wed, 12 Aug 2026 07:00:00 GMT",Unknown,Iran is draining its leverage in the Strait of Hormuz. Trump’s best move is to let it happen.,1.0,Positive
"Wed, 12 Aug 2026 07:00:00 GMT",Unknown,Strait of Hormuz ship traffic near three-month low as U.S.-Iran deal in doubt,0.05,Neutral
"Wed, 12 Aug 2026 07:00:00 GMT",Unknown,"As Strait of Hormuz transit drops, Trump again says US has ‘control’",0.0,Neutral
"Wed, 12 Aug 2026 07:00:00 GMT",Unknown,Trump Says Hormuz Is Under U.S. Control. Few Ships Are Listening.,-0.2,Neutral
"Wed, 12 Aug 2026 07:00:00 GMT",Unknown,"Iran wants a ‘protection’ toll on the Strait of Hormuz, but a $20B annual haul is a pipe dream",0.2,Neutral
"Wed, 12 Aug 2026 07:00:00 GMT",Unknown,Gulf states scramble for Strait of Hormuz alternatives,0.0,Neutral
"Wed, 12 Aug 2026 07:00:00 GMT",Unknown,Gulf Oil Giants Are Spending Billions to Build Ways Around Strait of Hormuz,0.14,Neutral
"Wed, 12 Aug 2026 07:00:00 GMT",Unknown,Iran rejects Trump’s claim to ‘control’ Hormuz: What’s the latest in talks?,0.5,Positive
"Wed, 12 Aug 2026 07:00:00 GMT",Unknown,‘Hormuz remains blocked’: Iran disputes Trump claims as traffic sinks to near 3-month lows,0.0,Neutral
"Wed, 12 Aug 2026 07:00:00 GMT",Unknown,Ex-diplomat: ‘No one’s in total control of the Strait of Hormuz’,0.0,Neutral
"Wed, 12 Aug 2026 07:00:00 GMT",Unknown,Oil prices rise as attacks dent hopes for Strait of Hormuz reopening,0.0,Neutral
"Wed, 12 Aug 2026 07:00:00 GMT",Unknown,The Chokepoint Premium: How the Strait of Hormuz and the Red Sea Are Raising the Cost of Global Trade,0.0,Neutral
"Wed, 12 Aug 2026 07:00:00 GMT",Unknown,Hormuz shipping traffic falls to one-week low amid hostilities,0.0,Neutral
"Wed, 12 Aug 2026 07:00:00 GMT",Unknown,Iran holds firm on Hormuz conditions as Pakistan’s Naqvi visits Tehran,-0.2,Neutral
"Wed, 12 Aug 2026 07:00:00 GMT",Unknown,"Tehran is losing its grip on Hormuz, and with it all its leverage",0.0,Neutral
"Wed, 12 Aug 2026 07:00:00 GMT",Unknown,"Hormuz closure squeezes global economy as oil demand destruction intensifies, IEA says",0.0,Neutral
"Wed, 12 Aug 2026 07:00:00 GMT",Unknown,Trump officials say Strait of Hormuz stats are wrong as data casts doubt on US being in 'total control',-0.25,Negative
"Wed, 12 Aug 2026 07:00:00 GMT",Unknown,Trump says US has ‘total control’ over Strait of Hormuz,0.0,Neutral
"Wed, 12 Aug 2026 07:00:00 GMT",Unknown,Oil prices fall after U.S. says crude exports through Strait of Hormuz near 9 million barrels per day,-0.3,Negative
"Wed, 12 Aug 2026 07:00:00 GMT",Unknown,"Trump claims US has ‘total control’ of Strait of Hormuz, says he does not trust Iran",0.0,Neutral
"Wed, 12 Aug 2026 07:00:00 GMT",Unknown,UAE Shuttles Oil Exports From Iraq Through the Strait of Hormuz,0.0,Neutral
"Wed, 12 Aug 2026 07:00:00 GMT",Unknown,"For the Oil Market, the Strait of Hormuz Isn’t Closed",-0.1,Neutral
"Wed, 12 Aug 2026 07:00:00 GMT",Unknown,"Global 2026 oil supply shortfall to deepen as Hormuz reopening remains elusive, IEA says",0.0,Neutral
"Wed, 12 Aug 2026 07:00:00 GMT",Unknown,"Hormuz Standoff Derails Oil Supply Recovery and Deepens Demand Slump, IEA Says",0.0,Neutral
"Wed, 12 Aug 2026 07:00:00 GMT",Unknown,What my Maine dock taught me about the threat of invasive marine life looming in the Persian Gulf,0.0,Neutral
"Wed, 12 Aug 2026 07:00:00 GMT",Unknown,New attacks on shipping as Iran war talks hit fresh impasse,0.22,Positive
"Wed, 12 Aug 2026 07:00:00 GMT",Unknown,World in Brief: Trump claims “total control” of Hormuz; American inflation slows,0.0,Neutral
"Wed, 12 Aug 2026 07:00:00 GMT",Unknown,Trump says US has 'total control' over Strait of Hormuz,0.0,Neutral
"Wed, 12 Aug 2026 07:00:00 GMT",Unknown,"Watch Trump Says US Controls the Strait of Hormuz, But Talks Continue",0.0,Neutral
"Wed, 12 Aug 2026 07:00:00 GMT",Unknown,Saudi Arabia ramps up oil exports through Mediterranean pipeline to avoid attacks in Red Sea,0.0,Neutral
"Wed, 12 Aug 2026 07:00:00 GMT",Unknown,U.S. officials tout success of economic pressure on Iran even as Strait of Hormuz remains closed,0.13,Neutral
"Wed, 12 Aug 2026 07:00:00 GMT",Unknown,President Trump claims control of Strait of Hormuz as gas prices hit record highs,0.0,Neutral
"Wed, 12 Aug 2026 07:00:00 GMT",Unknown,Iran remains defiant as it vows to fight US until demands met,0.0,Neutral
"Wed, 12 Aug 2026 07:00:00 GMT",Unknown,Watch Trump Claims Hormuz Control as US-Iran Deadlock Continues | The Pulse 8/12/2026,0.0,Neutral
"Wed, 12 Aug 2026 07:00:00 GMT",Unknown,US ship strike tests Tehran’s narrative of victory in Hormuz,0.0,Neutral
"Wed, 12 Aug 2026 07:00:00 GMT",Unknown,US intelligence says Iran shifted priority from nuclear program to Hormuz: Report,0.0,Neutral
"Wed, 12 Aug 2026 07:00:00 GMT",Unknown,Trump claims ‘total control’ of Strait of Hormuz as war drags on,0.0,Neutral
"Wed, 12 Aug 2026 07:00:00 GMT",Unknown,Japanese premier urges 'free and safe navigation' in Strait of Hormuz 'without additional costs',0.3,Positive
"Tue, 11 Aug 2026 07:00:00 GMT",Unknown,"6 Ships Cross Hormuz, Down From 140 In Pre-War Days Amid US-Iran Deadlock",-0.08,Neutral
"Wed, 12 Aug 2026 07:00:00 GMT",Unknown,IEA slashes 2026 oil supply forecast as Hormuz closure deepens,0.0,Neutral
"Wed, 12 Aug 2026 07:00:00 GMT",Unknown,Trump claims US has 'total control' of Strait of Hormuz,0.0,Neutral
"Wed, 12 Aug 2026 07:00:00 GMT",Unknown,World in Brief: Iran threatens to keep Hormuz shut; Houthi strike kills six,0.0,Neutral
"Wed, 12 Aug 2026 07:00:00 GMT",Unknown,Hormuz Shipping Traffic Falls to One-Week Low Amid Middle East Tensions,0.04,Neutral
"Wed, 12 Aug 2026 07:00:00 GMT",Unknown,World in Brief: Iran threatens to keep Hormuz shut; American inflation slows,0.0,Neutral
"Wed, 12 Aug 2026 07:00:00 GMT",Unknown,US-Iran war: Hormuz closure threat grows as Houthis and Washington report fresh shipping attacks,0.3,Positive
"Wed, 12 Aug 2026 07:00:00 GMT",Unknown,Iran Says Strait of Hormuz Will Remain Closed Until US Meets Its Conditions,-0.1,Neutral
"Wed, 12 Aug 2026 07:00:00 GMT",Unknown,Trump claims US has ‘total control’ over Strait of Hormuz,0.0,Neutral
"Tue, 11 Aug 2026 19:44:27 GMT",Unknown,"Iran says Hormuz to remain closed until US ends war, releases frozen assets",-0.02,Neutral
"Wed, 12 Aug 2026 07:00:00 GMT",Unknown,"Trump unleashes on Iran, says US has 'total control' of Strait of Hormuz",0.0,Neutral
"Wed, 12 Aug 2026 07:00:00 GMT",Unknown,Iran warns large ships against Hormuz transit,0.14,Neutral
"Wed, 12 Aug 2026 07:00:00 GMT",Unknown,"From Hormuz to Bab el-Mandeb, conflict converges on vital shipping lanes",0.07,Neutral
"Thu, 13 Aug 2026 07:00:00 GMT",Unknown,Trump keeps saying the US controls the Strait of Hormuz. Does it?,0.0,Neutral
"Thu, 13 Aug 2026 07:00:00 GMT",Unknown,"Iran, US make competing claims over control of Strait of Hormuz",0.0,Neutral
"Thu, 13 Aug 2026 07:00:00 GMT",Unknown,"Trump says U.S. has ""total control"" over Strait of Hormuz and might ""keep it""",0.0,Neutral
"Thu, 13 Aug 2026 07:00:00 GMT",Unknown,Iran calls out Trump's ‘lies’ about US control over the Strait of Hormuz,0.0,Neutral
"Thu, 13 Aug 2026 07:00:00 GMT",Unknown,"Iran says Strait of Hormuz under its control, rejects Trump claims",0.0,Neutral
"Thu, 13 Aug 2026 07:00:00 GMT",Unknown,UAE says Iran attacked two ADNOC vessels in Strait of Hormuz; no injuries,0.0,Neutral
"Thu, 13 Aug 2026 07:00:00 GMT",Unknown,Hormuz shipping traffic capped amid competing claims from US and Iran,0.0,Neutral
"Thu, 13 Aug 2026 07:00:00 GMT",Unknown,Iran dismisses US claims of full control over Strait of Hormuz as ‘baseless lies’,0.35,Positive
"Thu, 13 Aug 2026 07:00:00 GMT",Unknown,Iran's military rejects Trump's claims of US control over Strait of Hormuz as 'lies',-0.1,Neutral
"Thu, 13 Aug 2026 07:00:00 GMT",Unknown,"Gulf markets mixed as US-Iran tensions, Hormuz disruption weigh",0.0,Neutral
"Thu, 13 Aug 2026 07:00:00 GMT",Unknown,Iran updates: New ship attacks in Strait of Hormuz,0.14,Neutral
"Thu, 13 Aug 2026 07:00:00 GMT",Unknown,Hormuz closure dents DP World earnings,0.0,Neutral
"Thu, 13 Aug 2026 07:00:00 GMT",Unknown,Why Isn’t the Price of Oil Even Higher?,0.25,Positive
"Thu, 13 Aug 2026 07:00:00 GMT",Unknown,Hormuz Stalemate Raises Risk of $120 Oil,-0.7,Negative
"Thu, 13 Aug 2026 07:00:00 GMT",Unknown,Baier pushes back on Trump’s Strait of Hormuz claim: ‘Traffic has slowed … to a trickle’,0.0,Neutral
"Thu, 13 Aug 2026 07:00:00 GMT",Unknown,"US can keep naval blockade on Iranian ports ""indefinitely,"" Pentagon chief says",0.0,Neutral
"Thu, 13 Aug 2026 07:00:00 GMT",Unknown,"US, Iran showdown escalates over Strait of Hormuz as oil flows increase",0.0,Neutral
"Thu, 13 Aug 2026 07:00:00 GMT",Unknown,"TotalEnergies' Totsa offers Iraqi crude outside Strait of Hormuz, traders say",-0.2,Neutral
"Thu, 13 Aug 2026 07:00:00 GMT",Unknown,Iran demands compensation for Strait of Hormuz oil spill — which the regime allegedly caused,-0.1,Neutral
"Wed, 12 Aug 2026 11:37:43 GMT",Unknown,Tankers keep moving through Hormuz as diplomacy stalls,0.0,Neutral
"Thu, 13 Aug 2026 07:00:00 GMT",Unknown,Iran rejects Trump’s claim of total control over Strait of Hormuz,0.0,Neutral
"Wed, 12 Aug 2026 07:00:00 GMT",Unknown,World in Brief: Iran threatens to keep Hormuz shut; a win for moderate Democrats in Wisconsin,0.27,Positive
"Thu, 13 Aug 2026 07:00:00 GMT",Unknown,Tankers Are Going Dark for Longer to Get Oil Out of Middle East,-0.07,Neutral
"Thu, 13 Aug 2026 07:00:00 GMT",Unknown,World in Brief: Trump claims “total control” of Hormuz; KOSPI goes on a bull run,0.0,Neutral
"Thu, 13 Aug 2026 07:00:00 GMT",Unknown,Oman says massive oil spill reaches coastline: What damage could it do?,0.0,Neutral
"Thu, 13 Aug 2026 07:00:00 GMT",Unknown,Trump and Mojtaba: the Hormuz negotiations,0.0,Neutral
"Thu, 13 Aug 2026 07:00:00 GMT",Unknown,U.S. and Iran claim control over Strait of Hormuz,0.0,Neutral
"Thu, 13 Aug 2026 07:00:00 GMT",Unknown,"Live Updates: Latest from Israel, Iran, and the Middle East",0.21,Positive
"Thu, 13 Aug 2026 07:00:00 GMT",Unknown,Gas prices rise as Trump claims control over Hormuz,0.0,Neutral
"Thu, 13 Aug 2026 07:00:00 GMT",Unknown,Takaichi opposes Hormuz fees in phone talks with Iran’s president,0.0,Neutral
"Thu, 13 Aug 2026 07:00:00 GMT",Unknown,"Easing inflation pressures, Cerebras earnings, falling Hormuz traffic and more in Morning Squawk",0.5,Positive
"Thu, 13 Aug 2026 07:00:00 GMT",Unknown,"US 'miscalculated' due to fake intelligence on Hormuz, Iran says",-0.31,Negative
"Thu, 13 Aug 2026 07:00:00 GMT",Unknown,Trump ‘running out of time’ as stalemate over Hormuz drags on,0.0,Neutral
"Thu, 13 Aug 2026 07:00:00 GMT",Unknown,Iran says Strait of Hormuz stays closed unless US accepts its conditions,-0.1,Neutral
"Thu, 13 Aug 2026 07:00:00 GMT",Unknown,"No ship can safely cross Hormuz without Iran's permission, military command says",-0.04,Neutral
"Thu, 13 Aug 2026 07:00:00 GMT",Unknown,Iran-backed Houthis clash with Yemeni forces and other Mideast developments,-0.12,Neutral
"Thu, 13 Aug 2026 07:00:00 GMT",Unknown,Calumet (CLMT) Could Be 22% Overvalued On Strait Of Hormuz Oil Jitters,0.0,Neutral
"Thu, 13 Aug 2026 07:00:00 GMT",Unknown,US claims of Hormuz control are 'baseless lies': Iran,0.0,Neutral
"Thu, 13 Aug 2026 07:00:00 GMT",Unknown,Iran takes more robust military stance amid frozen U.S. talks,0.2,Neutral
"Thu, 13 Aug 2026 07:00:00 GMT",Unknown,Rhetoric around control of the Strait of Hormuz is escalating,0.0,Neutral
"Thu, 13 Aug 2026 07:00:00 GMT",Unknown,Iran attacked two UAE vessels in the Strait of Hormuz,0.0,Neutral
"Thu, 13 Aug 2026 07:00:00 GMT",Unknown,Analysis • The Hormuz model moves to the Red Sea – and Yemen's Houthis determine its rules,0.0,Neutral
"Thu, 13 Aug 2026 07:00:00 GMT",Unknown,Iran challenges Trump over the Strait of Hormuz: military expert warns,-0.1,Neutral
"Thu, 13 Aug 2026 07:00:00 GMT",Unknown,U.S. and Iran both claim control of Strait of Hormuz as questions grow about conflict's expansion,0.0,Neutral
"Wed, 12 Aug 2026 07:00:00 GMT",Unknown,IEA warns of sharp drop in global oil stocks due to Hormuz Strait closure,-0.08,Neutral
"Wed, 12 Aug 2026 07:00:00 GMT",Unknown,EIA raises third-quarter Brent forecast to $85/bbl on Strait of Hormuz disruptions,0.0,Neutral
"Wed, 12 Aug 2026 07:00:00 GMT",Unknown,Trump doubles down on control of Strait of Hormuz as Iran pushes back,-0.08,Neutral
"Wed, 12 Aug 2026 07:00:00 GMT",Unknown,Trump Says US Has 'Total Control' Over Strait of Hormuz,0.0,Neutral
"Wed, 12 Aug 2026 07:00:00 GMT",Unknown,"Trump Says U.S. Has 'Total Control' of Strait of Hormuz, Vows to Keep It",0.0,Neutral
"Thu, 13 Aug 2026 07:00:00 GMT",Unknown,"US, Iran remain deadlocked as Hormuz standoff clouds peace hopes",0.0,Neutral
"Thu, 13 Aug 2026 07:00:00 GMT",Unknown,"President Donald Trump said the United States is in control of the strategic Strait of Hormuz and will ""keep it."" | via ANC 24/7 Link to full story in the comments section.",0.35,Positive
"Fri, 14 Aug 2026 07:00:00 GMT",Unknown,How traffic through the Strait of Hormuz is adapting to war,0.0,Neutral
"Fri, 14 Aug 2026 07:00:00 GMT",Unknown,Hormuz traffic slows further after US threatens more economic pressure on Iran,0.23,Positive
"Fri, 14 Aug 2026 07:00:00 GMT",Unknown,Iran hits back after Trump says he may declare Hormuz US territory,0.0,Neutral
"Fri, 14 Aug 2026 07:00:00 GMT",Unknown,The Hormuz toll Iran wants and Trump might let slide,0.2,Neutral
"Fri, 14 Aug 2026 07:00:00 GMT",Unknown,Trump says he will declare Strait of Hormuz US territory,0.0,Neutral
"Fri, 14 Aug 2026 07:00:00 GMT",Unknown,"Hormuz Needs Administration, Not Gatekeeping",0.0,Neutral
"Fri, 14 Aug 2026 07:00:00 GMT",Unknown,"If Iran Wins The Strait Of Hormuz, The US Economy Stays Steady",0.23,Positive
"Fri, 14 Aug 2026 07:00:00 GMT",Unknown,"2 UAE tankers attacked while transiting Strait of Hormuz, and other news from the Middle East",-0.06,Neutral
"Fri, 14 Aug 2026 07:00:00 GMT",Unknown,Trump threatens to declare strait of Hormuz ‘territory of the United States’ | Donald Trump,0.0,Neutral
"Fri, 14 Aug 2026 07:00:00 GMT",Unknown,Trump says he will declare Strait of Hormuz a US territory,0.0,Neutral
"Fri, 14 Aug 2026 07:00:00 GMT",Unknown,Two More Tankers Attacked in the Strait of Hormuz,0.5,Positive
"Fri, 14 Aug 2026 07:00:00 GMT",Unknown,Who controls the Strait of Hormuz right now? Here's what the ship traffic actually shows,0.14,Neutral
"Fri, 14 Aug 2026 07:00:00 GMT",Unknown,Trump says he will declare Strait of Hormuz a US ‘territory’ amid Iran war,0.0,Neutral
"Fri, 14 Aug 2026 07:00:00 GMT",Unknown,"Tehran says Strait of Hormuz ""under Iran's control"" after Trump threatens U.S. might ""keep it""",0.0,Neutral
"Fri, 14 Aug 2026 07:00:00 GMT",Unknown,Iranian Attacks Push Hormuz Shipping Toward Tehran-Controlled Route,0.0,Neutral
"Fri, 14 Aug 2026 07:00:00 GMT",Unknown,UAE blames Iran for drone attack on tankers in Strait of Hormuz,0.0,Neutral
"Fri, 14 Aug 2026 07:00:00 GMT",Unknown,Trump: I Plan to Declare the Strait of Hormuz a ‘Territory’ of the U.S.,0.0,Neutral
"Fri, 14 Aug 2026 07:00:00 GMT",Unknown,"Asian refiners buy more US crude as Hormuz remains blocked, traders say",-0.07,Neutral
"Fri, 14 Aug 2026 07:00:00 GMT",Unknown,Major oil slick washes up on Iran coast after Hormuz ship strike,-0.09,Neutral
"Fri, 14 Aug 2026 07:00:00 GMT",Unknown,UAE accuses Iran of attacks on two ADNOC vessels in Strait of Hormuz,0.0,Neutral
"Fri, 14 Aug 2026 07:00:00 GMT",Unknown,Iran says the Strait of Hormuz is shut down. The Trump administration says 9 million barrels a day are still getting out,-0.16,Neutral
"Fri, 14 Aug 2026 07:00:00 GMT",Unknown,"Trump says he’ll declare Strait of Hormuz a US territory after defeating Iran, during Long Island rally",-0.05,Neutral
"Fri, 14 Aug 2026 07:00:00 GMT",Unknown,Trump suggests in speech that 'pretty soon I'll be declaring' Hormuz strait a U.S. territory,0.25,Positive
"Fri, 14 Aug 2026 07:00:00 GMT",Unknown,"Middle Israel: Iran's Strait of Hormuz piracy is a reckless, losing strategy",0.0,Neutral
"Fri, 14 Aug 2026 07:00:00 GMT",Unknown,State of Hormuz? Trump jokes about annexing Middle East waterway at heart of Iran war,0.0,Neutral
"Fri, 14 Aug 2026 07:00:00 GMT",Unknown,Wright says Iran’s ability to disrupt Strait of Hormuz is declining,0.0,Neutral
"Fri, 14 Aug 2026 07:00:00 GMT",Unknown,Trump says he would make the Strait of Hormuz US territory,0.0,Neutral
"Fri, 14 Aug 2026 07:00:00 GMT",Unknown,Hormuz Crisis Pushes Asian Refiners Toward U.S. Oil,-0.23,Negative
"Fri, 14 Aug 2026 07:00:00 GMT",Unknown,US vows 'indefinite' blockade as Iran signals offensive posture,0.0,Neutral
"Fri, 14 Aug 2026 07:00:00 GMT",Unknown,Trump says he'll declare Strait of Hormuz a US territory when Iran war ends,0.0,Neutral
"Fri, 14 Aug 2026 07:00:00 GMT",Unknown,Trump says he plans to declare the Strait of Hormuz a US territory,0.0,Neutral
"Fri, 14 Aug 2026 07:00:00 GMT",Unknown,Trump says he will soon declare Strait of Hormuz a US territory,0.0,Neutral
"Fri, 14 Aug 2026 07:00:00 GMT",Unknown,Trump says he will soon declare the Strait of Hormuz a U.S. territory,0.0,Neutral
"Fri, 14 Aug 2026 07:00:00 GMT",Unknown,"Strait of Hormuz reopening remains uncertain as Iran, US hold firm",-0.2,Neutral
"Fri, 14 Aug 2026 07:00:00 GMT",Unknown,"The Strait of Hormuz is ‘very clearly’ under US control, former energy secretary says",0.07,Neutral
"Fri, 14 Aug 2026 07:00:00 GMT",Unknown,Trump says ‘pretty soon’ he’ll declare the Strait of Hormuz a ‘territory of the United States’,0.25,Positive
"Fri, 14 Aug 2026 07:00:00 GMT",Unknown,"Oil climbs over $1 on tanker attacks, no progrees on peace",0.0,Neutral
"Fri, 14 Aug 2026 07:00:00 GMT",Unknown,Trump says he will soon declare the Strait of Hormuz a US territory,0.0,Neutral
"Fri, 14 Aug 2026 07:00:00 GMT",Unknown,Oil rises after US threatens indefinite blockade of Iran; set for weekly gains,0.0,Neutral
"Fri, 14 Aug 2026 07:00:00 GMT",Unknown,Hormuz Attacks Push Oil Toward $100 Despite US Crude Build,-0.7,Negative
"Fri, 14 Aug 2026 07:00:00 GMT",Unknown,Trump says he will declare the Strait of Hormuz a US territory,0.0,Neutral
"Fri, 14 Aug 2026 07:00:00 GMT",Unknown,'Better than nukes'? Iran digs in on Hormuz as US deal nears end,0.33,Positive
"Fri, 14 Aug 2026 07:00:00 GMT",Unknown,Two Tankers Attacked as UAE Expands Hormuz Oil Shuttle,0.0,Neutral
"Fri, 14 Aug 2026 07:00:00 GMT",Unknown,Two UAE oil tankers struck by Iranian drones in Strait of Hormuz,0.0,Neutral
"Fri, 14 Aug 2026 07:00:00 GMT",Unknown,Ships stuck in the Strait of Hormuz region may be biosecurity risks,0.0,Neutral
"Fri, 14 Aug 2026 07:00:00 GMT",Unknown,"DW News. . US President Donald Trump has threatened to declare the Strait of Hormuz ""a territory of the United States"" after defeating Iran. The comments come as peace talks remain stalled, with Tehran refusing to reopen the key waterway. #dwnews",0.0,Neutral
"Fri, 14 Aug 2026 07:00:00 GMT",Unknown,2 tankers attacked while sailing through Strait of Hormuz,0.0,Neutral
"Fri, 14 Aug 2026 07:00:00 GMT",Unknown,Trump: I’ll declare Strait of Hormuz a US territory,0.0,Neutral
"Fri, 14 Aug 2026 07:00:00 GMT",Unknown,Trump claims he will soon declare Strait of Hormuz a US territory,0.0,Neutral
"Fri, 14 Aug 2026 07:00:00 GMT",Unknown,Canada announces new sanctions on Iranian officials over Strait of Hormuz,0.14,Neutral
"Fri, 14 Aug 2026 07:00:00 GMT",Unknown,Iran warns US against 'miscalculation' in Strait of Hormuz,0.0,Neutral
"Fri, 14 Aug 2026 07:00:00 GMT",Unknown,Iran lawmakers push back on regional monitoring of Hormuz,0.0,Neutral
"Fri, 14 Aug 2026 07:00:00 GMT",Unknown,Tanker hit by drone in Strait of Hormuz,0.0,Neutral
"Fri, 14 Aug 2026 07:00:00 GMT",Unknown,Trump Sec. Flails When Fox News Wrecks Key Claim About Hormuz Strait,-0.05,Neutral
"Fri, 14 Aug 2026 07:00:00 GMT",Unknown,"Watch Oil Producers, Buyers Looking at Long-Term Alternatives to Hormuz, Says Clara Gillispie",0.0,Neutral
"Fri, 14 Aug 2026 07:00:00 GMT",Unknown,Iran says no vessels can cross Hormuz Strait without its permission,0.0,Neutral
"Fri, 14 Aug 2026 07:00:00 GMT",Unknown,Strait of Hormuz vessel crossings rise to 13 from 9 a day earlier,0.0,Neutral
"Fri, 14 Aug 2026 07:00:00 GMT",Unknown,Drone Attack Targets Oil Tanker Exiting the Strait of Hormuz,0.0,Neutral
"Fri, 14 Aug 2026 07:00:00 GMT",Unknown,U.S. Warns Iran of More Economic Pressure as Hormuz Vessel Traffic Slows,0.35,Positive
"Fri, 14 Aug 2026 07:00:00 GMT",Unknown,"Commentary: For the oil market, the Strait of Hormuz isn’t closed",-0.1,Neutral
"Fri, 14 Aug 2026 07:00:00 GMT",Unknown,Trump says he will soon declare the Strait of Hormuz ‘a territory of the United States',0.0,Neutral
"Fri, 14 Aug 2026 07:00:00 GMT",Unknown,Somali Piracy Surges Amid Hormuz Blockade,-0.7,Negative
"Fri, 14 Aug 2026 07:00:00 GMT",Unknown,UAE strongly condemns attack on 2 ADNOC vessels in Strait of Hormuz,0.43,Positive
"Fri, 14 Aug 2026 07:00:00 GMT",Unknown,Hormuz Tanker Traffic Slumps as U.S.-Iran Standoff Drags On,0.0,Neutral
"Fri, 14 Aug 2026 07:00:00 GMT",Unknown,Trump says he will 'soon' declare Strait of Hormuz US territory,0.0,Neutral
"Fri, 14 Aug 2026 07:00:00 GMT",Unknown,CNBC Daily Open: Washington tightens squeeze on the Iranian economy,0.0,Neutral
"Fri, 14 Aug 2026 07:00:00 GMT",Unknown,"U.S. and Iran in ""deadlock"" as both claim control of Stait of Hormuz, expert says",0.0,Neutral
"Fri, 14 Aug 2026 07:00:00 GMT",Unknown,Two ADNOC Vessels Attacked in Hormuz as UAE Blames Iran,0.0,Neutral
"Fri, 14 Aug 2026 07:00:00 GMT",Unknown,Strait of Hormuz oil flow prioritized amid USS Abraham Lincoln deployment,0.0,Neutral
"Fri, 14 Aug 2026 07:00:00 GMT",Unknown,Tehran prepares to turn Hormuz into an instrument of regional pressure,0.0,Neutral
"Sat, 15 Aug 2026 07:00:00 GMT",Unknown,Iran rejects Trump’s ‘delusions’ on making Strait of Hormuz a US territory,0.0,Neutral
"Sat, 15 Aug 2026 07:00:00 GMT",Unknown,Iran rejects ‘delusions’ after Trump says he wants the Strait of Hormuz to be a U.S. territory,0.2,Neutral
"Sat, 15 Aug 2026 07:00:00 GMT",Unknown,Iran rebuffs Trump's claim over Strait of Hormuz amid report of another ship being struck,0.0,Neutral
"Sat, 15 Aug 2026 07:00:00 GMT",Unknown,Trump was ‘joking’ about declaring Strait of Hormuz US territory: US media,0.0,Neutral
"Sat, 15 Aug 2026 07:00:00 GMT",Unknown,"Iran, Oman home in on Hormuz Strait deal as ship attacks mount",0.0,Neutral
"Sat, 15 Aug 2026 07:00:00 GMT",Unknown,51st strait? Trump says he’ll soon declare Hormuz to be US territory,0.0,Neutral
"Sat, 15 Aug 2026 07:00:00 GMT",Unknown,Iran war: Trump to declare Hormuz US territory 'soon',0.0,Neutral
"Sat, 15 Aug 2026 07:00:00 GMT",Unknown,"After Trump comment on declaring Strait of Hormuz US territory, Tehran says it 'will remain Iranian'",0.0,Neutral
"Sat, 15 Aug 2026 07:00:00 GMT",Unknown,"UAE says Iran attacked ADNOC vessel in Hormuz, urges waterway's reopening",0.0,Neutral
"Sat, 15 Aug 2026 07:00:00 GMT",Unknown,Iran says agreement reached with Oman on Strait of Hormuz shipping routes,0.0,Neutral
"Sat, 15 Aug 2026 07:00:00 GMT",Unknown,"Iran calls Trump's Strait of Hormuz territory plan ""delusions""",0.0,Neutral
"Sat, 15 Aug 2026 07:00:00 GMT",Unknown,US President Trump says he will declare Strait of Hormuz US territory,0.0,Neutral
"Sat, 15 Aug 2026 07:00:00 GMT",Unknown,"Rebuffing Trump, Iran says: 'Hormuz cannot be seized by a tweet, an aircraft carrier, an order, or an election speech'",0.0,Neutral
"Sat, 15 Aug 2026 07:00:00 GMT",Unknown,Trump says he will make Strait of Hormuz a U.S. territory,0.0,Neutral
"Sat, 15 Aug 2026 07:00:00 GMT",Unknown,"Trump says he’ll hit Iran hard economically, will soon declare Hormuz ‘US territory’",0.0,Neutral
"Sat, 15 Aug 2026 07:00:00 GMT",Unknown,Donald Trump: Strait of Hormuz will be declared US territory following Iran's defeat,0.0,Neutral
"Sat, 15 Aug 2026 07:00:00 GMT",Unknown,Hormuz blockade: A biological superspreader event?,0.0,Neutral
"Sat, 15 Aug 2026 07:00:00 GMT",Unknown,Iran attacks third UAE tanker within a week,0.0,Neutral
"Sat, 15 Aug 2026 07:00:00 GMT",Unknown,"Iran Accuses Trump Of ‘Fanciful Delusions,’ Says Strait Of Hormuz ‘Cannot Be Seized By Tweet’",0.0,Neutral
"Sat, 15 Aug 2026 07:00:00 GMT",Unknown,Iran says no decision yet on a return to talks with the US,0.0,Neutral
"Sat, 15 Aug 2026 07:00:00 GMT",Unknown,Oman Pushes for a Permanent Role in the Strait of Hormuz as Iran Makes Maximal Demands,0.0,Neutral
"Sat, 15 Aug 2026 07:00:00 GMT",Unknown,"Trump says he’ll declare Hormuz Strait a US territory; Iran, US still at odds over waterway",0.0,Neutral
"Sat, 15 Aug 2026 07:00:00 GMT",Unknown,"Iran says it reached Hormuz deal with Oman, reopening hinges on end to US blockade",0.0,Neutral
"Fri, 14 Aug 2026 07:00:00 GMT",Unknown,Trump says he will soon declare Strait of Hormuz US territory,0.0,Neutral
"Sat, 15 Aug 2026 07:00:00 GMT",Unknown,Donald Trump warns Iran over Strait of Hormuz control as tensions rise,0.0,Neutral
"Sat, 15 Aug 2026 07:00:00 GMT",Unknown,Hormuz Ship Attacks Mount As US Vows To Cripple Iran Economy,0.0,Neutral
"Sat, 15 Aug 2026 07:00:00 GMT",Unknown,"""Can't Be Seized By A Tweet"": Iran On Trump's 'Will Soon Declare Hormuz US Territory' Remark",0.0,Neutral
"Sat, 15 Aug 2026 07:00:00 GMT",Unknown,UAE accuses Iran of launch strike on oil tanker in Strait of Hormuz,0.0,Neutral
"Sat, 15 Aug 2026 07:00:00 GMT",Unknown,Israel wants 'more serious' talks with Lebanon after deadly strikes,0.04,Neutral
"Sat, 15 Aug 2026 07:00:00 GMT",Unknown,Iran tells US to ‘accept defeat’ amid Strait of Hormuz blockade,0.0,Neutral
"Sat, 15 Aug 2026 07:00:00 GMT",Unknown,"Vessel attacked in Hormuz, Israeli strikes kill 9 in Lebanon, and other news from the Middle East",-0.06,Neutral
"Sat, 15 Aug 2026 07:00:00 GMT",Unknown,Trump to declare the Strait of Hormuz a U.S. territory: rejected by Iran as ‘delusions',0.0,Neutral
"Sat, 15 Aug 2026 07:00:00 GMT",Unknown,Trump Says Will 'Soon' Declare Hormuz Strait US Territory,0.0,Neutral
"Sat, 15 Aug 2026 07:00:00 GMT",Unknown,New Iranian billboard depicts dead US soldier on shore of Strait of Hormuz,-0.03,Neutral
"Sat, 15 Aug 2026 07:00:00 GMT",Unknown,Iran fires back at Trump's threat to declare Hormuz a U.S. territory,0.0,Neutral
"Sat, 15 Aug 2026 07:00:00 GMT",Unknown,"Trump suggests ‘declaring’ Strait of Hormuz a U.S. territory, Iran rebuffs claim",0.0,Neutral
"Sat, 15 Aug 2026 07:00:00 GMT",Unknown,UAE Blames Iran for Attack on ADNOC Vessel in Strait of Hormuz,0.0,Neutral
"Sat, 15 Aug 2026 07:00:00 GMT",Unknown,Trump claims US has 'total control' of Strait of Hormuz as experts analyze economic toll on Iran,0.1,Neutral
"Sat, 15 Aug 2026 07:00:00 GMT",Unknown,Iran defiant over Strait of Hormuz as US-Iran tensions continue,0.0,Neutral
"Sat, 15 Aug 2026 07:00:00 GMT",Unknown,UAE condemns Iranian attack on ADNOC vessel in Strait of Hormuz,0.0,Neutral
"Sat, 15 Aug 2026 07:00:00 GMT",Unknown,Trump says he may declare Strait of Hormuz US territory,0.0,Neutral
"Sat, 15 Aug 2026 07:00:00 GMT",Unknown,Iran responds after Trump says Strait of Hormuz will be US territory ‘soon’,0.0,Neutral
"Sat, 15 Aug 2026 07:00:00 GMT",Unknown,Trump Said He'll Declare Hormuz U.S. Territory 'Soon' as Iran Still Defiant,0.0,Neutral
"Sat, 15 Aug 2026 07:00:00 GMT",Unknown,Iran strikes another ship in Strait of Hormuz as Israel steps up Lebanon attacks,0.0,Neutral
"Sat, 15 Aug 2026 07:00:00 GMT",Unknown,"Iran calls Trump's plan to turn Strait of Hormuz into U.S. territory ""delusions""",0.0,Neutral
"Sat, 15 Aug 2026 07:00:00 GMT",Unknown,Iran Strikes Hormuz Deal With Oman,0.0,Neutral
"Sat, 15 Aug 2026 07:00:00 GMT",Unknown,Hormuz Ship Attacks Mount as US Vows to Cripple Iran’s Economy,0.0,Neutral
"Sat, 15 Aug 2026 07:00:00 GMT",Unknown,"Trump was 'joking' about declaring Hormuz US territory, official says",0.0,Neutral
"Sat, 15 Aug 2026 07:00:00 GMT",Unknown,Trump Hormuz Strait US Territory,0.0,Neutral
"Sat, 15 Aug 2026 07:00:00 GMT",Unknown,Iran accused of launching strike on oil tanker in Strait of Hormuz,0.0,Neutral
"Sat, 15 Aug 2026 07:00:00 GMT",Unknown,"Iran says Qatar is holding pilots, Israeli strikes kill 11 in Lebanon, and other Middle East news",-0.02,Neutral
"Sat, 15 Aug 2026 07:00:00 GMT",Unknown,Trump says he will declare Strait of Hormuz U.S. territory 'pretty soon',0.17,Neutral
"Sat, 15 Aug 2026 07:00:00 GMT",Unknown,UAE state oil company reports attack on ship in Strait of Hormuz,0.0,Neutral
"Sat, 15 Aug 2026 07:00:00 GMT",Unknown,Iran rebukes Trump’s Strait of Hormuz territory comment: ‘Will remain Iranian’,0.0,Neutral
"Sat, 15 Aug 2026 07:00:00 GMT",Unknown,Iran hits back at Trump’s move to declare Hormuz Strait a US territory,0.0,Neutral
"Sat, 15 Aug 2026 07:00:00 GMT",Unknown,CENTCOM says it has redirected over 60 ships in the Strait of Hormuz,0.0,Neutral
"Sat, 15 Aug 2026 07:00:00 GMT",Unknown,Trump says will ‘soon’ declare Hormuz Strait U.S. territory,0.0,Neutral
"Sat, 15 Aug 2026 07:00:00 GMT",Unknown,Trump still wants control of the Strait of Hormuz | The latest,0.35,Positive
"Sat, 15 Aug 2026 07:00:00 GMT",Unknown,Iran fires back at Trump’s threat to declare Hormuz a US territory,0.0,Neutral
"Sat, 15 Aug 2026 07:00:00 GMT",Unknown,Oil Prices rise amid escalating tensions in the Strait of Hormuz,0.0,Neutral
"Fri, 14 Aug 2026 07:00:00 GMT",Unknown,President Donald says Strait of Hormuz will become US territory,0.0,Neutral
"Sat, 15 Aug 2026 07:00:00 GMT",Unknown,"Hormuz Will Always Be Iranian, Tehran Tells Washington and the UN",0.0,Neutral
"Sat, 15 Aug 2026 07:00:00 GMT",Unknown,"US will never control Strait of Hormuz, Iran judiciary chief says",0.0,Neutral
"Sat, 15 Aug 2026 07:00:00 GMT",Unknown,Trump says Iran wants deal but is not ready for ‘right deal’,0.11,Neutral
"Fri, 14 Aug 2026 07:00:00 GMT",Unknown,Canada sanctions five Iranian officials over Strait of Hormuz navigation,0.0,Neutral
"Sat, 15 Aug 2026 07:00:00 GMT",Unknown,"Iran claims Qatar is holding pilots, Israeli strikes kill 11 in Lebanon, and other Middle East news",-0.06,Neutral
"Sat, 15 Aug 2026 07:00:00 GMT",Unknown,"UAE to defend Strait of Hormuz rights after attack on Adnoc vessel, Gargash says",0.0,Neutral
"Fri, 14 Aug 2026 07:00:00 GMT",Unknown,Oil pollution near Hormuz affects Qeshm coast and shallow waters,-0.09,Neutral
"Fri, 14 Aug 2026 07:00:00 GMT",Unknown,"Iraq negotiating with US, Iran to secure oil exports through Hormuz",0.27,Positive
"Fri, 14 Aug 2026 07:00:00 GMT",Unknown,"Hormuz will remain under Iran’s control despite Trump threat, official says",0.0,Neutral
"Sun, 16 Aug 2026 07:00:00 GMT",Unknown,Trump threatens to make the Strait of Hormuz a US territory: Can he?,0.0,Neutral
"Sun, 16 Aug 2026 07:00:00 GMT",Unknown,"Shipping slows through Strait of Hormuz after tanker attacks, data shows",0.0,Neutral
"Sun, 16 Aug 2026 07:00:00 GMT",Unknown,Africa's low-key high-stakes Strait of Hormuz diplomacy,0.0,Neutral
"Sun, 16 Aug 2026 07:00:00 GMT",Unknown,Iran and Oman work on temporary Hormuz shipping route as Trump threatens to claim the strait,0.0,Neutral
"Sun, 16 Aug 2026 07:00:00 GMT",Unknown,"Oil treads water as U.S.-Iran peace talks stall, Hormuz shipping slows",0.0,Neutral
"Sun, 16 Aug 2026 07:00:00 GMT",Unknown,"Most Gulf bourses gain despite stalled Iran talks, Hormuz disruption",0.5,Positive
"Sun, 16 Aug 2026 07:00:00 GMT",Unknown,Secret oil shipments through the Strait of Hormuz curb the rise in global prices,-0.2,Neutral
"Sun, 16 Aug 2026 07:00:00 GMT",Unknown,Iran’s oil is trapped while rival exports are about to surge but Tehran could break the US chokehold,-0.2,Neutral
"Sun, 16 Aug 2026 07:00:00 GMT",Unknown,Erdogan calls for Strait of Hormuz reopening amid oil disruption,0.0,Neutral
"Sun, 16 Aug 2026 07:00:00 GMT",Unknown,The post-Hormuz era offers Africa a great opportunity,0.45,Positive
"Sun, 16 Aug 2026 07:00:00 GMT",Unknown,Trump: Strait of Hormuz may end up being permanent US territory,0.0,Neutral
"Sun, 16 Aug 2026 07:00:00 GMT",Unknown,Bab el-Mandeb Strait faces growing threat as Houthi attacks raise fears of a second Hormuz,0.0,Neutral
"Sun, 16 Aug 2026 07:00:00 GMT",Unknown,"Iran threatens Trump over Strait of Hormuz claim, says defenders will ‘break your",0.0,Neutral
"Sun, 16 Aug 2026 07:00:00 GMT",Unknown,Iran parliament to debate Strait of Hormuz oversight plan,0.0,Neutral
"Sun, 16 Aug 2026 07:00:00 GMT",Unknown,Iran slams Trump comment about making Strait of Hormuz a U.S. territory,0.0,Neutral
"Sun, 16 Aug 2026 07:00:00 GMT",Unknown,Trump vows to declare Strait of Hormuz as US territory,0.0,Neutral
"Sun, 16 Aug 2026 07:00:00 GMT",Unknown,Arab states condemn attack on UAE ADNOC tanker in Strait of Hormuz,0.0,Neutral
"Sun, 16 Aug 2026 07:00:00 GMT",Unknown,Senior Iran lawmaker warns Trump over Strait of Hormuz,0.0,Neutral
"Sun, 16 Aug 2026 07:00:00 GMT",Unknown,"A 2,000-pound American drone named after a fish swims into the mines Iran laid in the Strait of Hormuz for 16 hours at a time, comes up nose-first so nobody has to go in the water after it, and hands over a map of what is buried down there",-0.08,Neutral
"Sun, 16 Aug 2026 07:00:00 GMT",Unknown,CNBC Daily Open: U.S. Navy faces mental health challenges as Mideast conflict drags on,-0.03,Neutral
"Sun, 16 Aug 2026 07:00:00 GMT",Unknown,"US-Iran truce ends as talks stall, Hormuz tensions rise",0.0,Neutral
"Sun, 16 Aug 2026 07:00:00 GMT",Unknown,"Iran says US forces expelled, barred from Strait of Hormuz",0.0,Neutral
"Sun, 16 Aug 2026 07:00:00 GMT",Unknown,Stuck ships in the Strait of Hormuz could be a marine superspreader threat,0.0,Neutral
"Sun, 16 Aug 2026 07:00:00 GMT",Unknown,Covert Mideast Oil Flows Are Keeping Global Prices in Check,0.0,Neutral
"Sun, 16 Aug 2026 07:00:00 GMT",Unknown,"Iran, Oman strike Hormuz shipping deal — but ‘US action on June memorandum’ condition applies",0.1,Neutral
"Sun, 16 Aug 2026 07:00:00 GMT",Unknown,"Iranian parliament to debate foreign influence, Hormuz oversight bills",-0.12,Neutral
"Sun, 16 Aug 2026 07:00:00 GMT",Unknown,The Hormuz wake-up call: Why Israel’s security perimeter now extends to the Gulf,0.0,Neutral
"Sun, 16 Aug 2026 07:00:00 GMT",Unknown,Commander of Iranian Army Delivers Strong Warning Over the Strait of Hormuz,0.43,Positive
"Sun, 16 Aug 2026 07:00:00 GMT",Unknown,"Iranian official tells Trump to worry about his own security, not Hormuz",0.6,Positive
"Sun, 16 Aug 2026 07:00:00 GMT",Unknown,Qatar presses Hormuz navigation in regional calls,0.0,Neutral
"Sun, 16 Aug 2026 07:00:00 GMT",Unknown,President Trump defends war with Iran and says Straight of Hormuz will soon be U.S. territory,0.2,Neutral
"Sun, 16 Aug 2026 07:00:00 GMT",Unknown,"As Iran War Turns Into Economic Battle, a New U.S. Strategy Recalls Old Ones",0.14,Neutral
"Sun, 16 Aug 2026 07:00:00 GMT",Unknown,Strait of Hormuz traffic drops to near standstill following tanker attacks,0.04,Neutral
"Sun, 16 Aug 2026 07:00:00 GMT",Unknown,Iran hits back at Trump’s threat to make Hormuz US territory,0.05,Neutral
"Sat, 15 Aug 2026 07:00:00 GMT",Unknown,Iran tells US to accept defeat as Hormuz blockade holds,0.0,Neutral
"Sat, 15 Aug 2026 07:00:00 GMT",Unknown,Third Emirati vessel attacked in Strait of Hormuz in less than a week,-0.07,Neutral
"Sat, 15 Aug 2026 07:00:00 GMT",Unknown,Iran MP warns Trump over Hormuz threats: He should worry about his own security,0.4,Positive
"Sun, 16 Aug 2026 07:00:00 GMT",Unknown,How ships stuck in the Strait of Hormuz pose a bio-security risk,0.0,Neutral
"Sat, 15 Aug 2026 07:00:00 GMT",Unknown,Erdogan says reopening Strait of Hormuz is a priority,0.0,Neutral
"Sun, 16 Aug 2026 07:00:00 GMT",Unknown,Strait of Hormuz standoff: Three vessels attacked in 72 hours as threat stays severe,0.0,Neutral
"Sat, 15 Aug 2026 07:00:00 GMT",Unknown,"With Iran Talks Stalled, Trump Vows to Declare Strait of Hormuz a US Territory",0.0,Neutral
"Sat, 15 Aug 2026 07:00:00 GMT",Unknown,Trump says Strait of Hormuz will become US territory after the war,0.0,Neutral
"Sat, 15 Aug 2026 07:00:00 GMT",Unknown,"Iran says Hormuz passage deal reached with Oman, reopening tied to US lifting blockade",0.0,Neutral
"Sun, 16 Aug 2026 07:00:00 GMT",Unknown,Worry about own safety: Iran's 'food truck' swipe at Trump over Hormuz threat,0.6,Positive
"Sun, 16 Aug 2026 07:00:00 GMT",Unknown,US-Iran MoU ends: What happens next?,0.0,Neutral
"Sat, 15 Aug 2026 07:00:00 GMT",Unknown,Trump was 'joking' about declaring Strait of Hormuz US territory: US media,0.0,Neutral
"Sat, 15 Aug 2026 07:00:00 GMT",Unknown,UEMOA: New fuel prices bear the seal of the Strait of Hormuz,0.09,Neutral
"Sun, 16 Aug 2026 07:00:00 GMT",Unknown,Trump: 'I like the idea of declaring' Strait of Hormuz a US territory,0.0,Neutral
"Sun, 16 Aug 2026 07:00:00 GMT",Unknown,"Iran, Oman agree on new shipping route through Strait of Hormuz",0.14,Neutral
"Sat, 15 Aug 2026 07:00:00 GMT",Unknown,Iranian MP questions call to delay Strait of Hormuz law until talks end,0.0,Neutral
"Sat, 15 Aug 2026 07:00:00 GMT",Unknown,"Iran urged Trump to ""acknowledge defeat"" and refused to open the Strait of Hormuz",0.0,Neutral
"Mon, 17 Aug 2026 07:00:00 GMT",Unknown,Trump again floats making Strait of Hormuz a U.S. territory,0.0,Neutral
"Mon, 17 Aug 2026 07:00:00 GMT",Unknown,Trump’s rosy Hormuz claims collide with tanker data,0.0,Neutral
"Mon, 17 Aug 2026 07:00:00 GMT",Unknown,"Trump won't extend Iran ceasefire, threatens to 'bomb' Oman if it 'gets in the way'",0.0,Neutral
"Mon, 17 Aug 2026 07:00:00 GMT",Unknown,LNG Tankers Appear to Transfer Fuel as Hormuz Tensions Persist,0.0,Neutral
"Mon, 17 Aug 2026 07:00:00 GMT",Unknown,Iran says understanding reached with Oman over new Hormuz route map,0.14,Neutral
"Mon, 17 Aug 2026 07:00:00 GMT",Unknown,Nunn: Consequences of Strait of Hormuz closure could lead to ‘mass famine’,0.0,Neutral
"Mon, 17 Aug 2026 07:00:00 GMT",Unknown,"Trump threatens Oman as it works with Iran on a Strait of Hormuz deal, and other Middle East news",-0.06,Neutral
"Mon, 17 Aug 2026 07:00:00 GMT",Unknown,The Strait of Hormuz: Persistent U.S.-Iran maritime flashpoint,0.0,Neutral
"Mon, 17 Aug 2026 07:00:00 GMT",Unknown,'In principle' agreement set between Iran and Oman on new Strait of Hormuz transit route,0.14,Neutral
"Mon, 17 Aug 2026 07:00:00 GMT",Unknown,Strait of Hormuz traffic hits record low of one ship on Aug. 16,0.0,Neutral
"Mon, 17 Aug 2026 07:00:00 GMT",Unknown,How much oil is actually moving through the Strait of Hormuz?,0.1,Neutral
"Mon, 17 Aug 2026 07:00:00 GMT",Unknown,"Hormuz crossings rise slightly from weekend, remain in single digits, data shows",-0.12,Neutral
"Mon, 17 Aug 2026 07:00:00 GMT",Unknown,"Trump calls on Iran to surrender, threatens Oman over Strait of Hormuz",0.0,Neutral
"Mon, 17 Aug 2026 07:00:00 GMT",Unknown,"Saudi Aramco offers crude outside Hormuz to some Asian refiners, sources say",-0.15,Neutral
"Mon, 17 Aug 2026 07:00:00 GMT",Unknown,Iran signals readiness for ‘US ground operations’ as strategy shifts gear,0.0,Neutral
"Mon, 17 Aug 2026 07:00:00 GMT",Unknown,Iran threatens new offensive while US rules out extending ceasefire deal,0.14,Neutral
"Mon, 17 Aug 2026 07:00:00 GMT",Unknown,Trump threatens to ‘bomb the s‑‑‑ out of Oman’ over Iran deal,0.0,Neutral
"Mon, 17 Aug 2026 07:00:00 GMT",Unknown,Iran says it will escalate if US does not honour deal within weeks,0.0,Neutral
"Mon, 17 Aug 2026 07:00:00 GMT",Unknown,Trump threatens to bomb Oman if it ‘gets in the way’ of Strait of Hormuz talks with Iran,0.0,Neutral
"Mon, 17 Aug 2026 07:00:00 GMT",Unknown,"After Hormuz, China looks to the promise – and peril – of the Arctic’s ‘ice silk road’",0.0,Neutral
"Mon, 17 Aug 2026 07:00:00 GMT",Unknown,Oil jumps past $91 as Trump casts doubt on a new deal with Iran,-0.06,Neutral
"Mon, 17 Aug 2026 07:00:00 GMT",Unknown,Trump threatens to bomb Oman if it interferes with Strait of Hormuz deal,0.0,Neutral
"Mon, 17 Aug 2026 07:00:00 GMT",Unknown,CENTCOM chief meets with troops aboard USS Abraham Lincoln amid morale concerns,0.0,Neutral
"Mon, 17 Aug 2026 07:00:00 GMT",Unknown,No price tag on Trump's plan to claim the Strait of Hormuz,0.0,Neutral
"Mon, 17 Aug 2026 07:00:00 GMT",Unknown,Pres. Trump again floats making Strait of Hormuz a U.S. territory,0.0,Neutral
"Mon, 17 Aug 2026 07:00:00 GMT",Unknown,Hormuz Tanker Traffic Slows to a Trickle,-0.7,Negative
"Mon, 17 Aug 2026 07:00:00 GMT",Unknown,Chris Wright touts millions of oil barrels moving through Hormuz Strait,0.0,Neutral
"Mon, 17 Aug 2026 07:00:00 GMT",Unknown,Trump threatens Oman as it works with Iran on Strait of Hormuz deal,0.0,Neutral
"Mon, 17 Aug 2026 07:00:00 GMT",Unknown,Watch Trump Threatens Oman Over Hormuz,0.0,Neutral
"Mon, 17 Aug 2026 07:00:00 GMT",Unknown,Trump takes aim at longtime ally Oman as Strait of Hormuz remains gridlocked,0.0,Neutral
"Mon, 17 Aug 2026 07:00:00 GMT",Unknown,The 60-Day Deadline for an Iran Peace Deal Is Expiring. Here’s Where Things Stand,0.0,Neutral
"Mon, 17 Aug 2026 07:00:00 GMT",Unknown,South Carolina gas prices jump 8.2 cents as Strait of Hormuz remains closed,-0.1,Neutral
"Mon, 17 Aug 2026 07:00:00 GMT",Unknown,New study: Hormuz just one of many shipping chokepoints,0.32,Positive
"Mon, 17 Aug 2026 07:00:00 GMT",Unknown,Trump threatens to bomb Oman over Strait of Hormuz talks,0.0,Neutral
"Mon, 17 Aug 2026 07:00:00 GMT",Unknown,Trump threatens Oman as it works with Iran on a Strait of Hormuz deal,0.0,Neutral
"Mon, 17 Aug 2026 07:00:00 GMT",Unknown,Iran threatens to go on offensive in Strait of Hormuz if diplomacy with US fails,-0.5,Negative
"Mon, 17 Aug 2026 07:00:00 GMT",Unknown,"""US Will Bomb The S*** Out Of Oman If It Gets In Way"": Trump's Hormuz Warning",0.0,Neutral
"Mon, 17 Aug 2026 07:00:00 GMT",Unknown,Oil Prices Rise as Strait of Hormuz Shipping Drops,0.0,Neutral
"Mon, 17 Aug 2026 07:00:00 GMT",Unknown,Armstrong Williams warns Iran: 'Deadlines have meaning' as Strait of Hormuz talks stall,0.0,Neutral
"Mon, 17 Aug 2026 07:00:00 GMT",Unknown,Iraq-Syria Oil Pipeline to Bypass Hormuz Is 4 Years and $15 Billion Away,-0.7,Negative
"Mon, 17 Aug 2026 07:00:00 GMT",Unknown,Trump warns Iran as Strait of Hormuz tensions rise,0.0,Neutral
"Mon, 17 Aug 2026 07:00:00 GMT",Unknown,World in Brief: Jared Kushner meets Bibi; shipping stalls in Hormuz as truce expires,0.0,Neutral
"Mon, 17 Aug 2026 07:00:00 GMT",Unknown,Watch Trump Threatens Military Action Against Oman Over Hormuz Blockade,0.0,Neutral
"Mon, 17 Aug 2026 07:00:00 GMT",Unknown,"Iran working to finalize Hormuz agreement with Oman, and other news from the Middle East",-0.06,Neutral
"Mon, 17 Aug 2026 07:00:00 GMT",Unknown,US-Iran Memorandum of Understanding expires: How and why it fell apart,0.0,Neutral
"Mon, 17 Aug 2026 07:00:00 GMT",Unknown,Trump threatens to bomb Oman over Strait of Hormuz; CENTCOM commander meets with USS Lincoln troops,0.0,Neutral
"Mon, 17 Aug 2026 07:00:00 GMT",Unknown,Iran rejects Trump's claim that US now controls Strait of Hormuz,0.0,Neutral
"Mon, 17 Aug 2026 07:00:00 GMT",Unknown,Pakistan refiner Cnergyico expands US crude imports amid Hormuz disruption,-0.7,Negative
"Mon, 17 Aug 2026 07:00:00 GMT",Unknown,USS Lincoln crisis: How it compares to past aircraft carrier deployments,-0.25,Negative
"Mon, 17 Aug 2026 07:00:00 GMT",Unknown,Hard to imagine a near-term reopening of Strait of Hormuz: SEB analyst,-0.29,Negative
"Mon, 17 Aug 2026 07:00:00 GMT",Unknown,Trump threatens to bomb Oman over Hormuz,0.0,Neutral
"Mon, 17 Aug 2026 07:00:00 GMT",Unknown,Trump threatens to bomb Oman if it ‘gets in the way’ as Iran works to finalize Strait of Hormuz agreement,0.0,Neutral
"Mon, 17 Aug 2026 07:00:00 GMT",Unknown,Trump says making the Strait of Hormuz a U.S. territory remains a good idea,0.7,Positive
"Mon, 17 Aug 2026 07:00:00 GMT",Unknown,Iran Claims to Have Seized Tanker as It Continues Targeting UAE Shipping,0.0,Neutral
"Mon, 17 Aug 2026 07:00:00 GMT",Unknown,Iran says Hormuz transit route deal reached with Oman,0.0,Neutral
"Mon, 17 Aug 2026 07:00:00 GMT",Unknown,Live: Views of Strait of Hormuz as 60-day window for US-Iran deal ends,0.14,Neutral
"Mon, 17 Aug 2026 07:00:00 GMT",Unknown,Trump threatens to bomb Oman as Iran vows to escalate conflict over Hormuz,0.0,Neutral
"Mon, 17 Aug 2026 07:00:00 GMT",Unknown,Oil inches up as US-Iran peace deal fades,0.0,Neutral
"Mon, 17 Aug 2026 07:00:00 GMT",Unknown,U.S.-Iran deal expires as Trump warns Iran over Strait of Hormuz,0.0,Neutral
"Mon, 17 Aug 2026 07:00:00 GMT",Unknown,"FM Fidan, Iranian FM discuss Hormuz Strait, cease-fire talks",0.0,Neutral
"Mon, 17 Aug 2026 07:00:00 GMT",Unknown,"Oil wavers near $88 as Iran-US talks stall, Hormuz traffic stays low",0.04,Neutral
"Mon, 17 Aug 2026 07:00:00 GMT",Unknown,Trump called the idea of turning the Strait of Hormuz into U.S. territory wonderful,1.0,Positive
"Mon, 17 Aug 2026 07:00:00 GMT",Unknown,Iran and Oman near Strait of Hormuz deal as Trump warns Omani government,0.1,Neutral
"Mon, 17 Aug 2026 07:00:00 GMT",Unknown,Trump threatens to bomb Oman if it interferes in deal to open Strait of Hormuz,0.0,Neutral
"Mon, 17 Aug 2026 07:00:00 GMT",Unknown,Video. Trump threatens to bomb Oman if it impedes Strait of Hormuz talks,0.0,Neutral
"Mon, 17 Aug 2026 07:00:00 GMT",Unknown,FEATURE | Iraq's pipeline route bypassing Hormuz faces long four-year timeline,-0.05,Neutral
"Mon, 17 Aug 2026 07:00:00 GMT",Unknown,Trump threatens Oman over Strait of Hormuz as U.S.-Iran negotiation period expires,0.0,Neutral
"Mon, 17 Aug 2026 07:00:00 GMT",Unknown,Hormuz Deal Collapses: Nasdaq Holds Near Record but Oil Equation Remains Unresolved,0.1,Neutral
"Mon, 17 Aug 2026 07:00:00 GMT",Unknown,President Trump threatens Oman over Strait of Hormuz,0.0,Neutral
"Mon, 17 Aug 2026 07:00:00 GMT",Unknown,President Trump: U.S. will claim Strait of Hormuz after defeating Iran,0.0,Neutral
"Mon, 17 Aug 2026 07:00:00 GMT",Unknown,Vessels remain stranded at the Strait of Hormuz with tensions high between US and Iran,0.16,Neutral
"Mon, 17 Aug 2026 07:00:00 GMT",Unknown,Continued attacks and low traffic keep Hormuz rates around 10%,0.0,Neutral
"Mon, 17 Aug 2026 07:00:00 GMT",Unknown,Oil Gains as the US Signals No Rush to End Conflict With Iran,0.0,Neutral
"Mon, 17 Aug 2026 07:00:00 GMT",Unknown,Stocks lower as Hormuz concerns and high oil prices persist,0.11,Neutral
"Mon, 17 Aug 2026 07:00:00 GMT",Unknown,Trump threatens to bomb Oman if it gets in way of Iran deal,0.0,Neutral
"Mon, 17 Aug 2026 07:00:00 GMT",Unknown,"Turkish, Iranian foreign ministers discuss talks on reopening Strait of Hormuz, ceasefire",-0.12,Neutral
"Mon, 17 Aug 2026 07:00:00 GMT",Unknown,Hormuz traffic slows to near zero as a make-or-break deadline falls today,0.1,Neutral
"Mon, 17 Aug 2026 07:00:00 GMT",Unknown,U.S.-Iran Tensions Keep The Strait Of Hormuz Closed With No End in Sight. Stocks Declined.,-0.07,Neutral
"Mon, 17 Aug 2026 07:00:00 GMT",Unknown,Oil prices at near three-week high as US-Iran peace hopes fade,0.13,Neutral
"Mon, 17 Aug 2026 07:00:00 GMT",Unknown,Why Donald Trump is threatening Oman over the Strait of Hormuz,0.0,Neutral
"Mon, 17 Aug 2026 07:00:00 GMT",Unknown,Trump threatens to bomb Oman if it ‘gets in the way’,0.0,Neutral
"Tue, 18 Aug 2026 07:00:00 GMT",Unknown,Iran has lost significant control of the Strait of Hormuz,0.38,Positive
"Tue, 18 Aug 2026 07:00:00 GMT",Unknown,"Trump says no talks planned with Iran, Tehran says Strait of Hormuz still shut",0.0,Neutral
"Tue, 18 Aug 2026 07:00:00 GMT",Unknown,Two Ships Passing Through the Strait of Hormuz Are Attacked,0.14,Neutral
"Tue, 18 Aug 2026 07:00:00 GMT",Unknown,"Vessel hit by ‘unknown projectile’ in Strait of Hormuz, UKMTO says",-0.1,Neutral
"Tue, 18 Aug 2026 07:00:00 GMT",Unknown,Ship attacked while exiting Strait of Hormuz,0.0,Neutral
"Tue, 18 Aug 2026 07:00:00 GMT",Unknown,"UK authorities: Vessel in Strait of Hormuz hit by projectile, one casualty",0.0,Neutral
"Tue, 18 Aug 2026 07:00:00 GMT",Unknown,Will gas prices fall if companies build oil routes that bypass the Strait of Hormuz? Experts explain,0.5,Positive
"Tue, 18 Aug 2026 07:00:00 GMT",Unknown,Ship attack in Hormuz kills crew member while Trump says strait is 'open and operating',0.0,Neutral
"Tue, 18 Aug 2026 07:00:00 GMT",Unknown,"Hormuz Strait to remain shut until U.S. meets interim deal conditions, Iran says",0.0,Neutral
"Tue, 18 Aug 2026 07:00:00 GMT",Unknown,Trump says no talks scheduled with Iran as he teases action in Hormuz Strait,0.1,Neutral
"Tue, 18 Aug 2026 07:00:00 GMT",Unknown,CNBC Daily Open: Trump puts 'open' sign on Hormuz. But traffic is barely trickling,0.01,Neutral
"Tue, 18 Aug 2026 07:00:00 GMT",Unknown,Hormuz traffic slows as uncertainty over waterway persists,0.0,Neutral
"Tue, 18 Aug 2026 07:00:00 GMT",Unknown,"Saudi Arabia resumes oil loadings, sales from inside Strait of Hormuz",0.0,Neutral
"Tue, 18 Aug 2026 07:00:00 GMT",Unknown,Trump says no talks planned with Iran amid anger over Iran-Oman Hormuz deal,-0.7,Negative
"Tue, 18 Aug 2026 07:00:00 GMT",Unknown,"Chinese state tankers avoid Strait of Hormuz, Bab al-Mandab – Reuters",0.0,Neutral
"Tue, 18 Aug 2026 07:00:00 GMT",Unknown,COMMENTARY: Oil market starts pricing in a prolonged Hormuz crisis,0.0,Neutral
"Tue, 18 Aug 2026 07:00:00 GMT",Unknown,Trump shares image depicting Strait of Hormuz as ‘US territory’,0.0,Neutral
"Tue, 18 Aug 2026 07:00:00 GMT",Unknown,Trump posts map labeling Strait of Hormuz as US territory,0.0,Neutral
"Tue, 18 Aug 2026 07:00:00 GMT",Unknown,Iran fails to strike deal with US as deadline passes and Trump calls for ‘white flag of surrender',-0.25,Negative
"Tue, 18 Aug 2026 07:00:00 GMT",Unknown,"Iran strikes ship, doubles down on closing Strait of Hormuz",-0.16,Neutral
"Tue, 18 Aug 2026 07:00:00 GMT",Unknown,Trump threatens to bomb Oman with Iran war stuck in stalemate as 60-day negotiation period ends,0.0,Neutral
"Tue, 18 Aug 2026 07:00:00 GMT",Unknown,Why has Trump threatened to bomb Oman – for a second time?,0.0,Neutral
"Tue, 18 Aug 2026 07:00:00 GMT",Unknown,Donald Trump says Strait of Hormuz is 'new US territory' as blockade continues,0.14,Neutral
"Tue, 18 Aug 2026 07:00:00 GMT",Unknown,Trump Labels Map Of Strait Of Hormuz ‘New U.S. Territory’ After Passing 60-Day Deadline For Deal,0.14,Neutral
"Tue, 18 Aug 2026 07:00:00 GMT",Unknown,Trump says US has no talks planned with Iran and other news from the Middle East,-0.06,Neutral
"Tue, 18 Aug 2026 07:00:00 GMT",Unknown,"Trump is threatening to bomb Oman, but why?",0.0,Neutral
"Tue, 18 Aug 2026 07:00:00 GMT",Unknown,Trump doubles down on claim to make Strait of Hormuz the territory of the US,-0.16,Neutral
"Tue, 18 Aug 2026 07:00:00 GMT",Unknown,Iran truce expires as Trump calls Strait of Hormuz 'new US territory',0.14,Neutral
"Tue, 18 Aug 2026 07:00:00 GMT",Unknown,Trump takes hard line on Iran as Hormuz standoff drags on,-0.29,Negative
"Tue, 18 Aug 2026 07:00:00 GMT",Unknown,"Trump Posts AI Photo Of Hormuz As ""New US Territory"", Says All Mines Removed",0.14,Neutral
"Tue, 18 Aug 2026 07:00:00 GMT",Unknown,Crew of ship sustains casualty after vessel is struck in Hormuz Strait,0.0,Neutral
"Tue, 18 Aug 2026 07:00:00 GMT",Unknown,"Trump Says No Talks With Iran, Claims Hormuz `Open and Operating’",0.0,Neutral
"Tue, 18 Aug 2026 07:00:00 GMT",Unknown,Trump posts map labeling Strait of Hormuz 'new US territory' before announcing no talks with Iran planned,0.14,Neutral
"Tue, 18 Aug 2026 07:00:00 GMT",Unknown,A 4-Million-Bpd Shadow Oil Highway Is Running Through Hormuz,-0.7,Negative
"Tue, 18 Aug 2026 07:00:00 GMT",Unknown,"Trump posts image depicting Strait of Hormuz as new ""U.S. Territory""",0.14,Neutral
"Tue, 18 Aug 2026 07:00:00 GMT",Unknown,"Vessel struck by unknown projectile in Strait of Hormuz, crew casualty reported, UKMTO says",-0.1,Neutral
"Tue, 18 Aug 2026 07:00:00 GMT",Unknown,Brent Tops $91 After Unidentified Projectile Hits Vessel Transiting Hormuz,-0.7,Negative
"Tue, 18 Aug 2026 07:00:00 GMT",Unknown,"Trump says Iran talks dead, dubs Hormuz Strait new U.S. territory",-0.03,Neutral
"Tue, 18 Aug 2026 07:00:00 GMT",Unknown,How Gulf Oil Is Escaping the Strait of Hormuz,-0.7,Negative
"Tue, 18 Aug 2026 07:00:00 GMT",Unknown,Iran says Hormuz will remain closed until US fulfills commitments under memorandum,-0.1,Neutral
"Tue, 18 Aug 2026 07:00:00 GMT",Unknown,"The Strait of Hormuz is 'damaged,' expert says",0.0,Neutral
"Tue, 18 Aug 2026 07:00:00 GMT",Unknown,Hormuz will not reopen until US meets deal conditions: Iran,0.0,Neutral
"Tue, 18 Aug 2026 07:00:00 GMT",Unknown,Trump says U.S. has no talks planned with Iran as ships in the Strait of Hormuz still face attacks,0.0,Neutral
"Tue, 18 Aug 2026 07:00:00 GMT",Unknown,Trump circles the Strait of Hormuz on map and proclaims it as ‘new US territory’,0.09,Neutral
"Tue, 18 Aug 2026 07:00:00 GMT",Unknown,Trump calls off Iran talks as Tehran doubles down on Hormuz leverage,-0.1,Neutral
"Tue, 18 Aug 2026 07:00:00 GMT",Unknown,"Gas prices climb in Oregon and nationwide, driven by Hormuz closure amid US-Iran war",0.0,Neutral
"Tue, 18 Aug 2026 07:00:00 GMT",Unknown,"Strait of Hormuz to remain closed until US meets Iran's demands, top negotiator says",0.2,Neutral
"Tue, 18 Aug 2026 07:00:00 GMT",Unknown,"'No talks or conversations' with Iran, Trump says, as temporary ceasefire expires",0.0,Neutral
"Tue, 18 Aug 2026 07:00:00 GMT",Unknown,"Trump’s threats anger Omanis, leave observers puzzled",-0.7,Negative
"Tue, 18 Aug 2026 07:00:00 GMT",Unknown,"Iran ready to risk war to keep control of Hormuz, analysts say",0.2,Neutral
"Tue, 18 Aug 2026 07:00:00 GMT",Unknown,President Trump claims the Strait of Hormuz 'new U.S. territory',0.14,Neutral
"Tue, 18 Aug 2026 07:00:00 GMT",Unknown,Tankers U-Turn at Hormuz as Iran Tightens Its Grip,-0.7,Negative
"Tue, 18 Aug 2026 07:00:00 GMT",Unknown,Why the U.S.-Iran dispute over the Strait of Hormuz is escalating,0.0,Neutral
"Tue, 18 Aug 2026 07:00:00 GMT",Unknown,Strait of Hormuz tensions cloud prospects for U.S.-Iran agreement,0.0,Neutral
"Tue, 18 Aug 2026 07:00:00 GMT",Unknown,Trump proposes declaring Strait of Hormuz US territory,0.0,Neutral
"Tue, 18 Aug 2026 07:00:00 GMT",Unknown,Iran Says Hormuz Will Stay Shut Until U.S. Lifts Sanctions And Blockade—As Deadline Passes For Peace Deal,0.0,Neutral
"Tue, 18 Aug 2026 07:00:00 GMT",Unknown,Fact Check: White House DID Post Map Showing Strait of Hormuz Is New U.S. Territory -- Also on Truth Social,0.06,Neutral
"Tue, 18 Aug 2026 07:00:00 GMT",Unknown,Engineer killed as Greek-owned freighter hit in Strait of Hormuz,-0.2,Neutral
"Tue, 18 Aug 2026 07:00:00 GMT",Unknown,"Trump weighs new Strait of Hormuz plan as oil prices surge, Iran tensions rattle markets",0.14,Neutral
"Tue, 18 Aug 2026 07:00:00 GMT",Unknown,"Hormuz to remain closed until US meets deal terms, Ghalibaf says",-0.07,Neutral
"Tue, 18 Aug 2026 07:00:00 GMT",Unknown,Strait of Hormuz tensions still impacting US-Iran negotiations,0.0,Neutral
"Tue, 18 Aug 2026 07:00:00 GMT",Unknown,Trump shares map showing Strait of Hormuz as US territory,0.0,Neutral
"Tue, 18 Aug 2026 07:00:00 GMT",Unknown,"Trump says no Iran talks planned, claims Hormuz 'new US territory'",0.14,Neutral
"Tue, 18 Aug 2026 07:00:00 GMT",Unknown,"US Energy Secretary: World Does Not Need Iranian Oil, US Controls Hormuz",0.0,Neutral
"Tue, 18 Aug 2026 07:00:00 GMT",Unknown,One Dead After Vessel Struck in Strait of Hormuz,-0.2,Neutral
"Tue, 18 Aug 2026 07:00:00 GMT",Unknown,Iran war: President Trump claims U.S. control over Strait of Hormuz,0.0,Neutral
"Tue, 18 Aug 2026 07:00:00 GMT",Unknown,"Trump Trolls, Calls Strait of Hormuz “New U.S. Territory.” Here's Why Oil Investors Should Still Pay Attention",0.14,Neutral
"Tue, 18 Aug 2026 07:00:00 GMT",Unknown,Iranian official: Strait of Hormuz will remain closed until U.S. meets terms of defunct memorandum,-0.1,Neutral
"Tue, 18 Aug 2026 07:00:00 GMT",Unknown,Trump says no Iran talks as US blockade of Hormuz remains in force,0.0,Neutral
"Tue, 18 Aug 2026 07:00:00 GMT",Unknown,Trump labels Strait of Hormuz 'new' U.S. territory,0.14,Neutral
"Tue, 18 Aug 2026 07:00:00 GMT",Unknown,Hormuz traffic holds firm as attacks intensify and diplomacy collapses,-0.2,Neutral
"Tue, 18 Aug 2026 07:00:00 GMT",Unknown,Qatar says Hormuz agreement crucial for US-Iran talks to resume,0.0,Neutral
"Tue, 18 Aug 2026 07:00:00 GMT",Unknown,"Trump says Strait of Hormuz is ""open and operating."" Shipping data appears to contradict his claim.",0.0,Neutral
"Tue, 18 Aug 2026 07:00:00 GMT",Unknown,"If South Korea won’t defend Hormuz, Trump should pull the nuclear umbrella",0.0,Neutral
"Tue, 18 Aug 2026 07:00:00 GMT",Unknown,Trump makes new claim over Strait of Hormuz,0.14,Neutral
"Tue, 18 Aug 2026 07:00:00 GMT",Unknown,U.S.-Iran memorandum expires as Trump criticizes Oman over Hormuz talks,0.0,Neutral
"Wed, 19 Aug 2026 07:00:00 GMT",Unknown,U.S. conducting stealth operation to transport oil through Hormuz,0.0,Neutral
"Wed, 19 Aug 2026 07:00:00 GMT",Unknown,How the U.S. Navy Is Helping Get Oil Through the Strait of Hormuz,0.14,Neutral
"Wed, 19 Aug 2026 07:00:00 GMT",Unknown,"Iran’s Attacks on Ships in Hormuz Mount, Testing U.S. Military Restraint",-0.1,Neutral
"Wed, 19 Aug 2026 07:00:00 GMT",Unknown,Strait of Hormuz Still Closed as Iran MoU Expires,-0.1,Neutral
"Wed, 19 Aug 2026 07:00:00 GMT",Unknown,Report: Iran partially loses control of Hormuz as traffic shifts to Omani route,-0.3,Negative
"Wed, 19 Aug 2026 07:00:00 GMT",Unknown,US running clandestine shipping route through Strait of Hormuz: Report,0.0,Neutral
"Wed, 19 Aug 2026 07:00:00 GMT",Unknown,Tankers shift toward Oman route through Strait of Hormuz,0.0,Neutral
"Wed, 19 Aug 2026 07:00:00 GMT",Unknown,A Fatal Strike and the First Seizure Since June as Iran’s Transit Rules Take Effect,0.25,Positive
"Wed, 19 Aug 2026 07:00:00 GMT",Unknown,Rosie O’Donnell Rags on Trump’s Strait of Hormuz Claims,0.14,Neutral
"Wed, 19 Aug 2026 07:00:00 GMT",Unknown,Why Iran Might Be Losing Its Control Over The Strait Of Hormuz,0.0,Neutral
"Wed, 19 Aug 2026 07:00:00 GMT",Unknown,Two Chinese Supertankers U-Turn in Hormuz as Risks Remain High,0.08,Neutral
"Wed, 19 Aug 2026 01:30:13 GMT",Unknown,Iran loses significant control of the Strait of Hormuz amid US naval patrols,0.04,Neutral
"Wed, 19 Aug 2026 07:00:00 GMT",Unknown,Trump claims U.S. has control of the Strait of Hormuz. See gas prices in NC,0.0,Neutral
"Wed, 19 Aug 2026 07:00:00 GMT",Unknown,What does Iran’s offensive posture on Hormuz mean for shipping?,-0.31,Negative
"Wed, 19 Aug 2026 07:00:00 GMT",Unknown,Trump says Hormuz open as reports point to weaker Iran control,0.0,Neutral
"Wed, 19 Aug 2026 07:00:00 GMT",Unknown,Strait of Hormuz Shipping Slows After Vessel Attack,0.0,Neutral
"Wed, 19 Aug 2026 07:00:00 GMT",Unknown,US quietly guides millions of barrels of oil through Strait of Hormuz in stealth operation,0.0,Neutral
"Wed, 19 Aug 2026 07:00:00 GMT",Unknown,Chinese Oil Tankers Turn Back as Hormuz Risks Mount,-0.14,Neutral
"Wed, 19 Aug 2026 07:00:00 GMT",Unknown,"As Hormuz blockade continues, Trump appears ready to wait for Iran to show interest in a deal",0.2,Neutral
"Wed, 19 Aug 2026 07:00:00 GMT",Unknown,Trump appears to have dropped his tit-for-tat approach to Iran attacks in the Strait of Hormuz,0.5,Positive
"Wed, 19 Aug 2026 07:00:00 GMT",Unknown,Oil Extends Gains With No Progress Seen on Hormuz Standoff,0.0,Neutral
"Wed, 19 Aug 2026 07:00:00 GMT",Unknown,Oil prices spike after ships in Strait of Hormuz hit by fresh strikes,0.2,Neutral
"Wed, 19 Aug 2026 07:00:00 GMT",Unknown,Trump doubles down on threat to claim the Strait of Hormuz,-0.16,Neutral
"Wed, 19 Aug 2026 04:37:27 GMT",Unknown,Most Hormuz shipping traffic taken via Omani route – report,0.5,Positive
"Wed, 19 Aug 2026 07:00:00 GMT",Unknown,"Trump posts map with Hormuz as ‘new US territory’, says no Iran talks planned",0.14,Neutral
"Wed, 19 Aug 2026 07:00:00 GMT",Unknown,Trump says the Strait of Hormuz is fully open. Trade data suggests otherwise,0.0,Neutral
"Wed, 19 Aug 2026 07:00:00 GMT",Unknown,NEWSLETTER: A conflict on autopilot?,0.0,Neutral
"Wed, 19 Aug 2026 07:00:00 GMT",Unknown,"Trump says Strait of Hormuz ‘new US territory,’ rules out Iran talks",0.14,Neutral
"Wed, 19 Aug 2026 07:00:00 GMT",Unknown,Iran losing control of Strait of Hormuz as tankers defy Tehran,0.0,Neutral
"Wed, 19 Aug 2026 07:00:00 GMT",Unknown,Is the Strait of Hormuz becoming obsolete? Gulf nations quietly build a way around Iran,0.23,Positive
"Wed, 19 Aug 2026 07:00:00 GMT",Unknown,"Iran claims control, ships choose Omani route: What’s changing in Strait of Hormuz",0.0,Neutral
"Wed, 19 Aug 2026 07:00:00 GMT",Unknown,Iran labels California its ‘new territory’ after Trump’s Hormuz claim,0.14,Neutral
"Wed, 19 Aug 2026 07:00:00 GMT",Unknown,One beneficiary of the Iran war? Pirates.,0.0,Neutral
"Wed, 19 Aug 2026 07:00:00 GMT",Unknown,Oil Prices Rise for Fourth Day as Hormuz Traffic Slows,-0.23,Negative
"Wed, 19 Aug 2026 07:00:00 GMT",Unknown,Trump: The Strait of Hormuz won't be as important as it was in the past,0.08,Neutral
"Wed, 19 Aug 2026 07:00:00 GMT",Unknown,Watch Trump Takes Hard Line as Hormuz Tensions Mark New Normal,-0.0,Neutral
"Wed, 19 Aug 2026 07:00:00 GMT",Unknown,Iran war escalating as Strait of Hormuz blockade continues,0.0,Neutral
"Wed, 19 Aug 2026 07:00:00 GMT",Unknown,"Donald Trump Labels Strait of Hormuz “A New American Land,” Says No Iran Talks: what 47 outlets left out",0.05,Neutral
"Wed, 19 Aug 2026 07:00:00 GMT",Unknown,"Iran may be losing its grip on Hormuz as U.S. military steps up help for tankers, reports say",-0.1,Neutral
"Wed, 19 Aug 2026 07:00:00 GMT",Unknown,USS Lincoln woes highlight US Navy limits in prolonged Iran war: Experts,0.0,Neutral
"Wed, 19 Aug 2026 07:00:00 GMT",Unknown,Exxon Stock Rises as Oil Nears $92 on Hormuz Risk,0.0,Neutral
"Wed, 19 Aug 2026 07:00:00 GMT",Unknown,"Donald Trump says no Iran talks planned, shares map showing Hormuz as 'new US territory'",0.14,Neutral
"Wed, 19 Aug 2026 07:00:00 GMT",Unknown,Watch Oil Markets Brace for Iran's Next Move Amid Hormuz Stalemate | Insight with Haslinda Amin 8/19/2026,0.0,Neutral
"Wed, 19 Aug 2026 07:00:00 GMT",Unknown,Trump’s Hormuz blockade will have a devastating effect on Iran’s economy: Victoria Coates,-1.0,Negative
"Wed, 19 Aug 2026 07:00:00 GMT",Unknown,"Trump disengages with Iran in new pressure tactic, claiming full US control over Hormuz",0.24,Positive
"Wed, 19 Aug 2026 07:00:00 GMT",Unknown,"Hope Fades, Traders Brace for Extended Oil, LNG Squeeze",-0.7,Negative
"Wed, 19 Aug 2026 07:00:00 GMT",Unknown,Trump Issues Warning to Oman over Strait of Hormuz,0.0,Neutral
"Wed, 19 Aug 2026 07:00:00 GMT",Unknown,Iranian MP says 40% of Strait of Hormuz revenue would go to armed forces,0.0,Neutral
"Wed, 19 Aug 2026 07:00:00 GMT",Unknown,"US Military Runs Strait of Hormuz Oil Corridor, Moving 10 Million Barrels Daily: how 17 outlets framed it",-0.05,Neutral
"Wed, 19 Aug 2026 07:00:00 GMT",Unknown,Iran plans to bar hostile vessels from transiting Strait of Hormuz,0.0,Neutral
"Tue, 18 Aug 2026 07:00:00 GMT",Unknown,Trump renews claim to make Hormuz US territory,0.0,Neutral
"Wed, 19 Aug 2026 07:00:00 GMT",Unknown,Iran is losing control of the strait of hormuz — what it means for global shipping,0.0,Neutral
"Thu, 20 Aug 2026 07:00:00 GMT",Unknown,Are ships passing Hormuz more willing to defy Iran or US? What data shows,0.38,Positive
"Thu, 20 Aug 2026 07:00:00 GMT",Unknown,Increased Traffic Reported in US-Controlled Strait of Hormuz Corridor,0.0,Neutral
"Thu, 20 Aug 2026 07:00:00 GMT",Unknown,"Hormuz shipping unchanged amid US-Iran stalemate, data shows",0.0,Neutral
"Thu, 20 Aug 2026 07:00:00 GMT",Unknown,Investors are watching these alternative oil routes to the Strait of Hormuz,0.0,Neutral
"Thu, 20 Aug 2026 07:00:00 GMT",Unknown,"Trump announces ""crushing economic operation"" on Iran with talks in limbo",0.3,Positive
"Thu, 20 Aug 2026 07:00:00 GMT",Unknown,US operates clandestine shipping corridor through Strait of Hormuz,0.0,Neutral
"Thu, 20 Aug 2026 07:00:00 GMT",Unknown,How US Navy Is Keeping Millions Of Barrels Of Oil Moving Through Strait Of Hormuz,0.0,Neutral
"Thu, 20 Aug 2026 07:00:00 GMT",Unknown,"US military created secret path through Hormuz, 10 million barrels of oil pass daily",-0.17,Neutral
"Thu, 20 Aug 2026 07:00:00 GMT",Unknown,Live Ticker: Upper Gulf & Middle East Situation,0.05,Neutral
"Thu, 20 Aug 2026 07:00:00 GMT",Unknown,EDITORIAL: United States having success in the Strait of Hormuz,0.3,Positive
"Thu, 20 Aug 2026 07:00:00 GMT",Unknown,"Oil flows nearly tripled before US-Iran MoU expired, analysis shows",0.1,Neutral
"Thu, 20 Aug 2026 07:00:00 GMT",Unknown,US's secret Hormuz corridor: How America kept ships and oil moving despite Iran's closure,-0.4,Negative
"Thu, 20 Aug 2026 07:00:00 GMT",Unknown,Trump vows ‘economic D-Day’ as US jets escort oil tankers through Hormuz,0.2,Neutral
"Thu, 20 Aug 2026 07:00:00 GMT",Unknown,USS Washington arrives in Arabian Sea after aircraft carrier outcry,0.0,Neutral
"Wed, 19 Aug 2026 19:21:42 GMT",Unknown,Oil hovers near three-week high on uncertainty over Hormuz,0.13,Neutral
"Thu, 20 Aug 2026 07:00:00 GMT",Unknown,"Saudi Aramco sells at least 4 million barrels of crude loading outside Hormuz to China, sources say",-0.33,Negative
"Thu, 20 Aug 2026 07:00:00 GMT",Unknown,US opens secret oil shipping corridor through Hormuz amid Iran stalemate: Report,-0.4,Negative
"Thu, 20 Aug 2026 07:00:00 GMT",Unknown,Report: US opens secret Hormuz oil corridor,-0.4,Negative
"Thu, 20 Aug 2026 07:00:00 GMT",Unknown,"Ships passing through Hormuz hover in single digits, data shows",-0.07,Neutral
"Thu, 20 Aug 2026 07:00:00 GMT",Unknown,Trump has a new plan to crush Iran’s economy. But will he stay the course?,0.14,Neutral
"Thu, 20 Aug 2026 07:00:00 GMT",Unknown,Trump Calls for ‘Economic D-Day’ on Iran as US Seeks to Restore Hormuz Shipping,0.2,Neutral
"Thu, 20 Aug 2026 07:00:00 GMT",Unknown,Trump: Hormuz blockade is '100% successful',0.75,Positive
"Thu, 20 Aug 2026 07:00:00 GMT",Unknown,"Hormuz shipping traffic shows no uptick as US-Iran talks stall, data show",0.0,Neutral
"Thu, 20 Aug 2026 07:00:00 GMT",Unknown,"Updates on the Strait of Hormuz, August 20th, 2026",0.0,Neutral
"Thu, 20 Aug 2026 07:00:00 GMT",Unknown,Trump claims control of Strait of Hormuz | NHK WORLD-JAPAN News,0.0,Neutral
"Thu, 20 Aug 2026 07:00:00 GMT",Unknown,Do we still need the Strait of Hormuz? A top Trump official says no,0.5,Positive
"Thu, 20 Aug 2026 06:40:01 GMT",Unknown,US operates covert Hormuz corridor for Gulf oil tankers: Report,0.0,Neutral
"Thu, 20 Aug 2026 07:00:00 GMT",Unknown,"Trump’s new strategy, claiming Hormuz for US & more | Military experts on Iran",0.18,Neutral
"Thu, 20 Aug 2026 07:00:00 GMT",Unknown,Oil prices rise after Treasury Secretary says U.S. will collapse Iran with economic pressure,0.2,Neutral
"Thu, 20 Aug 2026 07:00:00 GMT",Unknown,"Yes, Trump Is Right: The Strait of Hormuz Is Open and Iran Is in Trouble",0.03,Neutral
"Thu, 20 Aug 2026 07:00:00 GMT",Unknown,Egypt and Qatar stress need for dialogue over Strait of Hormuz,0.0,Neutral
"Thu, 20 Aug 2026 07:00:00 GMT",Unknown,Hormuz shipping traffic remains flat as US-Iran talks stay deadlocked – Reuters,-0.02,Neutral
"Wed, 19 Aug 2026 07:26:18 GMT",Unknown,Iran-US ceasefire expires as Trump declares Strait of Hormuz US territory,0.0,Neutral
"Thu, 20 Aug 2026 07:00:00 GMT",Unknown,Trump increasingly lashing out at allies as victory in Iran war proves elusive,0.3,Positive
"Thu, 20 Aug 2026 07:00:00 GMT",Unknown,Iran finds control over Hormuz strait slipping away but US far from becoming victorious,0.15,Neutral
"Wed, 19 Aug 2026 07:00:00 GMT",Unknown,Trump Says No US-Iran Talks Planned Amid Strait Of Hormuz Standoff,0.0,Neutral
"Wed, 19 Aug 2026 07:00:00 GMT",Unknown,Oil Is Up 36% and the Strait of Hormuz Is Still Closed. The QQQI Family Runs a 14.75% Energy Fund,-0.1,Neutral
"Wed, 19 Aug 2026 07:00:00 GMT",Unknown,"Trump says Strait of Hormuz blockade has been ""extremely effective,"" more sanctions against Iran possible",0.37,Positive
"Thu, 20 Aug 2026 07:00:00 GMT",Unknown,Iran vows ‘further defeat’ for US after Trump’s ‘Economic D-Day’ threat,0.1,Neutral
"Thu, 20 Aug 2026 07:00:00 GMT",Unknown,The US stealth operation to take oil out of Hormuz,0.0,Neutral
"Thu, 20 Aug 2026 07:00:00 GMT",Unknown,Yemen government warns Houthis plan to turn Bab El-Mandeb into ‘Red Sea’s Strait of Hormuz’,0.0,Neutral
"Wed, 19 Aug 2026 07:00:00 GMT",Unknown,Iran Loses Grip on Strait of Hormuz as Ships Reroute via Oman,-0.3,Negative
"Thu, 20 Aug 2026 07:00:00 GMT",Unknown,10 million barrels a day: Trump creates secret US-protected oil corridor through Strait of Hormuz,-0.4,Negative
"Thu, 20 Aug 2026 07:00:00 GMT",Unknown,"U.S. using stealth operation to move oil through Strait of Hormuz, sources say",0.0,Neutral
"Wed, 19 Aug 2026 07:00:00 GMT",Unknown,2PM: Iran talks halted while Hormuz Strait uncertainty continues,0.0,Neutral
"Wed, 19 Aug 2026 07:00:00 GMT",Unknown,Oil prices steady as investors assess U.S.-Iran war outlook,0.17,Neutral
"Thu, 20 Aug 2026 07:00:00 GMT",Unknown,US-Iran Hormuz Ping-Pong Continues. Now Tehran Wants India at the Table,0.13,Neutral
"Thu, 20 Aug 2026 07:00:00 GMT",Unknown,"US focus on Hormuz reflects military failure against Iran, lawmaker says",-0.17,Neutral
"Wed, 19 Aug 2026 07:00:00 GMT",Unknown,Iraq urges Iran to safeguard oil shipments through Hormuz,0.0,Neutral
"Thu, 20 Aug 2026 07:00:00 GMT",Unknown,"Hormuz diversions drop while port congestion hits new highs in Singapore, Turkey, and Mumbai",0.14,Neutral
"Thu, 20 Aug 2026 07:00:00 GMT",Unknown,"Iran dismisses US economic threats, and other developments in the Middle East",0.03,Neutral
"Thu, 20 Aug 2026 07:00:00 GMT",Unknown,Trump team out on a limb with claim that oil is flowing through Strait of Hormuz,0.0,Neutral
"Wed, 19 Aug 2026 07:00:00 GMT",Unknown,Six commodity vessels cross Strait of Hormuz,0.0,Neutral
"Wed, 19 Aug 2026 07:00:00 GMT",Unknown,Trump claims in social post that Strait of Hormuz is 'new US territory',0.08,Neutral
"Thu, 20 Aug 2026 07:00:00 GMT",Unknown,US and Iran give clashing accounts of whether Hormuz is open,0.0,Neutral
"Wed, 19 Aug 2026 07:00:00 GMT",Unknown,Oil Holds Four-Day Gain as Traders Assess Middle East Stalemate,0.0,Neutral
"Thu, 20 Aug 2026 07:00:00 GMT",Unknown,Hormuz paradox: Why flowing oil could prolong Iran war,0.0,Neutral
"Fri, 21 Aug 2026 07:00:00 GMT",Unknown,2 Mariners Killed in Strait of Hormuz as Transits See Small Increase,-0.23,Negative
"Fri, 21 Aug 2026 07:00:00 GMT",Unknown,U.S. military says it aided passage of 660 million barrels of oil through Strait of Hormuz since May,-0.1,Neutral
"Fri, 21 Aug 2026 07:00:00 GMT",Unknown,Trump says he views strait of Hormuz as ‘American territory’,0.0,Neutral
"Fri, 21 Aug 2026 07:00:00 GMT",Unknown,How ships navigate a deadly maze in the Strait of Hormuz,-0.2,Neutral
"Fri, 21 Aug 2026 07:00:00 GMT",Unknown,NATO members discuss Strait of Hormuz options without alliance involvement,0.0,Neutral
"Fri, 21 Aug 2026 07:00:00 GMT",Unknown,U.S. military guides oil tankers through Strait of Hormuz,-0.1,Neutral
"Fri, 21 Aug 2026 07:00:00 GMT",Unknown,Spike in ‘Dark’ Oil Tankers in Gulf Raises Risk of Catastrophic Spills,-0.05,Neutral
"Fri, 21 Aug 2026 07:00:00 GMT",Unknown,"Oman, Iran seek deal to safeguard shipping through Hormuz Strait",0.0,Neutral
"Fri, 21 Aug 2026 07:00:00 GMT",Unknown,The Strait of Hormuz Isn’t the Only Major Shipping Route in Crisis,0.03,Neutral
"Fri, 21 Aug 2026 07:00:00 GMT",Unknown,Oil Bulls Take Control as Iran Deal Collapses and Hormuz Stays Restricted,-0.7,Negative
"Thu, 20 Aug 2026 09:36:20 GMT",Unknown,U.S. Armed Forces Secure Secret Oil Route Through Strait of Hormuz,0.0,Neutral
"Fri, 21 Aug 2026 07:00:00 GMT",Unknown,The maps and charts that debunk Trump’s claim the Strait of Hormuz has reopened,0.0,Neutral
"Fri, 21 Aug 2026 07:00:00 GMT",Unknown,Hormuz Traffic Hits Historic Low With Only 7 Vessels Transiting,0.0,Neutral
"Fri, 21 Aug 2026 07:00:00 GMT",Unknown,Video: Moment Ship With 21 Indian Sailors Came Under Iran's Attack In Hormuz,0.0,Neutral
"Fri, 21 Aug 2026 07:00:00 GMT",Unknown,Ship to ship transfers outside the Strait of Hormuz is becoming standard practice: Vortexa's Wech,0.15,Neutral
"Thu, 20 Aug 2026 15:46:54 GMT",Unknown,Trump touts Hormuz success as industry questions scale of oil recovery,0.3,Positive
"Fri, 21 Aug 2026 07:00:00 GMT",Unknown,Motegi Tells Oman Japan Opposes Hormuz Passage Fees,0.0,Neutral
"Fri, 21 Aug 2026 07:00:00 GMT",Unknown,"As USS Lincoln heads home, mental health experts tally the stressors of life at sea",-0.1,Neutral
"Fri, 21 Aug 2026 07:00:00 GMT",Unknown,"Seafarers’ union says IRGC attacked Indian-crewed ship in Strait of Hormuz with RPG, shares videos",0.0,Neutral
"Fri, 21 Aug 2026 07:00:00 GMT",Unknown,Hormuz shock calls for new Mideast-Asia oil partnerships,0.14,Neutral
"Fri, 21 Aug 2026 07:00:00 GMT",Unknown,Is Iran losing its grip on the Strait of Hormuz?,0.0,Neutral
"Fri, 21 Aug 2026 07:00:00 GMT",Unknown,"Trump's works in progress: Hormuz Strait claims, White House ballroom, Iran 'economic D-Day'",0.1,Neutral
"Thu, 20 Aug 2026 13:30:40 GMT",Unknown,Oil Extends Gains as China Tankers Reverse Course in Hormuz,0.0,Neutral
"Thu, 20 Aug 2026 18:06:00 GMT",Unknown,US Navy escorts tankers through Hormuz at night to keep oil flowing,0.0,Neutral
"Fri, 21 Aug 2026 07:00:00 GMT",Unknown,Middle East oil squeeze: How much crude is actually flowing through Hormuz,-0.23,Negative
"Thu, 20 Aug 2026 15:00:00 GMT",Unknown,"Hormuz: how US sanctions on Iran impact China, Iraq, and Europe",0.0,Neutral
"Thu, 20 Aug 2026 13:55:16 GMT",Unknown,Strait of Hormuz to remain closed until US fulfils memorandum commitments: Iran,-0.1,Neutral
"Fri, 21 Aug 2026 07:00:00 GMT",Unknown,"Daily vessel traffic through the Strait of Hormuz halved, while crude oil weekly charts closed positively across the board; what do cross-market spreads reveal?",-0.14,Neutral
"Fri, 21 Aug 2026 07:00:00 GMT",Unknown,Container rates climb as Hormuz traffic remains stalled,0.0,Neutral
"Thu, 20 Aug 2026 15:15:02 GMT",Unknown,Maritime Markets Bracing for Long-term Disruption in the Middle East,0.0,Neutral
"Fri, 21 Aug 2026 07:00:00 GMT",Unknown,Opinion | Never Underestimate the Houthis,0.14,Neutral
"Fri, 21 Aug 2026 07:00:00 GMT",Unknown,NATO commander holds talks on Hormuz Strait navigation support,0.0,Neutral
"Thu, 20 Aug 2026 10:25:19 GMT",Unknown,Secret Hormuz flows prevent oil surging to USD 350 – analyst,-0.4,Negative
"Fri, 21 Aug 2026 07:00:00 GMT",Unknown,The future of Gulf security lies beyond Hormuz,0.0,Neutral
"Fri, 21 Aug 2026 07:00:00 GMT",Unknown,"Macron and MBS to Focus on Hormuz, Deals in Paris Talks",0.0,Neutral
"Fri, 21 Aug 2026 07:00:00 GMT",Unknown,Oil prices are little changed after Iran's president indicates Tehran wants war to end soon,0.01,Neutral
"Fri, 21 Aug 2026 07:00:00 GMT",Unknown,Watch: Indian seafarers take cover as vessel passing through Hormuz came under attack in April,0.0,Neutral
"Fri, 21 Aug 2026 07:00:00 GMT",Unknown,"Iran, Oman discuss resuming talks and Hormuz navigation",0.0,Neutral
"Fri, 21 Aug 2026 07:00:00 GMT",Unknown,NATO Helps Allies Coordinate Strait of Hormuz Shipping Support Without Joining Operation,0.0,Neutral
"Fri, 21 Aug 2026 07:00:00 GMT",Unknown,Jimmy Fallon Jokes About Trump's 'Driveway of Hormuz' Amid White House Renovations,0.0,Neutral
"Fri, 21 Aug 2026 07:00:00 GMT",Unknown,U.S Secretly Set Up Trade Corridor In Strait Of Hormuz Moving 10 Million Barrels Of Oil Daily,-0.2,Neutral
"Thu, 20 Aug 2026 08:37:00 GMT",Unknown,US secretly establishes shipping corridor in Strait of Hormuz to maintain oil flow: media,-0.4,Negative
"Thu, 20 Aug 2026 07:00:00 GMT",Unknown,10 Million Barrels A Day: How Trump Quietly Created A Secret Oil Corridor Through Hormuz,-0.2,Neutral
"Thu, 20 Aug 2026 11:05:09 GMT",Unknown,"Chinese Oil Giants Stop Sending Tankers Via Hormuz, Bab al-Mandab Amid Middle East Conflict",0.0,Neutral
"Fri, 21 Aug 2026 07:00:00 GMT",Unknown,‘We didn’t plan for this’: How the Iran war left the USS Abraham Lincoln short on supplies,0.0,Neutral
"Fri, 21 Aug 2026 07:00:00 GMT",Unknown,NATO countries are discussing an operation to restore shipping in the Strait of Hormuz without the Alliance's participation,0.0,Neutral
"Fri, 21 Aug 2026 07:00:00 GMT",Unknown,"Oman, Iran top diplomats discuss Hormuz navigation",0.33,Positive
"Fri, 21 Aug 2026 07:00:00 GMT",Unknown,US Runs Stealth Oil Operation Through Strait of Hormuz Amid Iran War | Vantage on Firstpost,0.0,Neutral
"Fri, 21 Aug 2026 02:31:13 GMT",Unknown,"Trump’s ‘Economic D-Day’ Against Iran: What It Means for China, Hormuz and Oil Prices",0.13,Neutral
"Thu, 20 Aug 2026 07:00:00 GMT",Unknown,U.S. military operates Hormuz corridor carrying about 10 million barrels daily,-0.05,Neutral
"Thu, 20 Aug 2026 20:51:32 GMT",Unknown,Below Deck Strait of Hormuz,0.0,Neutral
"Thu, 20 Aug 2026 07:00:00 GMT",Unknown,FTSE 100 today: Stocks flat as U.S.-Iran Hormuz standoff drags on,-0.03,Neutral
"Thu, 20 Aug 2026 15:51:21 GMT",Unknown,Oil market starts pricing in a prolonged Hormuz crisis,0.0,Neutral
"Thu, 20 Aug 2026 07:00:00 GMT",Unknown,"Oil prices post weekly surge on Hormuz impasse, Brent now up 12% over two weeks",0.0,Neutral
"Thu, 20 Aug 2026 07:00:00 GMT",Unknown,The Iran peace deal expires — and the conflict enters a dangerous phase,-0.6,Negative
"Thu, 20 Aug 2026 07:00:00 GMT",Unknown,US Military Opens Hormuz Tanker Corridor Moving 10 Million Barrels Daily,-0.05,Neutral
"Thu, 20 Aug 2026 07:00:00 GMT",Unknown,Hormuz tensions rise as Iran warns Gulf,0.0,Neutral
"Sat, 22 Aug 2026 07:00:00 GMT",Unknown,Around 40 tankers transit Strait of Hormuz Friday night,0.0,Neutral
"Sat, 22 Aug 2026 07:00:00 GMT",Unknown,Watch oil tankers’ covert route through Strait of Hormuz,0.0,Neutral
"Sat, 22 Aug 2026 07:00:00 GMT",Unknown,Iran grants permission for some Iraqi oil tankers to pass through Hormuz,0.0,Neutral
"Sat, 22 Aug 2026 07:00:00 GMT",Unknown,Shipping traffic through the Strait of Hormuz surges as vessels increasingly use US-backed Oman route,0.0,Neutral
"Sat, 22 Aug 2026 07:00:00 GMT",Unknown,Iran grants permission for a number of Iraqi oil tankers to pass through Hormuz,0.0,Neutral
"Sat, 22 Aug 2026 07:00:00 GMT",Unknown,"Traffic in Strait of Hormuz skyrockets nearly 400%, as analysts say Iran’s grip on critical waterway weakens",0.05,Neutral
"Sat, 22 Aug 2026 07:00:00 GMT",Unknown,Trump Administration Claims Massive Oil Flows Through Hormuz But Industry Data Raises Questions,0.0,Neutral
"Sat, 22 Aug 2026 07:00:00 GMT",Unknown,How much oil passes through the Strait of Hormuz each day? It depends who you ask,0.2,Neutral
"Sat, 22 Aug 2026 07:00:00 GMT",Unknown,How 'Dark' Tankers In Strait Of Hormuz Are Keeping Oil Prices In Check,-0.15,Neutral
"Fri, 21 Aug 2026 10:36:25 GMT",Unknown,US Air Force Early Warning Aircraft Diverts Near Strait of Hormuz,0.1,Neutral
"Sat, 22 Aug 2026 07:00:00 GMT",Unknown,Trump: ‘I view the Strait of Hormuz as an American territory’ | CNN Politics,0.0,Neutral
"Sat, 22 Aug 2026 07:00:00 GMT",Unknown,How the US and Middle East allies flipped the oil script on Iran,0.0,Neutral
"Sat, 22 Aug 2026 07:00:00 GMT",Unknown,Trump says Strait of Hormuz is 'an American territory',0.0,Neutral
"Sat, 22 Aug 2026 07:00:00 GMT",Unknown,Iran warns states joining US sanctions will be considered enemies,0.0,Neutral
"Sat, 22 Aug 2026 07:00:00 GMT",Unknown,Trump again says he views Strait of Hormuz as an 'American territory',0.0,Neutral
"Sat, 22 Aug 2026 07:00:00 GMT",Unknown,Trump claims Strait of Hormuz as 'American territory',0.05,Neutral
"Sat, 22 Aug 2026 07:00:00 GMT",Unknown,Oil tankers going dark to evade Iranian attacks raises major oil spill risk in Gulf,-0.04,Neutral
"Sat, 22 Aug 2026 07:00:00 GMT",Unknown,"U.S., Iran trade warnings before new sanctions as Hormuz traffic remains stalled",0.14,Neutral
"Sat, 22 Aug 2026 07:00:00 GMT",Unknown,Iran says any country cooperating with new US sanctions will be ‘considered an enemy’,0.14,Neutral
"Sat, 22 Aug 2026 07:00:00 GMT",Unknown,Traffic through Strait of Hormuz surges,0.0,Neutral
"Sat, 22 Aug 2026 07:00:00 GMT",Unknown,Strait of Hormuz remains partially closed,-0.1,Neutral
"Fri, 21 Aug 2026 20:01:53 GMT",Unknown,"Oman, Iran discuss ways to restore navigation through Strait of Hormuz",0.0,Neutral
"Sat, 22 Aug 2026 07:00:00 GMT",Unknown,Iraqi president says some oil tankers being facilitated through Strait of Hormuz,0.0,Neutral
"Sat, 22 Aug 2026 07:00:00 GMT",Unknown,Trump says he views Strait of Hormuz as ‘American territory’ at SC rally,0.0,Neutral
"Sat, 22 Aug 2026 07:00:00 GMT",Unknown,Every Chokepoint That Isn't Hormuz,-0.7,Negative
"Fri, 21 Aug 2026 14:05:47 GMT",Unknown,Asian spot LNG prices hit five-month high on Hormuz impasse,0.08,Neutral
"Sat, 22 Aug 2026 07:00:00 GMT",Unknown,"Iran Says the World Has Accepted it Has Defeated the US, and Other Middle East Developments",-0.06,Neutral
"Sat, 22 Aug 2026 07:00:00 GMT",Unknown,Iran Threatens ‘Devastating’ Response As New US Sanctions Raise Risks For Hormuz Shipping,-0.43,Negative
"Sat, 22 Aug 2026 07:00:00 GMT",Unknown,Iran grants Iraqi oil tankers special passage through Hormuz,0.24,Positive
"Sat, 22 Aug 2026 07:00:00 GMT",Unknown,"U.S., Iran keep up hostile rhetoric ahead of new sanctions",0.14,Neutral
"Sat, 22 Aug 2026 07:00:00 GMT",Unknown,Trump: 'I view the Strait of Hormuz as an American territory',0.0,Neutral
"Sat, 22 Aug 2026 07:00:00 GMT",Unknown,"Hormuz, Again: Trump Calls It ‘American Territory’; Iran Warns of a Return to ‘Colonialism’",0.0,Neutral
"Sat, 22 Aug 2026 07:00:00 GMT",Unknown,"Donald Trump Says No Talks With Iran, Threatens To Bomb Oman Over Strait Of Hormuz Deal: 34 outlets compared",0.0,Neutral
"Sat, 22 Aug 2026 01:16:28 GMT",Unknown,CENTCOM Says U.S. Forces Helped Move 660 Million Barrels Through Hormuz Since May,0.0,Neutral
"Sat, 22 Aug 2026 07:00:00 GMT",Unknown,Strait of Hormuz is American territory: Trump claims key waterway; says Iran wants to make a deal,0.07,Neutral
"Sat, 22 Aug 2026 07:00:00 GMT",Unknown,Trump Threatens Economic D-Day Against Iran as Strait of Hormuz Stays Blocked: how 29 outlets framed it,0.2,Neutral
"Sat, 22 Aug 2026 07:00:00 GMT",Unknown,"Strait of Hormuz traffic this week was 20% of pre-war average, though US says ""oil is flowing""",-0.15,Neutral
"Fri, 21 Aug 2026 09:20:32 GMT",Unknown,US prepares historic sanctions push to collapse Iranian regime and open Hormuz,0.0,Neutral
"Sat, 22 Aug 2026 07:00:00 GMT",Unknown,Iran grants Iraqi tankers safe passage through Strait of Hormuz,0.5,Positive
"Fri, 21 Aug 2026 18:58:04 GMT",Unknown,"Oman, Iran seek ‘practical understandings’ to restore Hormuz shipping",0.0,Neutral
"Sat, 22 Aug 2026 07:00:00 GMT",Unknown,What did war with the US reveal about Iran’s weapons capabilities?,0.0,Neutral
"Sat, 22 Aug 2026 07:00:00 GMT",Unknown,Trump: ‘I view the Strait of Hormuz as an American territory’,0.0,Neutral
"Fri, 21 Aug 2026 11:41:30 GMT",Unknown,U.S. Navy Tightens Its Grip on the Strait of Hormuz — But Drivers Aren't Feeling Relief at the Gas Pump,0.0,Neutral
"Sat, 22 Aug 2026 01:45:00 GMT",Unknown,Trump claims Strait of Hormuz as U.S. territory,0.0,Neutral
"Sat, 22 Aug 2026 07:00:00 GMT",Unknown,Trump calls Strait of Hormuz ‘American territory’ during South Carolina visit,0.0,Neutral
"Sat, 22 Aug 2026 07:00:00 GMT",Unknown,Trump calls Strait of Hormuz ‘American territory’; Iran vows to ‘correct’ his ‘delusion’,0.0,Neutral
"Fri, 21 Aug 2026 15:12:45 GMT",Unknown,Maritime Traffic in the Strait of Hormuz: 1 Sharp Drop,-0.12,Neutral
"Sat, 22 Aug 2026 07:00:00 GMT",Unknown,"Trump calls Strait of Hormuz 'American territory', vows Iran will never get nuclear weapon",0.0,Neutral
"Sat, 22 Aug 2026 07:00:00 GMT",Unknown,16 million barrels of oil were transported through the Strait of Hormuz overnight — Axios,0.0,Neutral
"Sat, 22 Aug 2026 07:00:00 GMT",Unknown,Iranian president says time to end war with US from ‘position of strength’,0.0,Neutral
"Sat, 22 Aug 2026 07:00:00 GMT",Unknown,President Trump on the Strait of Hormuz,0.0,Neutral
"Sat, 22 Aug 2026 07:00:00 GMT",Unknown,Donald Trump again claims Hormuz as ‘US territory’; Iran refuses to reopen strait,0.0,Neutral
"Sat, 22 Aug 2026 07:00:00 GMT",Unknown,"Trump Calls Strait Of Hormuz 'American Territory', Says Iran Leadership Is His 'Biggest Problem'",0.0,Neutral
"Sat, 22 Aug 2026 07:00:00 GMT",Unknown,Trump Says He Now Considers the Strait of Hormuz US Territory,0.0,Neutral
"Sat, 22 Aug 2026 07:00:00 GMT",Unknown,"‘Not ready to make right deal’: Trump declares Hormuz ‘American territory’, warns Iran over nuke weapons",0.06,Neutral
"Fri, 21 Aug 2026 20:21:15 GMT",Unknown,Explainer: New fault lines in the Hormuz standoff,0.14,Neutral
"Sat, 22 Aug 2026 07:00:00 GMT",Unknown,Around 40 Oil Tankers Pass Through Strait of Hormuz Amid US Blockade,0.0,Neutral
"Sat, 22 Aug 2026 07:00:00 GMT",Unknown,‘World has accepted our victory’: Iran’s President Pezeshkian as Hormuz remains closed,-0.1,Neutral
"Fri, 21 Aug 2026 10:56:09 GMT",Unknown,US economic isolation tactic pushes Iran-Oman talks into crisis,0.18,Neutral
"Sat, 22 Aug 2026 07:00:00 GMT",Unknown,"Bandar Abbas, Iran’s Trade Hub on Hormuz Thrust to Frontline of US War",0.0,Neutral
"Sun, 23 Aug 2026 07:00:00 GMT",Unknown,"Fewer than 20 ships transit key Strait of Hormuz over weekend, data shows",0.0,Neutral
"Sun, 23 Aug 2026 07:00:00 GMT",Unknown,Questions rise as US claims deeper control of Strait of Hormuz,0.0,Neutral
"Sun, 23 Aug 2026 07:00:00 GMT",Unknown,U.S. to unveil 'greatest financial offensive' against Iran as Tehran threatens ship seizures,0.32,Positive
"Sun, 23 Aug 2026 07:00:00 GMT",Unknown,"Iran war could last deep into 2027 as the Strait of Hormuz isn't that closed, allowing more oil out",0.1,Neutral
"Sun, 23 Aug 2026 07:00:00 GMT",Unknown,"Trump claims Hormuz on Truth Social, Rezaei says 'shut until US changes'",0.03,Neutral
"Sun, 23 Aug 2026 07:00:00 GMT",Unknown,Iranian parliamentary committee approves fees on ships using Strait of Hormuz,0.0,Neutral
"Sun, 23 Aug 2026 07:00:00 GMT",Unknown,"Iran Publishes Vessel Blacklist for Strait of Hormuz, Warns of Seizure",0.0,Neutral
"Sun, 23 Aug 2026 07:00:00 GMT",Unknown,Hormuz crisis hides a deeper oil threat that could outlast the war,0.0,Neutral
"Sun, 23 Aug 2026 07:00:00 GMT",Unknown,"Iran faces massive new triple-threat as Hormuz begins to open, cash gets tight and pols call to end the war",-0.01,Neutral
"Sun, 23 Aug 2026 07:00:00 GMT",Unknown,"Trump Shares Map Of Strait Of Hormuz As ""New US Territory"", Again",0.14,Neutral
"Sun, 23 Aug 2026 07:00:00 GMT",Unknown,Donald Trump shares image calling Hormuz 'new US territory'; Iran says strait 'closed',0.02,Neutral
"Sun, 23 Aug 2026 07:00:00 GMT",Unknown,Iran has created a blacklist of vessels for the Strait of Hormuz and threatened them with arrests,0.0,Neutral
"Sun, 23 Aug 2026 07:00:00 GMT",Unknown,Strait of Hormuz maritime traffic spikes as US military escorts oil tankers,-0.1,Neutral
"Sun, 23 Aug 2026 07:00:00 GMT",Unknown,ECB's Cipollone sees stagflation risk from Hormuz crisis as remote,-0.1,Neutral
"Sun, 23 Aug 2026 07:00:00 GMT",Unknown,Great Hormuz escape: 80% of traffic goes ‘dark’ as US flips Iran’s playbook,0.33,Positive
"Sun, 23 Aug 2026 07:00:00 GMT",Unknown,Can Iran retaliate against countries that join US ‘economic war’?,0.2,Neutral
"Sun, 23 Aug 2026 07:00:00 GMT",Unknown,Around 40 tankers reportedly crossed Hormuz on Friday: Axios,0.0,Neutral
"Sun, 23 Aug 2026 07:00:00 GMT",Unknown,Iran warns against US economic pressure as Hormuz diplomacy continues,0.2,Neutral
"Sun, 23 Aug 2026 07:00:00 GMT",Unknown,Global oil inventories on the decline again amid Hormuz stalemate,0.0,Neutral
"Sat, 22 Aug 2026 07:32:01 GMT",Unknown,"US Navy moved 15M barrels of oil through Hormuz in 1 day, US energy chief says",0.0,Neutral
"Sun, 23 Aug 2026 07:00:00 GMT",Unknown,Iran’s Hormuz fee plan: A sign of regime under growing fiscal strain,0.0,Neutral
"Sat, 22 Aug 2026 20:04:53 GMT",Unknown,Strait of Hormuz Will Remain Closed Until the U.S. Changes Its Conduct,-0.1,Neutral
"Sun, 23 Aug 2026 07:00:00 GMT",Unknown,"Trump posts map claiming Strait of Hormuz as ""new US territory""",0.14,Neutral
"Sun, 23 Aug 2026 06:47:59 GMT",Unknown,Five ships hit by Iranian projectiles in the Strait of Hormuz,0.0,Neutral
"Sun, 23 Aug 2026 07:00:00 GMT",Unknown,"Iran warns of fines, seizures for ships violating Hormuz transit rules",-0.05,Neutral
"Sun, 23 Aug 2026 07:00:00 GMT",Unknown,Five ships hit by Iranian projectiles in Hormuz last week,0.03,Neutral
"Sat, 22 Aug 2026 09:37:09 GMT",Unknown,Iran grants several Iraqi tankers special passage through Hormuz,0.18,Neutral
"Sun, 23 Aug 2026 07:00:00 GMT",Unknown,Iran's Latest Hormuz Threat Meets a Bond Market Already Near Breaking Point,0.3,Positive
"Sun, 23 Aug 2026 07:00:00 GMT",Unknown,"US could probe China firm aiding Iran’s Hormuz toll scheme, expert says",-0.2,Neutral
"Sun, 23 Aug 2026 07:00:00 GMT",Unknown,"Iran official says support for new sanctions would be an 'act of war,' and other Middle East news",0.07,Neutral
"Sun, 23 Aug 2026 07:00:00 GMT",Unknown,Trump’s ‘Economic D-Day’ vs Iran’s Oil Chokehold: Who Blinks First at Hormuz?,0.18,Neutral
"Sun, 23 Aug 2026 07:00:00 GMT",Unknown,Trump again claims Hormuz as 'new US territory' as top Iranian general slams America of 'betraying negotiations',0.23,Positive
"Sun, 23 Aug 2026 07:00:00 GMT",Unknown,Iran Unleashed,0.0,Neutral
"Sun, 23 Aug 2026 07:00:00 GMT",Unknown,Deadly version of the Battleships game is playing out in Hormuz: Who will win?,0.07,Neutral
"Sat, 22 Aug 2026 12:16:58 GMT",Unknown,Strait of Hormuz remains closed as Iran demands US concessions,-0.1,Neutral
"Sun, 23 Aug 2026 07:00:00 GMT",Unknown,Iran condemns looming US sanctions as Hormuz standoff deepens,0.0,Neutral
"Sun, 23 Aug 2026 07:00:00 GMT",Unknown,Amidi says Iraq exploring with Iran ‘flexibility’ in Hormuz oil exportation,0.0,Neutral
"Sun, 23 Aug 2026 07:00:00 GMT",Unknown,Iran threatens fines and seizure for ships violating Hormuz transit rules,0.0,Neutral
"Sun, 23 Aug 2026 07:00:00 GMT",Unknown,Iran warns neighbours against joining U.S. sanctions as Hormuz stays closed,-0.1,Neutral
"Sun, 23 Aug 2026 07:00:00 GMT",Unknown,PAME: On the Death of a Seafarer in the Strait of Hormuz: Their War Means Coffins for the Working Class and Untold Profits for Capital,0.0,Neutral
"Sat, 22 Aug 2026 18:58:08 GMT",Unknown,Iran Allows Iraqi Oil Tankers Through Hormuz After Baghdad Request,0.0,Neutral
"Sun, 23 Aug 2026 07:00:00 GMT",Unknown,Iran war: Top US lawmaker says Republicans can ‘absolutely’ win midterms,0.65,Positive
"Sun, 23 Aug 2026 07:00:00 GMT",Unknown,Iran live updates: Iran officials push back against Trump's 'economic D-Day' threat,0.11,Neutral
"Sun, 23 Aug 2026 07:00:00 GMT",Unknown,Iran’s Mohsen Rezaei Warns Countries Joining Trump’s Economic War With Seismic Reprisals: 51 outlets compared,0.2,Neutral
"Sun, 23 Aug 2026 07:00:00 GMT",Unknown,"Trump Declares Strait Of Hormuz 'New US Territory', Shares Map To Claim Crucial Oil Route",0.07,Neutral
"Sun, 23 Aug 2026 07:00:00 GMT",Unknown,President Trump sees Strait of Hormuz as 'American territory',0.0,Neutral
"Sun, 23 Aug 2026 03:44:52 GMT",Unknown,Trump Shares Map of Hormuz as New US Territory,0.14,Neutral
"Sun, 23 Aug 2026 07:00:00 GMT",Unknown,"Weekend Hormuz traffic thins to fewer than 20 vessels, Kpler data shows",0.0,Neutral
"Sun, 23 Aug 2026 07:00:00 GMT",Unknown,"Strait of Hormuz remains closed until US changes behavior, official says",-0.07,Neutral
"Sat, 22 Aug 2026 14:30:00 GMT",Unknown,40 oil tankers said to have crossed Hormuz on Friday,0.0,Neutral
"Sun, 23 Aug 2026 07:00:00 GMT",Unknown,Oil Prices Dip as Iran Threatens Strait of Hormuz; Gas Prices Remain Elevated,0.0,Neutral
"Sat, 22 Aug 2026 14:09:34 GMT",Unknown,Saudi Crown Prince visits France to sign deals and discuss Strait of Hormuz,0.0,Neutral
"Sun, 23 Aug 2026 00:39:33 GMT",Unknown,"Iran wants end to 'no war, no peace' situation, rejects concessions: Pezeshkian",0.2,Neutral
"Mon, 24 Aug 2026 07:00:00 GMT",Unknown,Global food supply has become ‘collateral damage’ in conflicts: Secretary-General,0.0,Neutral
"Mon, 24 Aug 2026 07:00:00 GMT",Unknown,"Iran threatens 45 tankers with fines, confiscation in Hormuz escalation",0.0,Neutral
"Mon, 24 Aug 2026 07:00:00 GMT",Unknown,U.S. Says Oil Is Pouring Through Hormuz. Trackers Can’t Find It.,0.0,Neutral
"Mon, 24 Aug 2026 07:00:00 GMT",Unknown,Opinion | Let Iran Control the Strait of Hormuz,0.14,Neutral
"Mon, 24 Aug 2026 07:00:00 GMT",Unknown,Iran threatens 46 ships in Strait of Hormuz transit crackdown,0.0,Neutral
"Mon, 24 Aug 2026 07:00:00 GMT",Unknown,"Shipping Oil Through Hormuz Costs $20 Million, Total CEO Says",0.0,Neutral
"Mon, 24 Aug 2026 07:00:00 GMT",Unknown,China and Jordan call for Strait of Hormuz to get back to normal,0.07,Neutral
"Mon, 24 Aug 2026 07:00:00 GMT",Unknown,Iran advances plan to charge ships fees in Strait of Hormuz,0.0,Neutral
"Mon, 24 Aug 2026 07:00:00 GMT",Unknown,Tanker Hit and Disabled Near Strait of Hormuz,-0.05,Neutral
"Mon, 24 Aug 2026 07:00:00 GMT",Unknown,COMMENTARY: The Hormuz crude volume debate masks the real shortage of refined fuels,-0.25,Negative
"Mon, 24 Aug 2026 07:00:00 GMT",Unknown,"TotalEnergies profitably moving heavily discounted oil through Strait of Hormuz, says CEO",-0.2,Neutral
"Mon, 24 Aug 2026 07:00:00 GMT",Unknown,Hormuz Tanker Traffic Slumps as U.S. and Iran Trade Threats,-0.7,Negative
"Mon, 24 Aug 2026 07:00:00 GMT",Unknown,Iran Blacklists 46 Ships On Hormuz ‘Non-Compliant’ List,0.0,Neutral
"Mon, 24 Aug 2026 07:00:00 GMT",Unknown,"Iran warns that ships violating Hormuz transit rules risk detention, seizure",0.0,Neutral
"Mon, 24 Aug 2026 07:00:00 GMT",Unknown,Today’s Strait of Hormuz Mystery: Where Did the Oil Go?,0.0,Neutral
"Mon, 24 Aug 2026 07:00:00 GMT",Unknown,The Silent Threat : Overlooked Radiological Risk in the Red Sea and the Strait of Hormuz,-0.02,Neutral
"Mon, 24 Aug 2026 07:00:00 GMT",Unknown,TotalEnergies Backs Two Major Oil Pipelines to Bypass Hormuz,-0.19,Neutral
"Mon, 24 Aug 2026 07:00:00 GMT",Unknown,"Black Sea, drought and Hormuz crises squeeze global food security",-0.08,Neutral
"Mon, 24 Aug 2026 07:00:00 GMT",Unknown,Hormuz Oil Flows Are Going Strong as War Drags On,0.43,Positive
"Mon, 24 Aug 2026 07:00:00 GMT",Unknown,What Happens Next After the Expiration of the Hormuz MoU?,0.0,Neutral
"Mon, 24 Aug 2026 07:00:00 GMT",Unknown,"Iran blacklists 45 tankers in Strait of Hormuz, threatens to fine and confiscate cargo",0.42,Positive
"Mon, 24 Aug 2026 07:00:00 GMT",Unknown,"Projectile strikes, disables tanker near Strait of Hormuz",0.1,Neutral
"Mon, 24 Aug 2026 07:00:00 GMT",Unknown,How much oil is flowing through Hormuz?,0.2,Neutral
"Mon, 24 Aug 2026 07:00:00 GMT",Unknown,Yemen’s Houthis report attack on Saudi oil tanker in Red Sea,0.0,Neutral
"Mon, 24 Aug 2026 07:00:00 GMT",Unknown,Could Hormuz Recovery Reprice Oil Before an Iran Settlement?,0.0,Neutral
"Mon, 24 Aug 2026 07:00:00 GMT",Unknown,Iran Blacklists 45 Tankers as Hormuz Standoff Escalates,-0.7,Negative
"Mon, 24 Aug 2026 04:29:44 GMT",Unknown,The battle for Hormuz is a test of wills,0.0,Neutral
"Mon, 24 Aug 2026 07:00:00 GMT",Unknown,TotalEnergies Navigates Hormuz Crisis with Discounted Oil and Strong Trading Economics,0.43,Positive
"Mon, 24 Aug 2026 07:00:00 GMT",Unknown,Oil drops more than $2 despite new US sanctions on Iran,0.32,Positive
"Mon, 24 Aug 2026 07:00:00 GMT",Unknown,"Insurance shows Hormuz is a balance sheet, not just a battlefield",0.0,Neutral
"Mon, 24 Aug 2026 07:00:00 GMT",Unknown,Two Solutions for the Strait of Hormuz Straitjacket,0.0,Neutral
"Mon, 24 Aug 2026 07:00:00 GMT",Unknown,IEA Warns of Lasting Energy Market Changes After Hormuz Disruptions,0.0,Neutral
"Mon, 24 Aug 2026 07:00:00 GMT",Unknown,Editorial: The US is having success in the Strait of Hormuz,0.3,Positive
"Sun, 23 Aug 2026 12:41:00 GMT",Unknown,Trump on Strait of Hormuz,0.0,Neutral
"Mon, 24 Aug 2026 07:00:00 GMT",Unknown,"Iran warns vessels of fines, detention for violating Strait of Hormuz rules",0.0,Neutral
"Mon, 24 Aug 2026 07:00:00 GMT",Unknown,TotalEnergies CEO Just Exposed the $10 Secret That Makes the Hormuz Oil Panic Look Overblown,-0.4,Negative
"Mon, 24 Aug 2026 07:00:00 GMT",Unknown,Iran threatens 45 blacklisted ships with seizure and fines,0.0,Neutral
"Mon, 24 Aug 2026 07:00:00 GMT",Unknown,"Trump was warned an Iran war could spiral. Six months later, it has",0.0,Neutral
"Mon, 24 Aug 2026 07:00:00 GMT",Unknown,After Hormuz: A Possible Geography of Mideast Violence To Come,0.0,Neutral
"Mon, 24 Aug 2026 07:00:00 GMT",Unknown,TotalEnergies says profitably moving heavily discounted oil through Strait of Hormuz (TTE:NYSE),-0.2,Neutral
"Mon, 24 Aug 2026 07:00:00 GMT",Unknown,Tehran Warns Violating Vessels Face Seizure in Hormuz,0.0,Neutral
"Mon, 24 Aug 2026 07:00:00 GMT",Unknown,US having success in Strait of Hormuz | Las Vegas Review-Journal,0.3,Positive
"Sun, 23 Aug 2026 17:09:00 GMT",Unknown,Trump on Hormuz-American Territory,0.0,Neutral
"Mon, 24 Aug 2026 02:18:38 GMT",Unknown,Iran Boomerang: How Trump’s Sanctions Could Swing Back Through Hormuz,0.0,Neutral
"Mon, 24 Aug 2026 07:00:00 GMT",Unknown,Oil Steadies as US Plan Offers Little Clarity on Hormuz Deadlock,-0.04,Neutral
"Mon, 24 Aug 2026 07:00:00 GMT",Unknown,US warns of ‘economic D-Day’ for Iran as defiant Tehran set to hold talks with Oman on Hormuz,0.2,Neutral
"Mon, 24 Aug 2026 06:23:06 GMT",Unknown,Oman's top diplomat to visit Tehran for talks on Strait of Hormuz,0.5,Positive
"Sun, 23 Aug 2026 17:49:00 GMT",Unknown,Pres. Trump: 'I view the Strait of Hormuz as an American territory',0.0,Neutral
"Mon, 24 Aug 2026 07:00:00 GMT",Unknown,Iran Approves Service Fees For ‘Authorised’ Ships Transiting Strait Of Hormuz,0.0,Neutral
"Mon, 24 Aug 2026 07:00:00 GMT",Unknown,Strait of Hormuz tensions escalate as US unveils crushing new Iran sanctions,0.27,Positive
"Mon, 24 Aug 2026 07:00:00 GMT",Unknown,"French president, Saudi crown prince oppose any navigation fee in Strait of Hormuz",0.0,Neutral
"Mon, 24 Aug 2026 07:00:00 GMT",Unknown,"‘Most expensive in years’: Iran war, Hormuz closure forces India to pay high prices for LNG",0.05,Neutral
"Mon, 24 Aug 2026 07:00:00 GMT",Unknown,Iran blacklists 45 tankers over Strait of Hormuz rules amid fresh US sanctions threat,0.3,Positive
"Mon, 24 Aug 2026 07:00:00 GMT",Unknown,Gen Keane sounds off on Iran’s threat to seize ships in Strait of Hormuz,0.0,Neutral
"Mon, 24 Aug 2026 07:00:00 GMT",Unknown,Kpler's Matt Smith on how much oil is getting out of the Strait of Hormuz,0.2,Neutral
"Mon, 24 Aug 2026 07:00:00 GMT",Unknown,"U.S. oil, LNG from Hormuz and the effectiveness of GW Carrier Strike Group",0.0,Neutral
"Mon, 24 Aug 2026 07:00:00 GMT",Unknown,"Six months into Iran war, Hormuz traffic way down, sailors stranded",-0.16,Neutral
"Mon, 24 Aug 2026 07:00:00 GMT",Unknown,"Tracking firm says fewer than 20 ships transited Hormuz over weekend, though figure could rise as some switched their transponders off",-0.2,Neutral
"Mon, 24 Aug 2026 07:00:00 GMT",Unknown,US enters Iran 'endgame' with 'Economic D-Day' as Tehran moves for Hormuz fees,0.2,Neutral
"Mon, 24 Aug 2026 07:00:00 GMT",Unknown,"Top Oman diplomat due in Tehran for talks on Hormuz, Iran says",0.19,Neutral
"Mon, 24 Aug 2026 07:00:00 GMT",Unknown,Strait of Hormuz Traffic Falls Below 20 Ships Over Weekend Amid US-Iranian Blockades,0.0,Neutral
"Mon, 24 Aug 2026 07:00:00 GMT",Unknown,"Iran threatens 45 tankers with fines, confiscation as Hormuz standoff escalates (USO:NYSEARCA)",0.0,Neutral
"Mon, 24 Aug 2026 07:00:00 GMT",Unknown,Oil Prices Retreat as Iraqi Tanker Passage Through Hormuz Eases Supply Fears,0.0,Neutral
"Mon, 24 Aug 2026 07:00:00 GMT",Unknown,Washington to impose tougher Iran sanctions as Hormuz shipping declines,0.0,Neutral
"Mon, 24 Aug 2026 07:00:00 GMT",Unknown,"Rare crude tenders from Iraq's SOMO, QatarEnergy require Hormuz loading",-0.2,Neutral
"Mon, 24 Aug 2026 07:00:00 GMT",Unknown,Crude Prices Fall as Oil Supplies Move Through the Strait of Hormuz,-0.7,Negative
"Mon, 24 Aug 2026 07:00:00 GMT",Unknown,Oil falls 1.8% as traders await 'toughest' sanctions on Iran,0.0,Neutral
"Mon, 24 Aug 2026 07:00:00 GMT",Unknown,Shafaq News..Hegseth warns US could use force against Iran over Hormuz,0.0,Neutral
"Mon, 24 Aug 2026 07:00:00 GMT",Unknown,Crude Prices Sharply Lower as Oil Supplies Move Through Strait of Hormuz,-0.41,Negative
"Mon, 24 Aug 2026 07:00:00 GMT",Unknown,UN offers to facilitate fertilizer transit through Strait of Hormuz,0.1,Neutral
"Mon, 24 Aug 2026 07:00:00 GMT",Unknown,"US not ruling out military force in Strait of Hormuz, Hegseth says",-0.07,Neutral
"Mon, 24 Aug 2026 07:00:00 GMT",Unknown,Oman FM to Visit Iran to Discuss Hormuz Strait,0.0,Neutral
"Mon, 24 Aug 2026 07:00:00 GMT",Unknown,"Iran mocks US sanctions push, calls it an ‘admission of failure’",-0.32,Negative
"Mon, 24 Aug 2026 07:00:00 GMT",Unknown,"Iran Warns Vessels Of Fines, Detention And Confiscation For Violating Strait Of Hormuz Transit Rules",0.0,Neutral
"Mon, 24 Aug 2026 07:00:00 GMT",Unknown,PSCE: As Hormuz Remains Closed; More Upside In Sight (NASDAQ:PSCE),0.2,Neutral
"Tue, 25 Aug 2026 07:00:00 GMT",Unknown,Iran and Oman hold talks on managing the Strait of Hormuz and other news from around the Middle East,-0.06,Neutral
"Tue, 25 Aug 2026 07:00:00 GMT",Unknown,Trump: Mines fully removed from Strait of Hormuz,0.0,Neutral
"Tue, 25 Aug 2026 07:00:00 GMT",Unknown,Iran and Oman discuss joint shipping route in Strait of Hormuz and mine clearing mission,0.0,Neutral
"Tue, 25 Aug 2026 07:00:00 GMT",Unknown,"Iran, Oman discuss temporary shipping lane through Strait of Hormuz",0.0,Neutral
"Tue, 25 Aug 2026 07:00:00 GMT",Unknown,"Trump says Strait of Hormuz demined, warns of ‘zero tolerance’ for new mines",0.14,Neutral
"Tue, 25 Aug 2026 07:00:00 GMT",Unknown,"Iran, Oman reach agreement to temporarily reopen Strait of Hormuz as negotiations continue",0.0,Neutral
"Tue, 25 Aug 2026 07:00:00 GMT",Unknown,Tehran conveys conditions on Hormuz Strait to US via Pakistan: Iranian media,0.0,Neutral
"Tue, 25 Aug 2026 07:00:00 GMT",Unknown,"US offers Iran sanctions relief in exchange for opening Hormuz, halting attacks",0.1,Neutral
"Tue, 25 Aug 2026 07:00:00 GMT",Unknown,"Trump says Strait of Hormuz has been demined, warns Iran not to plant more",0.5,Positive
"Tue, 25 Aug 2026 07:00:00 GMT",Unknown,Oil prices little changed after Iran says deal reached with Oman to share revenue from Hormuz,-0.19,Neutral
"Tue, 25 Aug 2026 07:00:00 GMT",Unknown,Iran and Oman edge towards deal on Strait of Hormuz,0.0,Neutral
"Tue, 25 Aug 2026 07:00:00 GMT",Unknown,"Strait of Hormuz cleared of all mines, Donald Trump says citing US Navy",0.0,Neutral
"Tue, 25 Aug 2026 07:00:00 GMT",Unknown,Iran’s Strait of Hormuz leverage is fading as global oil keeps flowing,0.0,Neutral
"Tue, 25 Aug 2026 07:00:00 GMT",Unknown,Hormuz oil tanker hit in US-protected route — as Iran vows retaliation,0.0,Neutral
"Tue, 25 Aug 2026 07:00:00 GMT",Unknown,Rethinking the Hormuz Toll Debate: Can Coastal States Monetize Maritime Security?,0.0,Neutral
"Tue, 25 Aug 2026 07:00:00 GMT",Unknown,Can Trump's economic war against Iran do what airstrikes and negotiations couldn't?,0.2,Neutral
"Tue, 25 Aug 2026 07:00:00 GMT",Unknown,Tanker attacked in Strait of Hormuz as Pakistan holds talks with Iran to end war,0.0,Neutral
"Tue, 25 Aug 2026 07:00:00 GMT",Unknown,Rubio tells allies U.S. shifting from strikes to sanctions on Iran,0.0,Neutral
"Tue, 25 Aug 2026 07:00:00 GMT",Unknown,"Iran, Oman Push Talks for ‘Interim’ Reopening of Hormuz",0.0,Neutral
"Tue, 25 Aug 2026 07:00:00 GMT",Unknown,"Iran and Oman Still Working on Strait of Hormuz Accord, Says Senior Iranian Source",0.0,Neutral
"Tue, 25 Aug 2026 07:00:00 GMT",Unknown,"Commodity Vessel Transits Through Strait of Hormuz Hit Three-Month Low, Data Shows",0.0,Neutral
"Tue, 25 Aug 2026 07:00:00 GMT",Unknown,"Gabbard warned Donald Trump an Iran attack could close Hormuz, endanger US forces",0.0,Neutral
"Tue, 25 Aug 2026 07:00:00 GMT",Unknown,India's Crude Import Bill Surges as Hormuz Shipping Rates Soar,-0.7,Negative
"Tue, 25 Aug 2026 07:00:00 GMT",Unknown,Watch Oil Analysis: How the World and Energy Markets Adapted to the Strait of Hormuz Crisis,0.0,Neutral
"Tue, 25 Aug 2026 07:00:00 GMT",Unknown,Iran updates: Trump says Strait of Hormuz has been demined,0.0,Neutral
"Tue, 25 Aug 2026 07:00:00 GMT",Unknown,Greek-owned tanker struck in Hormuz strait; crew reported safe,0.5,Positive
"Tue, 25 Aug 2026 07:00:00 GMT",Unknown,Ship disabled by attack in Strait of Hormuz and other news from around the Middle East,-0.09,Neutral
"Tue, 25 Aug 2026 07:00:00 GMT",Unknown,"Trump says Hormuz mines cleared, warns Iran against planting more",0.5,Positive
"Mon, 24 Aug 2026 17:03:58 GMT",Unknown,Trump Urged to Surrender Quickly in Hormuz Before Success Becomes an Option,0.32,Positive
"Tue, 25 Aug 2026 07:00:00 GMT",Unknown,Omani FM says shipping route through Hormuz Strait may soon be announced,0.0,Neutral
"Tue, 25 Aug 2026 07:00:00 GMT",Unknown,OFAC warns Hormuz compliance alone may breach Iran sanctions,0.0,Neutral
"Tue, 25 Aug 2026 07:00:00 GMT",Unknown,Iran and Oman are negotiating a joint shipping corridor through the Strait of Hormuz,0.0,Neutral
"Tue, 25 Aug 2026 07:00:00 GMT",Unknown,"Temporary Hormuz shipping corridor could be announced soon, Oman says",0.0,Neutral
"Tue, 25 Aug 2026 07:00:00 GMT",Unknown,US and Iran clash over Strait of Hormuz control as economic pressure mounts,0.2,Neutral
"Tue, 25 Aug 2026 07:00:00 GMT",Unknown,Oil down on Strait of Hormuz traffic talks,-0.16,Neutral
"Tue, 25 Aug 2026 07:00:00 GMT",Unknown,"Iran knows US controls the Strait of Hormuz, must turn over nukes: Secretary Hegseth",0.0,Neutral
"Tue, 25 Aug 2026 07:00:00 GMT",Unknown,A New Sanctions Landscape in the Middle East,0.07,Neutral
"Tue, 25 Aug 2026 07:00:00 GMT",Unknown,Oil prices fall $2 on Iran-Oman talks to reopen Strait of Hormuz,0.4,Positive
"Tue, 25 Aug 2026 07:00:00 GMT",Unknown,Iran Conveys Hormuz Conditions to Pakistan: Source,0.0,Neutral
"Tue, 25 Aug 2026 07:00:00 GMT",Unknown,"Very skeptical on Oman-Iran deal regarding the Strait of Hormuz, says Energy Aspects' Amrita Sen",-0.65,Negative
"Tue, 25 Aug 2026 07:00:00 GMT",Unknown,"Oil Extends Declines as Iran, Oman Push Talks to Reopen Hormuz",0.0,Neutral
"Tue, 25 Aug 2026 07:00:00 GMT",Unknown,"20 dead in 68 incidents near Hormuz over six months of war, maritime agency says",-0.05,Neutral
"Tue, 25 Aug 2026 07:00:00 GMT",Unknown,Trump says all mines cleared from Strait of Hormuz,0.0,Neutral
"Tue, 25 Aug 2026 07:00:00 GMT",Unknown,Iran’s costly road around Hormuz,0.0,Neutral
"Tue, 25 Aug 2026 07:00:00 GMT",Unknown,"Iran, Oman Push Talks for ‘Interim’ Reopening of Hormuz Strait",0.0,Neutral
"Tue, 25 Aug 2026 07:00:00 GMT",Unknown,"Trump says Strait of Hormuz cleared of mines, warns Iran of ‘zero tolerance’",0.0,Neutral
"Tue, 25 Aug 2026 07:00:00 GMT",Unknown,"Pakistan, Iran explore reopening Strait of Hormuz, easing West Asia tensions",0.0,Neutral
"Tue, 25 Aug 2026 07:00:00 GMT",Unknown,Trump Touts Milestone in the Strait of Hormuz,0.0,Neutral
"Tue, 25 Aug 2026 07:00:00 GMT",Unknown,"Oil prices add to losses as Iran, Oman in talks to temporarily reopen Strait of Hormuz",0.0,Neutral
"Tue, 25 Aug 2026 07:00:00 GMT",Unknown,Trump again says Strait of Hormuz cleared of mines,0.0,Neutral
"Tue, 25 Aug 2026 07:00:00 GMT",Unknown,US Navy tells Trump that all mines in Strait of Hormuz have been removed,0.0,Neutral
"Tue, 25 Aug 2026 07:00:00 GMT",Unknown,"Oil drops more than 3% as U.S. shifts to economic pressure on Iran, easing fears of renewed war",0.35,Positive
"Tue, 25 Aug 2026 07:00:00 GMT",Unknown,"US intelligence warned Trump of Hormuz closure, wider regional fallout before Iran war",0.0,Neutral
"Tue, 25 Aug 2026 07:00:00 GMT",Unknown,"Six months of war with Iran: Tension in the strait of Hormuz, economic pressure and markets watching oil prices",0.2,Neutral
"Tue, 25 Aug 2026 07:00:00 GMT",Unknown,UN urges ‘confidence-building mechanism’ to keep Hormuz trade moving,0.0,Neutral
"Tue, 25 Aug 2026 07:00:00 GMT",Unknown,"As war strands Qatari gas for 6 months, US sales rise and European stocks plummet",0.0,Neutral
"Tue, 25 Aug 2026 07:00:00 GMT",Unknown,Kpler: The market has stopped waiting for full reopening of Strait of Hormuz,0.35,Positive
"Tue, 25 Aug 2026 07:00:00 GMT",Unknown,Trump says all mines cleared from Strait of Hormuz waters,0.0,Neutral
"Tue, 25 Aug 2026 07:00:00 GMT",Unknown,"Iran seeks return to June MoU with US, sets conditions for Strait of Hormuz",0.0,Neutral
"Tue, 25 Aug 2026 07:00:00 GMT",Unknown,"Trump Says Strait of Hormuz Has Been Demined, Warns Iran Not to Plant More",0.33,Positive
"Tue, 25 Aug 2026 07:00:00 GMT",Unknown,"Prospect Of Iran And Oman Co-Managing Hormuz Pleases Traders, Oil Plummets Almost 4%",0.0,Neutral
"Tue, 25 Aug 2026 06:34:00 GMT",Unknown,How the World Adapted to the Strait of Hormuz Crisis,0.0,Neutral
"Tue, 25 Aug 2026 07:00:00 GMT",Unknown,"The Strait of Hormuz has been the main focus of the six-month war between Iran and the US and Israel, with many commercial vessels targeted in the vital conduit for oil and gas shipments. I via ANC 24/7 Link to full story in the comments section.",0.22,Positive
"Tue, 25 Aug 2026 07:00:00 GMT",Unknown,Oman Signals Progress on Hormuz Shipping Corridor Agreement,0.0,Neutral
"Tue, 25 Aug 2026 07:00:00 GMT",Unknown,Video. Qatar pushes to revive US-Iran talks and reopen Hormuz,0.0,Neutral
"Tue, 25 Aug 2026 07:00:00 GMT",Unknown,middle-east-iran-israel-hormuz-pakistan-august-25-2026: Latest Updates,0.5,Positive
"Tue, 25 Aug 2026 02:54:15 GMT",Unknown,Commodity vessel traffic through Strait of Hormuz falls to three-month low,0.0,Neutral
"Tue, 25 Aug 2026 07:00:00 GMT",Unknown,The US is learning the wrong lessons in Iran,-0.5,Negative
"Tue, 25 Aug 2026 07:00:00 GMT",Unknown,"Natural Gas, WTI Oil, Brent Oil Forecasts – Oil Retreats As Trump Says U.S. Removed All Mines From Hormuz",0.1,Neutral
"Tue, 25 Aug 2026 07:00:00 GMT",Unknown,Let Iran Control The Strait Of Hormuz? Why One Expert Thinks That's The Right Move,0.29,Positive
"Tue, 25 Aug 2026 07:00:00 GMT",Unknown,"Iran, Oman say discussed Hormuz temporary corridor, mine-clearing",0.0,Neutral
"Tue, 25 Aug 2026 07:00:00 GMT",Unknown,"US official says Strait of Hormuz open, all mines removed",0.0,Neutral
"Tue, 25 Aug 2026 07:00:00 GMT",Unknown,Qatar pushes to revive US-Iran talks and reopen Hormuz,0.0,Neutral
"Tue, 25 Aug 2026 07:00:00 GMT",Unknown,"Oman, Iran propose temporary shipping lane through Strait of Hormuz – statement",0.0,Neutral
"Tue, 25 Aug 2026 07:00:00 GMT",Unknown,Iran and Oman push talks for ‘interim’ reopening of Hormuz — Bloomberg,0.0,Neutral
"Tue, 25 Aug 2026 07:00:00 GMT",Unknown,"Ship disabled by attack in Strait of Hormuz, and other news from around the Middle East",-0.11,Neutral
"Tue, 25 Aug 2026 07:00:00 GMT",Unknown,"Oil Falls Near 3% as Iran, Oman Restart Hormuz Corridor Talks",0.1,Neutral
"Tue, 25 Aug 2026 07:00:00 GMT",Unknown,Military Activity In Hormuz Remains Subdued As U.S. Maintains Economic Pressure On Iran. Oil Drops Again.,0.04,Neutral
"Tue, 25 Aug 2026 07:00:00 GMT",Unknown,Trump: All mines in Strait of Hormuz removed,0.0,Neutral
"Tue, 25 Aug 2026 07:00:00 GMT",Unknown,Trump: We’ve cleared all mines in Strait of Hormuz,0.0,Neutral
"Wed, 26 Aug 2026 07:00:00 GMT",Unknown,Iran says the U.S. is standing in the way of Hormuz deal amid talks with Oman,0.0,Neutral
"Wed, 26 Aug 2026 07:00:00 GMT",Unknown,Why Hormuz remains high risk for ships despite US claims of mine-clearing,0.16,Neutral
"Wed, 26 Aug 2026 07:00:00 GMT",Unknown,New Tanker Strike in Hormuz as Iran Vows Retaliation for U.S. Economic Offensive,0.17,Neutral
"Wed, 26 Aug 2026 07:00:00 GMT",Unknown,Oil Prices Dip on News of Progress in Hormuz Talks,0.14,Neutral
"Wed, 26 Aug 2026 07:00:00 GMT",Unknown,"Iran and Oman still working on Strait of Hormuz accord, says senior Iranian source",0.0,Neutral
"Wed, 26 Aug 2026 07:00:00 GMT",Unknown,What the Hormuz crisis has cost fossil fuel importers — March to August 2026,0.37,Positive
"Wed, 26 Aug 2026 07:00:00 GMT",Unknown,Iran faces strait of Hormuz paradox as strategic value of chokehold erodes,0.0,Neutral
"Wed, 26 Aug 2026 07:00:00 GMT",Unknown,"Iran, Oman planning temporary corridor through Strait of Hormuz",0.0,Neutral
"Wed, 26 Aug 2026 07:00:00 GMT",Unknown,"Iran, Oman Agree to Share Strait of Hormuz Revenue, IRGC Says",0.0,Neutral
"Wed, 26 Aug 2026 07:00:00 GMT",Unknown,"Iran, Oman agree on temporary Hormuz route: What we know",0.0,Neutral
"Wed, 26 Aug 2026 07:00:00 GMT",Unknown,"Iran warns of military ship ban in Hormuz under potential deal with Oman, and other Middle East news",-0.06,Neutral
"Wed, 26 Aug 2026 07:00:00 GMT",Unknown,"Gulf ship traffic via Strait of Hormuz hovers below 10-day average, data shows",-0.15,Neutral
"Wed, 26 Aug 2026 07:00:00 GMT",Unknown,"Iran, Oman agree on new temporary route in Hormuz",0.14,Neutral
"Wed, 26 Aug 2026 07:00:00 GMT",Unknown,"Iran and Oman reach agreements on share of Hormuz and revenues, Revolutionary Guards say",0.0,Neutral
"Wed, 26 Aug 2026 07:00:00 GMT",Unknown,Oil settles down after choppy session as investors weigh Hormuz talks,-0.18,Neutral
"Wed, 26 Aug 2026 07:00:00 GMT",Unknown,Aramco offers more oil outside Hormuz with some cargoes heading to China,0.2,Neutral
"Wed, 26 Aug 2026 07:00:00 GMT",Unknown,Iran says Hormuz remains closed despite temporary route deal with Oman,-0.1,Neutral
"Wed, 26 Aug 2026 07:00:00 GMT",Unknown,US Allies Warn Hormuz Is Still Mined Despite Trump Claim,0.0,Neutral
"Wed, 26 Aug 2026 07:00:00 GMT",Unknown,Oil Prices Fall as Oman-Iran Talks Raise Hopes for Hormuz Reopening,0.0,Neutral
"Wed, 26 Aug 2026 07:00:00 GMT",Unknown,Kuwait and Qatar Add to Growing Oil Flows Getting Through Hormuz,0.0,Neutral
"Wed, 26 Aug 2026 07:00:00 GMT",Unknown,"Gaps remain between Iran, Oman on Strait of Hormuz deal",0.0,Neutral
"Wed, 26 Aug 2026 07:00:00 GMT",Unknown,"Six months into the Iran war, Hormuz is still shut — and now Tehran wants military ships excluded",0.05,Neutral
"Wed, 26 Aug 2026 07:00:00 GMT",Unknown,"Navigation, jurisdiction, costs: Iran, Oman attempt to hammer out Hormuz deal",0.0,Neutral
"Wed, 26 Aug 2026 07:00:00 GMT",Unknown,"Tanker Hit By ""Unknown Projectile"" in Strait of Hormuz",-0.1,Neutral
"Wed, 26 Aug 2026 07:00:00 GMT",Unknown,"Japan to diversify crude supplies, back pipelines that bypass Hormuz",-0.35,Negative
"Wed, 26 Aug 2026 07:00:00 GMT",Unknown,"Iran, Oman Agree to Share Strait of Hormuz Revenue",0.0,Neutral
"Wed, 26 Aug 2026 07:00:00 GMT",Unknown,Oil prices dip as cautious optimism over Iran trumps new fears of Russian escalation in Ukraine,0.07,Neutral
"Wed, 26 Aug 2026 07:00:00 GMT",Unknown,Hormuz Traffic Remains Depressed as Iran and Oman Weigh Temporary Corridor,-0.7,Negative
"Wed, 26 Aug 2026 07:00:00 GMT",Unknown,Iran warns of military ship ban in Strait of Hormuz under potential deal with Oman,-0.05,Neutral
"Wed, 26 Aug 2026 07:00:00 GMT",Unknown,Another tanker struck in Strait of Hormuz,0.0,Neutral
"Wed, 26 Aug 2026 07:00:00 GMT",Unknown,"Iran, Oman agree to share Strait of Hormuz revenue",0.0,Neutral
"Wed, 26 Aug 2026 07:00:00 GMT",Unknown,COMMENTARY: US-Iran war sinks into energy trench warfare six months on,-0.1,Neutral
"Wed, 26 Aug 2026 07:00:00 GMT",Unknown,Pakistan’s LNG Imports Under Pressure: Impacts of the Strait of Hormuz’s Closure and Pakistan’s Diplomatic Response,-0.05,Neutral
"Wed, 26 Aug 2026 07:00:00 GMT",Unknown,"Iran, Oman to share revenue from Strait of Hormuz deal, IRGC says",0.0,Neutral
"Wed, 26 Aug 2026 07:00:00 GMT",Unknown,Japan energy plan seeks to back pipelines bypassing Hormuz,0.0,Neutral
"Wed, 26 Aug 2026 07:00:00 GMT",Unknown,"Iran, Oman Agree to Temporary Strait of Hormuz Deal",-0.12,Neutral
"Wed, 26 Aug 2026 07:00:00 GMT",Unknown,"There’s a deal on the table to reopen the Strait of Hormuz, but Trump isn’t part of it—yet",0.0,Neutral
"Wed, 26 Aug 2026 07:00:00 GMT",Unknown,Trump says he believes Iran’s leader is still alive but 'seriously wounded',-0.12,Neutral
"Wed, 26 Aug 2026 07:00:00 GMT",Unknown,"Iran, Oman hammer out Hormuz revenue-sharing deal",0.0,Neutral
"Wed, 26 Aug 2026 07:00:00 GMT",Unknown,"Iran and Oman reach Hormuz deal, but reopening hinges on US compliance",0.0,Neutral
"Wed, 26 Aug 2026 07:00:00 GMT",Unknown,"Under Threat, Saudi Arabia Reroutes Oil Exports Yet Again",0.14,Neutral
"Wed, 26 Aug 2026 07:00:00 GMT",Unknown,Iran And Oman Agree To Share Revenues From Strait Of Hormuz,0.0,Neutral
"Wed, 26 Aug 2026 07:00:00 GMT",Unknown,Hormuz Strait to remain closed until US fulfills its commitments: IRGC,-0.1,Neutral
"Wed, 26 Aug 2026 07:00:00 GMT",Unknown,"Iran, Oman reach deal on Strait of Hormuz",0.0,Neutral
"Wed, 26 Aug 2026 07:00:00 GMT",Unknown,"Iran, Oman seek temporary deal for Strait of Hormuz",0.0,Neutral
"Wed, 26 Aug 2026 00:00:00 GMT",Unknown,Watch Iran and Oman Discuss Strait of Hormuz Deal | Daybreak Europe 8/26/2026,0.0,Neutral
"Wed, 26 Aug 2026 07:00:00 GMT",Unknown,"Iran Blacklists Indian, Pakistani Ships Among 45 For Hormuz ""Violations""",0.0,Neutral
"Wed, 26 Aug 2026 07:00:00 GMT",Unknown,Iran keeps Hormuz reopening on hold,0.0,Neutral
"Wed, 26 Aug 2026 07:00:00 GMT",Unknown,"The Strait of Hormuz is just one of many choke points being squeezed right now, says Jeff Currie",0.39,Positive
"Wed, 26 Aug 2026 07:00:00 GMT",Unknown,"Oman and Iran near Strait of Hormuz deal, but Tehran says US must act first",0.18,Neutral
"Wed, 26 Aug 2026 07:00:00 GMT",Unknown,"Iran Negotiates With Oman, Warns of Military Ship Ban in Strait of Hormuz",-0.1,Neutral
"Wed, 26 Aug 2026 06:49:35 GMT",Unknown,World stocks gain as oil slips on Hormuz hopes ahead of Nvidia results,0.4,Positive
"Wed, 26 Aug 2026 07:00:00 GMT",Unknown,Iran says the Strait of Hormuz stays closed until the U.S. meets its terms,-0.1,Neutral
"Wed, 26 Aug 2026 07:00:00 GMT",Unknown,The Shipping News Stars,0.0,Neutral
"Wed, 26 Aug 2026 07:00:00 GMT",Unknown,Oil prices extend slide as Iran and Oman eye temporary Hormuz deal,0.0,Neutral
"Wed, 26 Aug 2026 07:00:00 GMT",Unknown,Oil Prices Slide on Growing Hopes for Strait of Hormuz Reopening,0.0,Neutral
"Wed, 26 Aug 2026 07:00:00 GMT",Unknown,Iran and Oman near a temporary deal on the Strait of Hormuz,0.1,Neutral
"Wed, 26 Aug 2026 07:00:00 GMT",Unknown,Japan Energy Plan Seeks to Back Pipelines Bypassing Hormuz,0.0,Neutral
"Wed, 26 Aug 2026 07:00:00 GMT",Unknown,"Watch Strait of Hormuz Deal? Iran, Oman Discuss 'Interim' Reopening of Vital Shipping Corridor",0.1,Neutral
"Wed, 26 Aug 2026 07:00:00 GMT",Unknown,"Nowhere near normal in Strait of Hormuz flows, says RBC's Helima Croft",0.12,Neutral
"Wed, 26 Aug 2026 07:00:00 GMT",Unknown,Exxon Slips Below $159 as Hormuz Hope Hits Crude Again,-0.7,Negative
"Wed, 26 Aug 2026 07:00:00 GMT",Unknown,Trump warns Iran as Hormuz talks raise hopes,0.0,Neutral
"Wed, 26 Aug 2026 07:00:00 GMT",Unknown,"Iran, Oman Reach Revenue Deal on Strait of Hormuz",0.0,Neutral
"Wed, 26 Aug 2026 07:00:00 GMT",Unknown,Iran says new US sanctions will fail as Hormuz dispute continues,-0.18,Neutral
"Wed, 26 Aug 2026 07:00:00 GMT",Unknown,Nvidia earnings reaction stock prices Asia as Hormuz closed,-0.1,Neutral
"Wed, 26 Aug 2026 07:00:00 GMT",Unknown,Iran says Hormuz deal with Oman reached as Strait remains closed,-0.1,Neutral
"Wed, 26 Aug 2026 07:00:00 GMT",Unknown,"Iran says Hormuz deal reached with Oman, warns strait stays shut unless US accepts terms",0.0,Neutral
"Wed, 26 Aug 2026 07:00:00 GMT",Unknown,"Iran, Oman still negotiating Hormuz deal as Qatar joins mediation",0.0,Neutral
"Wed, 26 Aug 2026 07:00:00 GMT",Unknown,Trump claims that mines have been cleared in the Strait of Hormuz,0.0,Neutral
"Wed, 26 Aug 2026 07:00:00 GMT",Unknown,"Hormuz-Red Sea-Black Sea ‘triple chokepoint crisis’ pushes world toward mass famine, UN chiefs warn",0.0,Neutral
"Wed, 26 Aug 2026 05:24:04 GMT",Unknown,"Watch Iran, Oman Push Talks for ‘Interim’ Reopening of Hormuz",0.0,Neutral
"Wed, 26 Aug 2026 07:00:00 GMT",Unknown,"Tehran, Oman agree to share Strait of Hormuz revenues: IRGC",0.0,Neutral
"Wed, 26 Aug 2026 07:00:00 GMT",Unknown,EU countries face nearly €41bn in extra fossil fuel costs as Hormuz crisis exposes energy vulnerability,0.05,Neutral
"Wed, 26 Aug 2026 07:00:00 GMT",Unknown,"Oil Edges Lower as Traders Weigh Hormuz Talks, Russia Risk",0.0,Neutral
"Thu, 27 Aug 2026 07:00:00 GMT",Unknown,Qatari PM heads to Iran to 'de-escalate tensions' as tanker attack tests Trump’s Hormuz claim,0.0,Neutral
"Thu, 27 Aug 2026 07:00:00 GMT",Unknown,How a 95 percent drop in Hormuz traffic changed global shipping,0.0,Neutral
"Thu, 27 Aug 2026 07:00:00 GMT",Unknown,"Shipping traffic through Strait of Hormuz rises slightly, data shows",-0.17,Neutral
"Thu, 27 Aug 2026 07:00:00 GMT",Unknown,Iran and Oman move closer on 'future administration' of Strait of Hormuz. Tolls are in the mix.,0.0,Neutral
"Thu, 27 Aug 2026 07:00:00 GMT",Unknown,Centcom says Iranian sea mines cleared from Strait of Hormuz transit routes,0.0,Neutral
"Thu, 27 Aug 2026 07:00:00 GMT",Unknown,"Iran sets conditions for reopening Strait of Hormuz, top security official Rezaei says",0.5,Positive
"Thu, 27 Aug 2026 07:00:00 GMT",Unknown,Hormuz Oil Flows Rising as Gulf Giants’ Ramp Up Accelerates,0.0,Neutral
"Thu, 27 Aug 2026 07:00:00 GMT",Unknown,"Iran calls for global pushback against U.S. sanctions, says diplomacy 'isn't impossible'",-0.33,Negative
"Thu, 27 Aug 2026 07:00:00 GMT",Unknown,"Shipping traffic via Strait of Hormuz slips below 10-day average, data shows",-0.15,Neutral
"Thu, 27 Aug 2026 07:00:00 GMT",Unknown,Trump says the Strait of Hormuz is open. But traffic is nowhere near what it used to be.,0.05,Neutral
"Thu, 27 Aug 2026 07:00:00 GMT",Unknown,"Regional powers seek off-ramp from Iran war, and other Middle East developments",-0.06,Neutral
"Thu, 27 Aug 2026 07:00:00 GMT",Unknown,"Iran, Qatar hold Hormuz talks amid int’l hopes dialogue with US will resume",0.0,Neutral
"Thu, 27 Aug 2026 07:00:00 GMT",Unknown,White House silent on Iran-Oman Hormuz plan Tehran says would ban US warships,0.0,Neutral
"Thu, 27 Aug 2026 07:00:00 GMT",Unknown,Strait of Hormuz Traffic Ticks Higher Amid New Diplomatic Push,0.01,Neutral
"Thu, 27 Aug 2026 07:00:00 GMT",Unknown,Iraq Offers Oil Beyond Hormuz for First Time Since War Began,0.17,Neutral
"Wed, 26 Aug 2026 07:31:52 GMT",Unknown,From Hormuz to the Caucasus: The New Geography of Energy Security,0.14,Neutral
"Thu, 27 Aug 2026 07:00:00 GMT",Unknown,Are We Misreading The Oil Demand Shock From Hormuz?,0.0,Neutral
"Thu, 27 Aug 2026 07:00:00 GMT",Unknown,"COMMENTARY: Asia's crude oil imports stay soft in August, challenging US Hormuz claims",-0.03,Neutral
"Thu, 27 Aug 2026 07:00:00 GMT",Unknown,"No military vessels will be allowed in the Strait of Hormuz, Iran says",0.05,Neutral
"Thu, 27 Aug 2026 07:00:00 GMT",Unknown,"Strait of Hormuz shipping lanes are ‘free of Iranian sea mines,’ marking ‘major milestone’ in the Iran war: CENTCOM",0.23,Positive
"Thu, 27 Aug 2026 07:00:00 GMT",Unknown,"Iran-Oman deal on Strait of Hormuz 'doesn't matter' as Trump controls blockade, US official says",0.0,Neutral
"Thu, 27 Aug 2026 07:00:00 GMT",Unknown,Qatar and Kuwait Restore 70% of Pre-War Oil Exports Through Hormuz,-0.7,Negative
"Thu, 27 Aug 2026 07:00:00 GMT",Unknown,From nukes to Hormuz: The shift in Trump’s Iran war objectives,0.0,Neutral
"Thu, 27 Aug 2026 07:00:00 GMT",Unknown,US goals have shifted after 6 months of Iran war. The Strait of Hormuz is now a top concern,0.5,Positive
"Thu, 27 Aug 2026 07:00:00 GMT",Unknown,Gulf countries seek new routes for 'black gold' to free themselves from the Strait of Hormuz,0.12,Neutral
"Thu, 27 Aug 2026 07:00:00 GMT",Unknown,"Iran, Qatar hold Hormuz talks as US blockade squeezes Iran oil exports",0.0,Neutral
"Thu, 27 Aug 2026 07:00:00 GMT",Unknown,U.S. allies warn Hormuz is still mined despite Trump claim,0.0,Neutral
"Thu, 27 Aug 2026 07:00:00 GMT",Unknown,U.S. Military Says It Has Cleared Iran’s Mines From Strait of Hormuz Shipping Lanes,-0.1,Neutral
"Thu, 27 Aug 2026 07:00:00 GMT",Unknown,Trump says Russia has ‘behaved quite well’ over Strait of Hormuz,0.0,Neutral
"Thu, 27 Aug 2026 02:29:57 GMT",Unknown,Japan Unveils Energy Plan to Fund Oil Pipelines Bypassing Hormuz,0.0,Neutral
"Thu, 27 Aug 2026 01:00:35 GMT",Unknown,Iran warns of military ship ban in Hormuz under potential deal with Oman and other Middle East news,-0.06,Neutral
"Wed, 26 Aug 2026 22:47:16 GMT",Unknown,"Iran, Oman outline Strait of Hormuz proposal",0.0,Neutral
"Thu, 27 Aug 2026 07:00:00 GMT",Unknown,"Iran and Oman come to agreement to open Strait of Hormuz, but await US buy-in",0.0,Neutral
"Wed, 26 Aug 2026 09:34:58 GMT",Unknown,"Trump Announces Hormuz Mines Cleared; As Pressure Builds, Analyst Says Iranians Ready to Resist",0.2,Neutral
"Wed, 26 Aug 2026 21:19:00 GMT",Unknown,Strait of Hormuz shipping corridor discussed among Iran and Oman,0.0,Neutral
"Thu, 27 Aug 2026 07:00:00 GMT",Unknown,Trump: US 'in control' of the Strait of Hormuz,0.0,Neutral
"Thu, 27 Aug 2026 07:00:00 GMT",Unknown,"Tanker hit by unknown projectile in Hormuz, crew safe, British maritime agency says",0.13,Neutral
"Thu, 27 Aug 2026 03:15:01 GMT",Unknown,"Iran, Oman advance on Hormuz as Islamabad MOU regains attention",0.0,Neutral
"Wed, 26 Aug 2026 10:27:00 GMT",Unknown,IRGC: Hormuz won't be opened if US refuses to accept Iran's conditions,0.0,Neutral
"Thu, 27 Aug 2026 01:26:57 GMT",Unknown,Hormuz remains shut despite promising talks,0.13,Neutral
"Thu, 27 Aug 2026 07:00:00 GMT",Unknown,Iran And Oman Reach Agreement On Strait Of Hormuz Control And Revenue Sharing,0.0,Neutral
"Wed, 26 Aug 2026 12:49:00 GMT",Unknown,"Iran, Oman agree on Hormuz accord, revenue sharing mechanism",0.0,Neutral
"Thu, 27 Aug 2026 05:32:56 GMT",Unknown,IRGC says Hormuz Strait will not be opened if US refuses to accept Iran's conditions,0.0,Neutral
"Thu, 27 Aug 2026 07:00:00 GMT",Unknown,"Qatar, Iran mull proposal for 'navigational corridor' through Hormuz Strait",0.0,Neutral
"Thu, 27 Aug 2026 04:15:59 GMT",Unknown,"Hormuz Blockade drives Indonesia to seek to Halt all Oil Imports, install 100 GW Solar",0.0,Neutral
"Thu, 27 Aug 2026 07:00:00 GMT",Unknown,Iran’s Pezeshkian Links Hormuz Reopening to Ending U.S.-Backed Regional War: how 46 outlets framed it,0.0,Neutral
"Wed, 26 Aug 2026 07:00:00 GMT",Unknown,Hormuz Hostilities Keeps Long-Bond Yields High and Further Spooks Corporate Hiring,0.05,Neutral
"Wed, 26 Aug 2026 18:10:18 GMT",Unknown,Shafaq News..Iran intercepts Indian oil tanker in Strait of Hormuz,0.0,Neutral
"Thu, 27 Aug 2026 07:00:00 GMT",Unknown,"6 Months Into Iran War, Hormuz Is Now US' Top Concern",0.5,Positive
"Wed, 26 Aug 2026 15:20:52 GMT",Unknown,Strait of Hormuz deal gets closer as Trump says waterway free of mines,0.4,Positive
"Thu, 27 Aug 2026 07:00:00 GMT",Unknown,"Tanker struck by mystery projectile in Strait of Hormuz — fire out, crew safe as attacks continue",0.5,Positive
"Wed, 26 Aug 2026 07:00:00 GMT",Unknown,Why Iran Might Escalate,-0.12,Neutral
"Wed, 26 Aug 2026 07:00:00 GMT",Unknown,"US-Iran war spurs Europe, Asia to boost renewables",0.0,Neutral
"Thu, 27 Aug 2026 07:00:00 GMT",Unknown,Oil prices steady on Iran-Oman talks over Hormuz,0.17,Neutral
"Fri, 28 Aug 2026 06:23:00 GMT",Unknown,"Tehran engages in renewed diplomatic push, touts proposal to reopen Strait of Hormuz",0.0,Neutral
"Fri, 28 Aug 2026 02:55:53 GMT",Unknown,US CENTCOM claims shipping lanes open in Strait of Hormuz,0.0,Neutral
"Thu, 27 Aug 2026 18:55:40 GMT",Unknown,Hormuz Oil Flows Rising as Gulf Giants’ Ramp Up Gathers Pace,0.0,Neutral
"Fri, 28 Aug 2026 00:47:22 GMT",Unknown,"US clears Strait of Hormuz as 50,000 troops maintain blockade of Iran, CENTCOM chief says",0.0,Neutral
"Thu, 27 Aug 2026 14:23:17 GMT",Unknown,Tanker Catches Fire After Projectile Strike Near Strait of Hormuz,0.1,Neutral
"Fri, 28 Aug 2026 01:28:53 GMT",Unknown,Iran says it will name its terms for reopening Strait of Hormuz,0.0,Neutral
"Fri, 28 Aug 2026 02:26:34 GMT",Unknown,Goldman Says Gulf Oil Exports at Two-Thirds of Pre-War Level,0.0,Neutral
"Fri, 28 Aug 2026 07:00:00 GMT",Unknown,Hormuz Tanker Traffic Drops Despite Recovery in Oil Flows,-0.7,Negative
"Thu, 27 Aug 2026 22:45:48 GMT",Unknown,Strait of Hormuz Oil Flows Are Rising,0.0,Neutral
"Fri, 28 Aug 2026 04:22:43 GMT",Unknown,Ending the Iran War: The Case for a Multilateral Framework to Resolve the Hormuz Crisis,0.1,Neutral
"Fri, 28 Aug 2026 05:43:57 GMT",Unknown,"Watch Persian Gulf Oil Exports Recover, Centcom Says Hormuz Is Mine Free",0.4,Positive
"Fri, 28 Aug 2026 03:02:00 GMT",Unknown,"Analysis • Trump claims a major Strait of Hormuz victory over Iran, but is it sustainable?",0.06,Neutral
"Fri, 28 Aug 2026 03:46:31 GMT",Unknown,Iran War Diplomacy Turns Toward Reopening Hormuz,0.0,Neutral
"Thu, 27 Aug 2026 21:17:44 GMT",Unknown,"US 'must commit' to ending Gaza, Lebanon conflicts to reopen Hormuz, Iranian official says",0.0,Neutral
"Thu, 27 Aug 2026 16:05:26 GMT",Unknown,Tanker Hit in Strait of Hormuz as Trump Declares ‘Mission Accomplished’ in Iran,0.2,Neutral
"Fri, 28 Aug 2026 06:10:00 GMT",Unknown,Trump posts picture showing Hormuz Strait as a US territory,0.0,Neutral
"Thu, 27 Aug 2026 19:16:16 GMT",Unknown,Six months of war: How the Middle East conflict has shaped financial markets,0.0,Neutral
"Fri, 28 Aug 2026 06:00:00 GMT",Unknown,How the Iran war unfolded: every attack and oil price change – visualised | US-Israel war on Iran,0.0,Neutral
"Thu, 27 Aug 2026 17:58:53 GMT",Unknown,US must meet Iran’s conditions before Hormuz reopens: Top Iranian official,0.5,Positive
"Fri, 28 Aug 2026 05:00:07 GMT",Unknown,"Hormuz deal presses pause on Iran conflict, but fears of ‘forever war’ remain",0.0,Neutral
"Fri, 28 Aug 2026 01:24:49 GMT",Unknown,"Strait of Hormuz is open, U.S. CENTCOM says",0.0,Neutral
"Thu, 27 Aug 2026 19:41:00 GMT",Unknown,Qatar discusses Hormuz plan with Iranian officials as mediation efforts continue,0.0,Neutral
"Thu, 27 Aug 2026 16:37:00 GMT",Unknown,"Iran, Oman reach agreement on Strait of Hormuz control",0.0,Neutral
"Thu, 27 Aug 2026 18:51:00 GMT",Unknown,"Iran, Oman in final stages of Strait of Hormuz agreement",0.0,Neutral
"Fri, 28 Aug 2026 07:00:00 GMT",Unknown,‘Major milestone’: US says it cleared sea mines in Hormuz transit routes,0.06,Neutral
"Thu, 27 Aug 2026 19:01:33 GMT",Unknown,"Hormuz Shipping Traffic Barely Budges as Tanker Attacks, Mine Risks Persist",0.05,Neutral
"Fri, 28 Aug 2026 02:57:29 GMT",Unknown,Iran war diplomacy turns toward reopening Strait of Hormuz,0.0,Neutral
"Thu, 27 Aug 2026 18:11:26 GMT",Unknown,Iran says US must meet its conditions before Hormuz reopens,0.0,Neutral
"Thu, 27 Aug 2026 23:54:09 GMT",Unknown,Donald Trump: US not looking to restart talks with Iran,0.0,Neutral
"Thu, 27 Aug 2026 19:32:54 GMT",Unknown,"Six months into Iran war, nuclear threat remains, Hormuz is disrupted and US forces are wearing down",-0.16,Neutral
"Fri, 28 Aug 2026 05:45:37 GMT",Unknown,"Six months of war between Iran, US leave Arab states facing tough questions",-0.39,Negative
"Fri, 28 Aug 2026 04:58:00 GMT",Unknown,Shipping traffic via Hormuz Strait dips to five on Thursday,0.0,Neutral
"Thu, 27 Aug 2026 20:49:18 GMT",Unknown,IRAN-CRISIS/HORMUZ,0.0,Neutral
"Fri, 28 Aug 2026 03:22:29 GMT",Unknown,Trump shares image labeling Strait of Hormuz as new US territory,0.09,Neutral
"Thu, 27 Aug 2026 07:00:00 GMT",Unknown,Vessels in the Strait of Hormuz,0.0,Neutral
"Thu, 27 Aug 2026 07:00:00 GMT",Unknown,"The U.S. military commander stated that the Strait of Hormuz had been cleared of mines, but allies doubt this",-0.1,Neutral
"Thu, 27 Aug 2026 13:23:00 GMT",Unknown,Crude Bounces Off Support as Iran and Oman Near Hormuz Revenue Deal,-0.3,Negative
"Thu, 27 Aug 2026 20:11:53 GMT",Unknown,Kuwaiti tanker hit in latest Hormuz shipping attack,0.5,Positive
"Thu, 27 Aug 2026 18:16:00 GMT",Unknown,"Qatar, Iran mull proposal for ‘navigational corridor’ through Hormuz Strait",0.0,Neutral
"Thu, 27 Aug 2026 18:19:21 GMT",Unknown,"Trump scraps Iran MOU, leaving Hormuz talks stalled and oil risk high",0.16,Neutral
"Thu, 27 Aug 2026 13:16:14 GMT",Unknown,"Qatar, Iran discuss temporary 'navigational corridor' through Hormuz",0.0,Neutral
"Thu, 27 Aug 2026 12:31:52 GMT",Unknown,Indian Refiner BPCL to Ship First Iraqi Crude Via Hormuz Since March,-0.22,Negative
"Thu, 27 Aug 2026 23:20:16 GMT",Unknown,Iran War Strait of Hormuz,0.0,Neutral
"Thu, 27 Aug 2026 19:15:27 GMT",Unknown,"Iran preparing conditions to open Strait of Hormuz, Rezaei says",0.0,Neutral
"Fri, 28 Aug 2026 02:39:05 GMT",Unknown,Hormuz shipping traffic falls below 10-day average,-0.1,Neutral
"Thu, 27 Aug 2026 07:00:00 GMT",Unknown,CCTV Script 25/06/26,0.0,Neutral
"Thu, 27 Aug 2026 13:39:07 GMT",Unknown,Trump Claimed All Mines Were Removed From The Hormuz Strait. Allies Are Reportedly Not So Sure.,0.33,Positive
"Thu, 27 Aug 2026 07:00:00 GMT",Unknown,"After six months of Iran war, US goals have shifted. The Strait of Hormuz is now a top concern",0.5,Positive
"Thu, 27 Aug 2026 07:00:00 GMT",Unknown,Tanker hit raises stakes in Strait of Hormuz,0.0,Neutral
"Thu, 27 Aug 2026 15:32:04 GMT",Unknown,"Qatar FM Visits Tehran as Iran, Oman Seek Way to Ease Strait of Hormuz Tensions",0.0,Neutral
"Fri, 28 Aug 2026 01:44:53 GMT",Unknown,"US, Japan discuss Strait of Hormuz, freedom of navigation",0.0,Neutral
"Fri, 28 Aug 2026 04:01:24 GMT",Unknown,US CENTCOM chief: Hormuz transit routes cleared of Iranian sea mines,0.0,Neutral
"Fri, 28 Aug 2026 01:21:36 GMT",Unknown,"Oil settles lower on clues about Fed policy, rumors of Hormuz deal By Reuters",0.0,Neutral
"Thu, 27 Aug 2026 07:00:00 GMT",Unknown,Iran warns of military ship ban in Hormuz,-0.07,Neutral
"Thu, 27 Aug 2026 07:00:00 GMT",Unknown,Global LNG prices climb as Hormuz transits stay constrained,0.0,Neutral
"Fri, 28 Aug 2026 01:06:00 GMT",Unknown,"CENTCOM says Iran oil exports halted, Hormuz mines cleared",0.0,Neutral
"Thu, 27 Aug 2026 07:00:00 GMT",Unknown,Iran and Oman move closer on 'permanent navigational corridor' of Strait of Hormuz,0.0,Neutral
"Thu, 27 Aug 2026 07:00:00 GMT",Unknown,Qatar steps in to mediate as Trump says US not talking to Iran,0.0,Neutral
"Fri, 28 Aug 2026 05:21:00 GMT",Unknown,Iraq projects linked to end of Hormuz crisis,0.0,Neutral
"Thu, 27 Aug 2026 19:55:10 GMT",Unknown,Iran's security chief denies report about a potential plot against Trump's son,0.0,Neutral
"Thu, 27 Aug 2026 07:00:00 GMT",Unknown,Qatar PM visits Tehran to push for de-escalation and reopening Hormuz,0.0,Neutral
"Thu, 27 Aug 2026 14:44:26 GMT",Unknown,"Qatar and Kuwait add to growing oil exports through Hormuz, restoring 70% of pre-war flows",0.0,Neutral
"Thu, 27 Aug 2026 07:00:00 GMT",Unknown,"Is Iran war diplomacy ramping up, as Qatar, Oman, Pakistan officials visit?",0.0,Neutral
"Thu, 27 Aug 2026 13:21:15 GMT",Unknown,Another Tanker Was Struck In The Strait Of Hormuz. Oil Is Edging Up.,0.0,Neutral
"Thu, 27 Aug 2026 23:04:56 GMT",Unknown,"U.S. Treasury Cuts Bank of Egypt UAE Access, Pressures Iran as Strait of Hormuz Reopening Efforts Intensify",0.0,Neutral
"Fri, 28 Aug 2026 12:29:25 GMT",Unknown,Iran war mediators focus on reopening Strait of Hormuz,0.0,Neutral
"Fri, 28 Aug 2026 09:33:18 GMT",Unknown,"""That sucker is open"": U.S. gains the upper hand in the battle for Hormuz",-0.1,Neutral
"Fri, 28 Aug 2026 20:45:01 GMT",Unknown,Iran's navy says it has 'full control' over Strait of Hormuz,0.35,Positive
"Fri, 28 Aug 2026 09:00:00 GMT",Unknown,U.S. says pipelines will make Strait of Hormuz irrelevant. Energy experts disagree,-0.5,Negative
"Fri, 28 Aug 2026 20:57:49 GMT",Unknown,IRGC Navy says Strait of Hormuz remains closed to ships without Iran’s approval,-0.07,Neutral
"Sat, 29 Aug 2026 00:00:00 GMT",Unknown,The Strait of Hormuz crisis threatened Asia's oil and gas lifeline. Here's how the region is rewriting its energy playbook,0.0,Neutral
"Fri, 28 Aug 2026 20:50:58 GMT",Unknown,Oil prices fall on Strait of Hormuz bypass tactics,0.0,Neutral
"Fri, 28 Aug 2026 16:02:45 GMT",Unknown,Expert says Iran losing Hormuz leverage as defenses and oil role decline,0.0,Neutral
"Fri, 28 Aug 2026 12:45:09 GMT",Unknown,"US forces ‘got the job done’ in clearing mines from Strait of Hormuz, CENTCOM boss says",0.0,Neutral
"Fri, 28 Aug 2026 09:08:14 GMT",Unknown,Goldman Says Hormuz Oil Flows at Two-Thirds of Pre-War Levels,0.0,Neutral
"Fri, 28 Aug 2026 11:53:44 GMT",Unknown,Trump Calls Strait of Hormuz “New U.S. Territory”,0.14,Neutral
"Fri, 28 Aug 2026 22:06:00 GMT",Unknown,"CENTCOM says Strait of Hormuz is open, shipping companies not convinced as Iran war hits 6 months",0.0,Neutral
"Fri, 28 Aug 2026 10:14:07 GMT",Unknown,Six months of uncertainty for seafarers in Strait of Hormuz,0.0,Neutral
"Fri, 28 Aug 2026 20:07:54 GMT",Unknown,White House says US has momentum with Strait of Hormuz,0.0,Neutral
"Fri, 28 Aug 2026 19:37:04 GMT",Unknown,"Iran says it agreed with Oman on Hormuz passage route, links reopening to US commitments",0.0,Neutral
"Fri, 28 Aug 2026 10:55:08 GMT",Unknown,U.S. Navy blockade slashes Iran oil exports as Trump administration shifts to economic warfare,0.2,Neutral
"Sat, 29 Aug 2026 02:21:16 GMT",Unknown,Iran lashes out at US sanctions amid economic toll at home,0.2,Neutral
"Fri, 28 Aug 2026 15:29:37 GMT",Unknown,"Oil settles lower on clues about Fed policy, rumors of Hormuz deal",0.0,Neutral
"Fri, 28 Aug 2026 10:35:38 GMT",Unknown,Pipelines and ports: Iran war spurs Gulf infrastructure investment,0.0,Neutral
"Fri, 28 Aug 2026 14:57:50 GMT",Unknown,"Oil prices fall after Iran steps up truce efforts, US says Hormuz mines cleared",0.0,Neutral
"Fri, 28 Aug 2026 10:00:00 GMT",Unknown,Crude Calculations: Why the Iran War Hasn’t Yet Caused an Oil Shock,-0.51,Negative
"Fri, 28 Aug 2026 12:21:16 GMT",Unknown,Iran sets conditions for reopening Strait of Hormuz,0.0,Neutral
"Fri, 28 Aug 2026 18:20:58 GMT",Unknown,Matador CFO: Hormuz resolution won’t change ‘grower’ mindset,0.0,Neutral
"Fri, 28 Aug 2026 14:30:00 GMT",Unknown,Qatar Extends Force Majeure as Hormuz Crisis Still Blocks LNG Traffic,-0.7,Negative
"Fri, 28 Aug 2026 13:24:41 GMT",Unknown,Saudi oil sale signals more Hormuz exits,0.5,Positive
"Fri, 28 Aug 2026 13:37:00 GMT",Unknown,Mines cleared from Strait of Hormuz; more oil flowing,0.5,Positive
"Sat, 29 Aug 2026 05:27:57 GMT",Unknown,Hezbollah Refuses Disarmament Deal as Iran Threatens Strait of Hormuz Closure,0.0,Neutral
"Fri, 28 Aug 2026 14:40:18 GMT",Unknown,Iran Sets Conditions for Reopening Strait of Hormuz on 6-Month Anniversary of Trump’s “Excursion”,0.0,Neutral
"Fri, 28 Aug 2026 07:39:20 GMT",Unknown,Qatar Extends LNG Force Majeure as Hormuz Traffic Remains Halted,0.0,Neutral
"Fri, 28 Aug 2026 07:24:08 GMT",Unknown,"Iran updates: Sea mines cleared from Strait of Hormuz, Pentagon says",0.0,Neutral
"Sat, 29 Aug 2026 06:25:24 GMT",Unknown,Iran lawmaker says Hormuz gives Tehran leverage over sanctioning countries,0.0,Neutral
"Fri, 28 Aug 2026 11:03:17 GMT",Unknown,"COMMENTARY: Hormuz gridlock, Canada clash and Nvidia nerves: The financial week in five charts",0.0,Neutral
"Fri, 28 Aug 2026 17:05:20 GMT",Unknown,"Shipping Traffic Via Strait of Hormuz Slips Below 10-Day Average, Data Shows",-0.15,Neutral
"Fri, 28 Aug 2026 19:33:00 GMT",Unknown,Oil Is Quietly Slipping Though the Strait of Hormuz. It’s Keeping a Lid on Prices.,-0.1,Neutral
"Fri, 28 Aug 2026 07:15:11 GMT",Unknown,"Donald Trump rejects return to June MoU terms, Hormuz tensions escalate",0.0,Neutral
"Sat, 29 Aug 2026 04:53:02 GMT",Unknown,Hormuz reopening hopes push oil prices lower,0.0,Neutral
"Fri, 28 Aug 2026 12:39:13 GMT",Unknown,CENTCOM chief says Strait of Hormuz cleared of Iranian-placed sea mines,0.0,Neutral
"Fri, 28 Aug 2026 23:40:00 GMT",Unknown,Iran sets new conditions for reopening Strait of Hormuz as war hits six months,0.14,Neutral
"Fri, 28 Aug 2026 13:34:27 GMT",Unknown,Iran war reaches six-month mark as Strait of Hormuz reopens,0.0,Neutral
"Fri, 28 Aug 2026 17:57:58 GMT",Unknown,Iran's conditions for reopening the Strait of Hormuz amidst ongoing conflict,0.0,Neutral
"Fri, 28 Aug 2026 16:56:25 GMT",Unknown,CENTCOM: Strait of Hormuz Shipping Lanes Cleared of IRGC Mines,0.0,Neutral
"Fri, 28 Aug 2026 22:33:35 GMT",Unknown,"IMO: 400 Ships and 6,000 Seafarers Are Still Unable to Depart Persian Gulf",-0.5,Negative
"Sat, 29 Aug 2026 04:26:40 GMT",Unknown,Six consequences after six months of war in Iran,0.0,Neutral
"Fri, 28 Aug 2026 12:30:00 GMT",Unknown,Hormuz Shipping Remains Subdued Despite Apparent Reopening,-0.2,Neutral
"Fri, 28 Aug 2026 09:01:42 GMT",Unknown,Saudis Sell Oil from Gulf of Oman in Sign of More Hormuz Exits,0.5,Positive
"Fri, 28 Aug 2026 11:30:00 GMT",Unknown,"Oil Prices Lower as Hormuz Flows Improve, U.S.-Iran Standoff Continues",0.0,Neutral
"Fri, 28 Aug 2026 13:28:18 GMT",Unknown,Video Iran using Strait of Hormuz 'effectively' as war hits 6-month mark: Analyst,0.57,Positive
"Sat, 29 Aug 2026 05:00:15 GMT",Unknown,Iran’s Black Box: The New Power Struggle Behind the Hormuz Talks,-0.09,Neutral
"Fri, 28 Aug 2026 10:52:00 GMT",Unknown,"Disaster of Trump’s war in Iran laid bare six months on: Thousands dead, economic chaos and a region in flames",0.01,Neutral
"Fri, 28 Aug 2026 21:18:00 GMT",Unknown,The war with Iran hits six-month mark as Hormuz standoff continues,0.0,Neutral
"Fri, 28 Aug 2026 23:17:00 GMT",Unknown,Iran spells out new conditions to reopen the Strait of Hormuz,0.14,Neutral
"Fri, 28 Aug 2026 19:17:41 GMT",Unknown,Iranian Resolve Strained But Traders' Faith In Its Control Of Hormuz Causes 5% Weekly Loss For Oil,0.0,Neutral
"Fri, 28 Aug 2026 15:03:56 GMT",Unknown,U.S. commander declares Hormuz shipping lanes are mine-free,0.0,Neutral
"Fri, 28 Aug 2026 12:30:00 GMT",Unknown,Oil Selloff Outruns Reality in Hormuz,-0.7,Negative
"Fri, 28 Aug 2026 08:49:10 GMT",Unknown,"'We Got The Job Done': CENTCOM Chief Says Mines Cleared, Hormuz Shipping Routes Open",0.0,Neutral
"Sat, 29 Aug 2026 00:44:25 GMT",Unknown,CENTCOM says Iranian mines have been cleared from Strait of Hormuz,0.2,Neutral
"Sat, 29 Aug 2026 07:00:00 GMT",Unknown,Iran’s Revolutionary Guards Say Strait of Hormuz Won’t Reopen Without U.S. Agreement: how 25 outlets framed it,0.0,Neutral
"Fri, 28 Aug 2026 13:13:00 GMT",Unknown,"'I don't have to announce everything, do I?' Trump bristles at questions over blocked Hormuz, sanction-free China",0.0,Neutral
"Fri, 28 Aug 2026 20:06:22 GMT",Unknown,Top US military commander says Hormuz mine clearing is complete,0.17,Neutral
"Fri, 28 Aug 2026 22:20:06 GMT",Unknown,"IRGC Navy Denies U.S. Claims, Reaffirms Full Control Over Strait of Hormuz",0.35,Positive
"Fri, 28 Aug 2026 13:33:59 GMT",Unknown,Iranian official mocks Trump over Hormuz ‘US territory’ claim,0.0,Neutral
"Fri, 28 Aug 2026 23:49:00 GMT",Unknown,"Commercial shipping through Hormuz 'significantly reduced', UKMTO says",0.19,Neutral
"Fri, 28 Aug 2026 07:51:00 GMT",Unknown,CENTCOM says Strait of Hormuz cleared of Iranian sea mines,0.0,Neutral
"Fri, 28 Aug 2026 11:07:37 GMT",Unknown,"Six months into the Iran War, the West has a second chance",0.0,Neutral
"Fri, 28 Aug 2026 23:25:14 GMT",Unknown,Shafaq News..IRGC claims full control of Strait of Hormuz,0.35,Positive
"Fri, 28 Aug 2026 23:05:41 GMT",Unknown,Iran’s navy says it has ‘full control’ over Strait of Hormuz,0.35,Positive
"Fri, 28 Aug 2026 23:32:32 GMT",Unknown,Mines Cleared From Strait Of Hormuz; More Oil Flowing,0.5,Positive
"Sat, 29 Aug 2026 06:07:14 GMT",Unknown,IRGC accuses US of lying about Hormuz strait status,0.0,Neutral
"Fri, 28 Aug 2026 11:36:00 GMT",Unknown,Iranian Diplomat Slams Trump’s Hormuz Claim as Sign of Mental Disorder,-0.1,Neutral
"Fri, 28 Aug 2026 10:12:00 GMT",Unknown,"Tanker hit by unidentified projectile in Strait of Hormuz, UKMTO says",0.0,Neutral
"Sat, 29 Aug 2026 06:10:15 GMT",Unknown,"400 vessels, 6,000 seafarers remain stranded in Gulf amid Hormuz crisis",0.0,Neutral
"Fri, 28 Aug 2026 13:52:36 GMT",Unknown,Iran prepares list of conditions to reopen Strait of Hormuz,0.0,Neutral
"Fri, 28 Aug 2026 15:50:12 GMT",Unknown,Strait of Hormuz,0.0,Neutral
"Fri, 28 Aug 2026 16:03:40 GMT",Unknown,U.S. military says Strait of Hormuz has been cleared of mines,-0.1,Neutral
"Fri, 28 Aug 2026 09:15:47 GMT",Unknown,Persian Gulf states pour billions into routes bypassing Hormuz,0.0,Neutral
"Fri, 28 Aug 2026 11:07:00 GMT",Unknown,U.S. Military Says It Has Cleared Iran’s Mines From Strait of Hormuz,-0.1,Neutral
"Fri, 28 Aug 2026 19:03:06 GMT",Unknown,WTI Crude Prices Normalize but Hormuz Politics Still Cloud the Outlook,-0.7,Negative
"Fri, 28 Aug 2026 15:44:41 GMT",Unknown,Crude Prices Slip as More Oil Flows Through the Strait of Hormuz,-0.1,Neutral
"Fri, 28 Aug 2026 15:25:00 GMT",Unknown,Oil drifts lower as Hormuz flows balance slow progress in Iran diplomacy,-0.2,Negative
"Fri, 28 Aug 2026 16:00:00 GMT",Unknown,"Trump promised a short Iran war. Six months later, he has few good options.",0.12,Neutral
"Fri, 28 Aug 2026 13:38:00 GMT",Unknown,"Oil slides on clues about Fed policy, rumors of Hormuz deal",0.0,Neutral
"Fri, 28 Aug 2026 11:03:26 GMT",Unknown,'Major milestone': US military says it has cleared sea mines in the Strait of Hormuz,-0.02,Neutral
"Fri, 28 Aug 2026 17:12:06 GMT",Unknown,"Strait of Hormuz shipping lanes cleared of Iranian sea mines, CENTCOM says",0.0,Neutral
"Fri, 28 Aug 2026 10:08:12 GMT",Unknown,Iran deputy FM attacks Trump over Hormuz territory post,0.0,Neutral
"Fri, 28 Aug 2026 13:51:05 GMT",Unknown,VOTE: Do you think the Iran war will last another 6 months?,0.0,Neutral
"Fri, 28 Aug 2026 11:49:44 GMT",Unknown,"US-Israel war on Iran, six months down the line: In numbers",-0.16,Neutral
"Fri, 28 Aug 2026 21:06:52 GMT",Unknown,"Hormuz ‘storm’ propels VLCC spot market, asset prices and long-term rates",0.0,Neutral
"Fri, 28 Aug 2026 19:14:47 GMT",Unknown,Iran Urges Countries Not to Implement New U.S. Sanctions as Mediators Focus on Reopening Strait,0.14,Neutral
"Fri, 28 Aug 2026 10:15:00 GMT",Unknown,Pentagon Announces Demining of the Strait of Hormuz,0.0,Neutral
"Fri, 28 Aug 2026 10:21:08 GMT",Unknown,"Trump says Strait of Hormuz open, Iran response 'very mild'",0.17,Neutral
"Fri, 28 Aug 2026 15:26:11 GMT",Unknown,Red Sea and Hormuz crises reshape thinking on port resilience,0.0,Neutral
"Sun, 30 Aug 2026 04:40:07 GMT",Unknown,'We are sealing Iran's ports and keeping Hormuz open',0.0,Neutral
"Sat, 29 Aug 2026 19:54:17 GMT",Unknown,"Navy has cleared mines from the Strait of Hormuz, CENTCOM says",0.0,Neutral
"Sat, 29 Aug 2026 21:14:15 GMT",Unknown,Iran says Hormuz transit understanding with Oman contingent on US fulfilling commitments,-0.1,Neutral
"Sun, 30 Aug 2026 07:00:00 GMT",Unknown,US strikes Iranian rocket launchers on the Strait of Hormuz in first military action in weeks,0.08,Neutral
"Sat, 29 Aug 2026 20:06:41 GMT",Unknown,"Fragile Iran Deal Offers Oil Relief, but Hormuz Risks Remain: Bousso",0.05,Neutral
"Sun, 30 Aug 2026 07:00:00 GMT",Unknown,US forces strike Iranian rocket launchers on Strait of Hormuz; Iran vows retaliation,0.0,Neutral
"Sat, 29 Aug 2026 22:16:01 GMT",Unknown,Iran says US wouldn't seek deal if southern Hormuz route were functioning,0.0,Neutral
"Sat, 29 Aug 2026 10:23:54 GMT",Unknown,The Battle for Hormuz Risks Sparking the Next Iran Clash: Bousso,0.0,Neutral
"Sun, 30 Aug 2026 05:21:59 GMT",Unknown,Mapping Iran war’s strikes on Gulf energy and its impact on future of oil,0.0,Neutral
"Sun, 30 Aug 2026 04:22:39 GMT",Unknown,"Crude flows through Hormuz average 3.8 million bpd, tanker-monitoring service says",-0.34,Negative
"Sat, 29 Aug 2026 12:56:43 GMT",Unknown,Trump Says US Attacking Iran Capabilities Related to Strait of Hormuz,0.0,Neutral
"Sun, 30 Aug 2026 06:35:26 GMT",Unknown,"Gharibabadi: Iran Ready for Strait of Hormuz Agreement, but U.S. Must Act First",0.23,Positive
"Sat, 29 Aug 2026 09:14:50 GMT",Unknown,"Iran Agrees Hormuz Route with Oman, Says Full Reopening Depends on US",0.35,Positive
"Sat, 29 Aug 2026 20:10:09 GMT",Unknown,How Would Trump’s Blockade of the Strait of Hormuz Work?,0.0,Neutral
"Sat, 29 Aug 2026 14:57:46 GMT",Unknown,Strait of Hormuz shipping disruption delays Boston food waste collection,-0.2,Neutral
"Sat, 29 Aug 2026 14:11:39 GMT",Unknown,Brace for a Flood of Oil as Soon as Hormuz Reopens,0.0,Neutral
"Sat, 29 Aug 2026 12:48:52 GMT",Unknown,Lawmaker says Iran will block efforts to reopen Strait of Hormuz,0.0,Neutral
"Sat, 29 Aug 2026 22:23:07 GMT",Unknown,Shafaq News..Iran-Oman Hormuz transit deal awaits US commitments,0.0,Neutral
"Sat, 29 Aug 2026 17:33:12 GMT",Unknown,As Trump Claims Victory Iran Emerges Bruised But Powerful With Leverage Over Hormuz,0.3,Positive
"Sun, 30 Aug 2026 07:00:00 GMT",Unknown,iran-strait-hormuz-strike-united-states: Latest Updates,0.5,Positive
"Sat, 29 Aug 2026 07:12:07 GMT",Unknown,Iran says US claims on Hormuz reopening aim to manipulate oil prices,0.0,Neutral
"Sat, 29 Aug 2026 09:19:00 GMT",Unknown,Iran’s Revolutionary Guard says US claims about Hormuz are ‘lies’ to manipulate oil prices,0.0,Neutral
"Sun, 30 Aug 2026 07:00:00 GMT",Unknown,"Oil rises as US, Iran resume military attacks",-0.1,Neutral
"Sun, 30 Aug 2026 00:39:41 GMT",Unknown,Iran says Hormuz transit deal with Oman hinges on US commitments,0.0,Neutral
"Sat, 29 Aug 2026 19:21:32 GMT",Unknown,Trump Says US to Start Blockading the Strait of Hormuz Immediately,0.0,Neutral
"Sun, 30 Aug 2026 05:45:00 GMT",Unknown,No ship can pass Strait of Hormuz without Iran's permission,0.0,Neutral
"Sun, 30 Aug 2026 01:43:52 GMT",Unknown,CENTCOM commander says US forces cleared mines from Hormuz shipping lanes,0.0,Neutral
"Sat, 29 Aug 2026 10:14:42 GMT",Unknown,"Iran’s leaders acknowledge economic toll of war, pledge diplomacy, defence",0.2,Neutral
"Sat, 29 Aug 2026 12:53:16 GMT",Unknown,"Strait of Hormuz is Shut, Must Reopen Without Conditions, UAE Oil Giant ADNOC’s CEO Says",0.0,Neutral
"Sat, 29 Aug 2026 08:24:59 GMT",Unknown,Iran makes $7.5B in oil revenue despite US Hormuz blockade,0.0,Neutral
"Sun, 30 Aug 2026 06:21:59 GMT",Unknown,Shafaq News..Six pipeline routes offer Arab oil alternatives to Hormuz,0.0,Neutral
"Sat, 29 Aug 2026 20:35:03 GMT",Unknown,US Gains Tactical Edge in Hormuz Strait Standoff,0.0,Neutral
"Sat, 29 Aug 2026 07:39:36 GMT",Unknown,IRGC Navy Highlights Decisive Control over Strait of Hormuz,0.0,Neutral
"Sun, 30 Aug 2026 07:00:00 GMT",Unknown,US forces strike Iranian rocket launchers on the Strait of Hormuz in first military action in weeks,0.08,Neutral
"Sun, 30 Aug 2026 04:27:38 GMT",Unknown,Mediators focus on reopening Hormuz,0.0,Neutral
"Sat, 29 Aug 2026 10:49:58 GMT",Unknown,Iran Urges Nations To Reject New U.S Sanctions As Talks Focus On Reopening Strait Of Hormuz,0.14,Neutral
"Sat, 29 Aug 2026 12:43:30 GMT",Unknown,Gulf Exporters’ Quest to Bypass Hormuz Will Reshape the Region: Bousso,0.0,Neutral
"Sat, 29 Aug 2026 17:28:23 GMT",Unknown,Ghalibaf Warns Gulf States: Either All Export Oil Freely or None Will,0.4,Positive
"Sat, 29 Aug 2026 19:25:13 GMT",Unknown,Shafaq News..Ghalibaf denies US guided 130M oil barrels through Hormuz,0.0,Neutral
"Sun, 30 Aug 2026 07:00:00 GMT",Unknown,"Tensions in the Strait of Hormuz escalate further: Super tanker suspected of hitting a mine, Trump threatens ""severe strike""",0.17,Neutral
"Sat, 29 Aug 2026 16:18:48 GMT",Unknown,Global Defense Stocks Screening For Strait Of Hormuz Riskաժ,0.0,Neutral
"Sat, 29 Aug 2026 23:50:23 GMT",Unknown,Spain and Morocco Revive Strait of Gibraltar Rail Tunnel Studies as Hormuz Chokepoint Takes Hold for Secure Africa-Europe Mediterranean Corridor,0.53,Positive
"Sun, 30 Aug 2026 04:03:00 GMT",Unknown,Iran in no rush to open Hormuz: deputy FM,0.0,Neutral
"Sat, 29 Aug 2026 12:12:59 GMT",Unknown,Bypassing Strait of Hormuz? Viral post claims US dredged a new 'safe' corridor on Omani side,0.32,Positive
"Sat, 29 Aug 2026 11:27:00 GMT",Unknown,"US plays ‘mine games’ over Hormuz: Iranian mines gone, but is the strait safe?",0.5,Positive
"Sat, 29 Aug 2026 20:09:24 GMT",Unknown,Watch US and Iran claim control over strategic Strait of Hormuz,0.0,Neutral
"Sun, 30 Aug 2026 01:55:00 GMT",Unknown,US rhetoric on Hormuz designed to sway oil markets: Analysts,0.0,Neutral
"Sun, 30 Aug 2026 04:40:10 GMT",Unknown,US pauses Iran strikes amid diplomatic efforts: report,0.0,Neutral
"Sun, 30 Aug 2026 00:20:33 GMT",Unknown,Adnoc’s LNG Tankers Go Dark to Get Gas Shipments Through Hormuz,-0.15,Neutral
"Sat, 29 Aug 2026 23:09:39 GMT",Unknown,"US sanctions choke Iran’s economy, but regime change remains a challenge",0.0,Neutral
"Sat, 29 Aug 2026 16:00:00 GMT",Unknown,Bessent’s bet that the mullahs can’t bear the pain of war much longer just might pay off,0.2,Neutral
"Sun, 30 Aug 2026 01:50:44 GMT",Unknown,IRGC Says Iran-Oman Reach Deal on Strait of Hormuz,0.0,Neutral
"Sat, 29 Aug 2026 11:29:00 GMT",Unknown,"If US fulfils its commitments, we will also reopen Strait of Hormuz – Masoud Pezeshkian",0.0,Neutral
"Sun, 30 Aug 2026 07:00:00 GMT",Unknown,Iran’s Revolutionary Guards say supertanker struck by mines in Strait of Hormuz,0.0,Neutral
"Sat, 29 Aug 2026 13:02:11 GMT",Unknown,Trump Wants Oil Companies to Cut Prices. Here’s Why That Would Hurt the US Economy,0.2,Neutral
"Sun, 30 Aug 2026 05:06:57 GMT",Unknown,Iran insists Strait of Hormuz remains closed as war enters seventh month,-0.1,Neutral
"Sun, 30 Aug 2026 06:01:33 GMT",Unknown,Iran war over as Strait of Hormuz renamed Strait of America,0.0,Neutral
"Sat, 29 Aug 2026 07:18:53 GMT",Unknown,IRGC dismisses US claims of open Strait of Hormuz transit as 'blatant lie',-0.25,Negative
"Sat, 29 Aug 2026 12:12:37 GMT",Unknown,'HORMUZ COMPLETELY CLOSED': Trump's 'STRAIT OPEN' Claim Faces Explosive IRGC Challenge,-0.05,Neutral
"Sat, 29 Aug 2026 07:14:00 GMT",Unknown,Iran: Control over Hormuz to exert pressure on foes,0.0,Neutral
"Sat, 29 Aug 2026 12:11:04 GMT",Unknown,Oil Prices Drop 4%–5% as Gulf Exports Recover Despite Hormuz Claim,0.0,Neutral
"Sat, 29 Aug 2026 20:02:51 GMT",Unknown,"US, Iran claim control over Strait of Hormuz as sanctions tighten",0.0,Neutral
"Sat, 29 Aug 2026 18:03:26 GMT",Unknown,Oil flows through the Strait of Hormuz are rising despite the ongoing war,0.0,Neutral
"Sat, 29 Aug 2026 20:16:34 GMT",Unknown,China’s Hormuz Problem: Oil Still Hurts but New Energy Systems Change the Math,0.36,Positive
"Sat, 29 Aug 2026 14:01:48 GMT",Unknown,"Oil falls on Fed signals, prospects for restoring Hormuz shipping",0.0,Neutral
"Sat, 29 Aug 2026 09:02:41 GMT",Unknown,"6,000 Seafarers And 400 Ships Remain Trapped In Persian Gulf As US-Iran War Enters Sixth Month",-0.2,Neutral
"Sat, 29 Aug 2026 13:31:18 GMT",Unknown,Iran prepares conditions for reopening Strait of Hormuz,0.0,Neutral
"Sat, 29 Aug 2026 17:21:31 GMT",Unknown,"Strait Of Hormuz Week 13 Update: Mines, Blockades, And ""Dark"" Ships Adrien Brody (ox3jQ93aXq)",-0.15,Neutral
"Sat, 29 Aug 2026 20:53:27 GMT",Unknown,"EU Has ‘No Appetite’ to Expand Mideast Naval Mission to Strait of Hormuz, Kallas Says",0.0,Neutral
"Sat, 29 Aug 2026 16:24:31 GMT",Unknown,"Oil Jumps After US And Iran Trade Strikes, Hormuz Traffic Slows Zheng Qinwen (J2Pxq2KESJ)",0.0,Neutral
"Sat, 29 Aug 2026 13:44:07 GMT",Unknown,Milton Keynes Best Places To Visit Iran War Hormuz (h0Q5ab5ydX),1.0,Positive
"Sat, 29 Aug 2026 08:11:18 GMT",Unknown,How Hormuz ended up raising CNG prices in Delhi — and why there may be relief ahead,0.0,Neutral
"Sat, 29 Aug 2026 20:28:00 GMT",Unknown,Iran: Implementation of Hormuz understanding with Oman hinges on US’s fulfilling its commitments,0.0,Neutral
"Sat, 29 Aug 2026 09:22:00 GMT",Unknown,Iran says still open to diplomacy as war with US hits six months,0.0,Neutral
"Sat, 29 Aug 2026 10:50:52 GMT",Unknown,"Hormuz, Oman Deal, New Defense Pact & More | Military Experts On Iran Sporting Life 10k (ugWVvKMqIy)",0.18,Neutral
"Sat, 29 Aug 2026 22:33:28 GMT",Unknown,"Ultraman Theo Op ""Link Hearts_fanmade Strait Of Hormuz Oil Tankers (13zr4snKFf)",0.0,Neutral
"Sat, 29 Aug 2026 13:45:00 GMT",Unknown,Iran's Revolutionary Guards: We Have Full Control of the Strait of Hormuz,0.35,Positive
"Sat, 29 Aug 2026 22:30:16 GMT",Unknown,Will reopen Strait of Hormuz if US meets key commitments: Iran,0.0,Neutral
"Sat, 29 Aug 2026 21:05:05 GMT",Unknown,Gharibabadi: We Have Clarified Necessary Measures for Americans to Open Strait of Hormuz,0.0,Neutral
"Sat, 29 Aug 2026 22:33:21 GMT",Unknown,Derrick Henry = TOP 5 ALL TIME Strait Of Hormuz Oil Tankers (kcc3s48Ek7),0.5,Positive
"Sat, 29 Aug 2026 07:58:17 GMT",Unknown,Trump’s claim of US control over the strait of Hormuz rejected by Iran,0.0,Neutral
"Sat, 29 Aug 2026 10:41:50 GMT",Unknown,"Trapped for 115 days, cargo ship captain recounts ordeal in Strait of Hormuz",-0.2,Neutral
"Sat, 29 Aug 2026 14:11:39 GMT",Unknown,Persian Gulf and Ukraine: Are Russia and America reshaping the global energy structure at the negotiating table?,0.0,Neutral
"Sat, 29 Aug 2026 10:39:00 GMT",Unknown,"Dow Jones Top Energy Headlines at 7 AM ET: Oil Falls on OPEC+ Output Hike, Hormuz Flows Recovery | OPEC, ...",0.5,Positive
"Sun, 30 Aug 2026 02:34:00 GMT",Unknown,Source: US claims on southern Hormuz oil route a ploy to manipulate energy prices,0.0,Neutral
"Sat, 29 Aug 2026 08:01:17 GMT",Unknown,"UN Maritime Agency says 6,000 seafarers stranded in the Strait of Hormuz",0.0,Neutral
"Sat, 29 Aug 2026 17:06:09 GMT",Unknown,NASA’s SpaceX Crew-11 Postlaunch News Conference Iran War Hormuz (iYqg3inaVS),0.0,Neutral
"Sun, 30 Aug 2026 03:48:49 GMT",Unknown,Iran Rejects US Claim That Oil Transport Through Strait of Hormuz Is Normal,0.15,Neutral
"Sat, 29 Aug 2026 16:39:51 GMT",Unknown,China Breaks the Siege… Washington Retreats …and Hormuz Refutes Trump’s Narrative with Seven Ships | “Comfortable” Stockpiles… Iran War Depletes Europe’s Defences… and Trump Threatens – جريدة البناء,0.4,Positive
"Sun, 30 Aug 2026 21:32:59 GMT",Unknown,Trump warns 'we're going to hit them hard' after Iran targets U.S. forces in Jordan: Report,-0.29,Negative
"Sun, 30 Aug 2026 21:20:35 GMT",Unknown,U.S. Attacks Island in Strait of Hormuz; Iran Retaliates With Missile Fire,0.14,Neutral
"Sun, 30 Aug 2026 20:10:32 GMT",Unknown,U.S. strikes Iran to prevent Hormuz mine threat,0.0,Neutral
"Sun, 30 Aug 2026 10:45:20 GMT",Unknown,Iran’s Khamenei calls for Gulf unity as Hormuz tensions persist,0.0,Neutral
"Mon, 31 Aug 2026 02:24:18 GMT",Unknown,"Tanker attacked in Hormuz, US hits Iranian mine launchers",0.0,Neutral
"Sun, 30 Aug 2026 21:05:00 GMT",Unknown,First US military attacks on Iran in a month prompt retaliation,0.08,Neutral
"Mon, 31 Aug 2026 04:36:36 GMT",Unknown,Iran says it downed US drone over Strait of Hormuz,0.0,Neutral
"Sun, 30 Aug 2026 20:32:00 GMT",Unknown,Iran's Revolutionary Guard retaliates after U.S. bombs targets in Strait of Hormuz,0.0,Neutral
"Sun, 30 Aug 2026 23:10:00 GMT",Unknown,Iran's president admits 'we have many problems' as the U.S. blockade chokes its economy,0.5,Positive
"Sun, 30 Aug 2026 22:16:04 GMT",Unknown,Oil settles up by more than 2.5% as US and Iran resume military attacks,0.2,Neutral
"Mon, 31 Aug 2026 06:14:13 GMT",Unknown,Super Tanker Catches Fire After Hitting Sea Mines in Strait of Hormuz: IRGC,0.33,Positive
"Mon, 31 Aug 2026 05:51:35 GMT",Unknown,IRGC says ship struck 2 sea mines after U.S. declared Hormuz cleared,0.0,Neutral
"Sun, 30 Aug 2026 19:38:06 GMT",Unknown,Iran Targets Tankers Inbound to the Persian Gulf,0.0,Neutral
"Sun, 30 Aug 2026 20:27:09 GMT",Unknown,US forces strike Iranian launchers on Larak island in Strait of Hormuz,0.0,Neutral
"Sun, 30 Aug 2026 10:30:29 GMT",Unknown,"No, Iran is not winning: In Act IV of the war, it’s losing its leverage in Hormuz",-0.25,Negative
"Sun, 30 Aug 2026 22:32:00 GMT",Unknown,U.S. forces strike Iranian rocket launchers on the Strait of Hormuz in first military action in weeks,0.08,Neutral
"Mon, 31 Aug 2026 00:46:00 GMT",Unknown,Brent jumps above $90 after flare-up in U.S.-Iran hostilities,0.0,Neutral
"Mon, 31 Aug 2026 05:38:29 GMT",Unknown,Iran Says Oil Tanker Hit Two Mines in Hormuz as US Claim of Clear Strait Is Directly Contradicted,0.1,Neutral
"Sun, 30 Aug 2026 22:27:43 GMT",Unknown,"US Conducts Fresh Strikes On Iran, Seen As 'Signal' To Tehran On Hormuz",0.33,Positive
"Mon, 31 Aug 2026 06:59:11 GMT",Unknown,U.S.-Iran escalation shows Washington's frustration with slow-moving sanctions,0.0,Neutral
"Mon, 31 Aug 2026 05:13:44 GMT",Unknown,Iran attacks US bases in Jordan after US strikes Larak Island,0.0,Neutral
"Sun, 30 Aug 2026 23:02:00 GMT",Unknown,Iran says continuing war ‘not in our interest’ after fighting flares,0.0,Neutral
"Sun, 30 Aug 2026 20:06:00 GMT",Unknown,"US forces strike Iranian rocket launchers on the Strait of Hormuz in first military action in weeks, US official says",0.08,Neutral
"Sun, 30 Aug 2026 20:26:19 GMT",Unknown,US Strikes Iranian Launchers Preparing To Fire Sea Mines Toward Hormuz,0.0,Neutral
"Sun, 30 Aug 2026 22:20:00 GMT",Unknown,US strikes Iran’s Larak Island,0.0,Neutral
"Mon, 31 Aug 2026 05:51:39 GMT",Unknown,US denies Iranian claim that tanker hit mines in Strait of Hormuz,0.0,Neutral
"Sun, 30 Aug 2026 20:39:56 GMT",Unknown,Trump Dismisses ‘Little War’ With Iran as Mideast Clashes Resume,-0.19,Neutral
"Mon, 31 Aug 2026 03:33:00 GMT",Unknown,U.S. strikes Iranian rocket launchers near Strait of Hormuz,0.1,Neutral
"Sun, 30 Aug 2026 23:57:00 GMT",Unknown,"US hits Iranian launchers preparing to fire in Hormuz; IRGC targets Jordan, UAE in response",0.0,Neutral
"Mon, 31 Aug 2026 06:03:00 GMT",Unknown,Venezuela deal won't solve oil crisis from Hormuz disruption: Rystad Energy,0.0,Neutral
"Mon, 31 Aug 2026 03:21:00 GMT",Unknown,United States launches attacks against Iranian rocket launchers near Strait of Hormuz,0.1,Neutral
"Mon, 31 Aug 2026 05:04:19 GMT",Unknown,Live,0.09,Neutral
"Sun, 30 Aug 2026 20:52:03 GMT",Unknown,US forces strike Iranian rocket launchers in Strait of Hormuz as IRGC warns of 'retaliatory response',0.0,Neutral
"Sun, 30 Aug 2026 19:59:55 GMT",Unknown,US strikes IRGC launchers in Iran amid Strait of Hormuz threats,0.0,Neutral
"Sun, 30 Aug 2026 20:04:42 GMT",Unknown,US Strikes Iranian Launchers Near Strait of Hormuz,0.1,Neutral
"Mon, 31 Aug 2026 03:52:42 GMT",Unknown,Iran takes aim at Jordan after US attacks an island in Hormuz,0.0,Neutral
"Sun, 30 Aug 2026 22:52:00 GMT",Unknown,U.S. strikes Iranian launchers in Strait of Hormuz,0.0,Neutral
"Mon, 31 Aug 2026 03:30:00 GMT",Unknown,Iran threatens retaliation as U.S. strikes near Strait of Hormuz,0.1,Neutral
"Mon, 31 Aug 2026 04:25:00 GMT",Unknown,Iran's IRGC says US MQ-9 drone downed over Hormuz Strait,0.0,Neutral
"Mon, 31 Aug 2026 04:56:00 GMT",Unknown,Iran says supertanker struck by mines in Strait of Hormuz,0.0,Neutral
"Sun, 30 Aug 2026 21:36:11 GMT",Unknown,U.S. strikes Iranian launchers near Strait of Hormuz (CL1:COM:Commodity),0.1,Neutral
"Sun, 30 Aug 2026 21:44:00 GMT",Unknown,US Forces Strike Iranian Military as Sea Mines Headed for Strait of Hormuz,-0.1,Neutral
"Mon, 31 Aug 2026 06:32:00 GMT",Unknown,Oil prices rise and stocks fall after US hits Iranian sites in the Strait of Hormuz,0.0,Neutral
"Mon, 31 Aug 2026 05:36:17 GMT",Unknown,Spot rates ease as Hormuz shipping shows slight signs of recovery,-0.17,Neutral
"Mon, 31 Aug 2026 02:14:00 GMT",Unknown,"Trump says Iran's Kharg is being 'blown to smithereens', but gives no details",0.0,Neutral
"Mon, 31 Aug 2026 03:20:00 GMT",Unknown,U.S. renews strikes on Iran near Strait of Hormuz,0.1,Neutral
"Sun, 30 Aug 2026 21:56:31 GMT",Unknown,U.S. forces strike Iranian rocket launchers on Strait of Hormuz; Iran vows retaliation,0.0,Neutral
"Sun, 30 Aug 2026 23:42:52 GMT",Unknown,Vessels Crossing Strait Of Hormuz Drop To 5 Per Day,0.0,Neutral
"Sun, 30 Aug 2026 19:58:25 GMT",Unknown,"US and Iran trade attacks, marking first major military escalation in a month",0.07,Neutral
"Mon, 31 Aug 2026 05:08:41 GMT",Unknown,Iran says supertanker hit mines in Strait of Hormuz,0.0,Neutral
"Sun, 30 Aug 2026 20:29:44 GMT",Unknown,US strikes Iranian rocket launchers near Strait of Hormuz,0.11,Neutral
"Mon, 31 Aug 2026 00:50:03 GMT",Unknown,"U.S. forces have struck Iranian rocket launchers on the Strait of Hormuz, marking their first military action in a month.",0.08,Neutral
"Mon, 31 Aug 2026 06:39:00 GMT",Unknown,Iran’s IRGC says supertanker struck by mines in Strait of Hormuz,0.0,Neutral
"Sun, 30 Aug 2026 21:04:04 GMT",Unknown,"US strikes Iranian launchers in first action in a month, triggering retaliation",0.17,Neutral
"Mon, 31 Aug 2026 05:21:42 GMT",Unknown,Iran retaliates after first US strikes in a month,0.25,Positive
"Sun, 30 Aug 2026 20:54:06 GMT",Unknown,US forces strike Iranian rocket launchers on the Strait of Hormuz,0.0,Neutral
"Sun, 30 Aug 2026 19:38:20 GMT",Unknown,US forces strike Iranian launchers on Larak Island after tanker hit in Hormuz,0.0,Neutral
"Mon, 31 Aug 2026 04:44:20 GMT",Unknown,US strikes stirs fresh mine fears in Strait of Hormuz,0.3,Positive
"Mon, 31 Aug 2026 07:00:00 GMT",Unknown,U.S. Military Strikes IRGC Targets in Iran After IRGC Attacks in Strait of Hormuz: how 14 outlets framed it,-0.1,Neutral
"Mon, 31 Aug 2026 05:45:43 GMT",Unknown,IRGC Navy Says Supertanker Hit by Mines in Strait of Hormuz,0.0,Neutral
"Mon, 31 Aug 2026 00:02:00 GMT",Unknown,Hormuz Strait traffic drops to five vessels crossing per day over weekend,0.0,Neutral
"Mon, 31 Aug 2026 01:04:00 GMT",Unknown,Oil gains as US-Iran strikes renew Hormuz supply fears,0.0,Neutral
"Mon, 31 Aug 2026 04:32:00 GMT",Unknown,Morning Bid: Oil climbs as missiles fly in the Gulf,0.8,Positive
"Sun, 30 Aug 2026 23:24:04 GMT",Unknown,US launches first strikes on Iran in weeks as regime vows revenge,0.25,Positive
"Sun, 30 Aug 2026 16:53:33 GMT",Unknown,Iran’s Hormuz weapon is slipping away. What’s Tehran’s next move?,-0.05,Neutral
"Sun, 30 Aug 2026 17:23:52 GMT",Unknown,Oil tanker struck by 'unknown projectile' in Strait of Hormuz: UKMTO,-0.1,Neutral
"Mon, 31 Aug 2026 02:29:20 GMT",Unknown,Trump’s Iran Strategy in Crisis: Larak Island Strike Exposes Risks to Strait of Hormuz and Global Oil Markets,0.0,Neutral
"Sun, 30 Aug 2026 20:10:00 GMT",Unknown,US strikes Iranian launchers on Larak Island over Strait of Hormuz mine threat,0.0,Neutral
"Sun, 30 Aug 2026 20:40:46 GMT",Unknown,US and Iran exchange fire for the first time in more than a month,0.3,Positive
"Mon, 31 Aug 2026 06:38:04 GMT",Unknown,Brent: Hormuz tensions keep prices supported above $90,0.0,Neutral
"Sun, 30 Aug 2026 19:40:00 GMT",Unknown,U.S. forces have struck two Iranian launchers near Strait of Hormuz,0.1,Neutral
"Mon, 31 Aug 2026 01:03:00 GMT",Unknown,Iran says it is laying new mines near Hormuz,0.12,Neutral
"Sun, 30 Aug 2026 21:46:29 GMT",Unknown,U.S. Forces Strike Iranian Rocket Launchers On The Strait Of Hormuz In First Military Action In Weeks,0.08,Neutral
"Mon, 31 Aug 2026 01:10:00 GMT",Unknown,US says Larak attack targeted ‘imminent threat’ to Hormuz,0.0,Neutral
"Mon, 31 Aug 2026 02:07:00 GMT",Unknown,US hits Iranian rocket launchers off the Strait of Hormuz in first new attack in weeks,0.15,Neutral
"Sun, 30 Aug 2026 23:45:11 GMT",Unknown,"US Conducts Fresh Strikes On Iranian Launchers, Seen As ‘Signal’ To Tehran On Hormuz",0.3,Positive
"Mon, 31 Aug 2026 06:46:14 GMT",Unknown,Oil Prices Rise as Tensions Escalate in the Strait of Hormuz,0.0,Neutral
"Mon, 31 Aug 2026 01:21:37 GMT",Unknown,3 Oil And Gas Stocks To Watch As The Strait Of Hormuz Crisis Lifts Energy Prices,0.0,Neutral
"Mon, 31 Aug 2026 02:36:04 GMT",Unknown,"Iran, US, trade strikes in first fighting in a month",0.25,Positive
"Mon, 31 Aug 2026 05:11:00 GMT",Unknown,Supertanker stopped after hitting mines in Strait of Hormuz,0.0,Neutral
"Sun, 30 Aug 2026 07:04:35 GMT",Unknown,US Must Honor Commitments for Hormuz Reopening: Iranian Deputy FM,0.0,Neutral
"Mon, 31 Aug 2026 01:19:00 GMT",Unknown,US accuses Iran of posing 'imminent threat' in Hormuz Strait,0.0,Neutral
"Mon, 31 Aug 2026 06:59:05 GMT",Unknown,United Arab Emirates says it intercepted an Iranian drone over its territorial waters,0.0,Neutral
"Sun, 30 Aug 2026 23:30:00 GMT",Unknown,US-Iran fighting flares after diplomatic push stalls,0.0,Neutral
"Sun, 30 Aug 2026 23:50:45 GMT",Unknown,US strikes Iran rocket launchers in Hormuz,0.0,Neutral
"Mon, 31 Aug 2026 03:46:36 GMT",Unknown,IRGC says it shot down a US MQ-9 drone over Strait of Hormuz,-0.16,Neutral
"Sun, 30 Aug 2026 11:20:00 GMT",Unknown,"US must fulfill commitments for Hormuz to reopen, Tehran is in no hurry: Iranian deputy FM",0.0,Neutral
"Mon, 31 Aug 2026 03:52:42 GMT",Unknown,Video. Iran takes aim at Jordan after US attacks an island in Hormuz,0.0,Neutral
"Sun, 30 Aug 2026 12:19:02 GMT",Unknown,"The US Navy Says the Hormuz Mine Routes Are Now Clear. It Took 4.5 Months, and China Holds 100,000 More",0.3,Positive
"Mon, 31 Aug 2026 18:06:27 GMT",Unknown,Trump weighing limited strikes against Iran to curb Hormuz attacks,-0.07,Neutral
"Tue, 01 Sep 2026 04:00:00 GMT",Unknown,"Strait of Hormuz commodity vessel transits stay in single digits, data shows",-0.07,Neutral
"Mon, 31 Aug 2026 22:55:43 GMT",Unknown,U.S. and Iran trade strikes for first time in weeks over Strait of Hormuz control,0.25,Positive
"Tue, 01 Sep 2026 01:00:00 GMT",Unknown,Mine Warfare With Iran Hampers U.S. Efforts to Win Control of Hormuz,0.8,Positive
"Mon, 31 Aug 2026 13:03:55 GMT",Unknown,"Can Iran use rockets to mine the Strait of Hormuz, as US claims?",0.0,Neutral
"Tue, 01 Sep 2026 06:29:47 GMT",Unknown,Sinokor VLCC struck three times in Strait of Hormuz,0.0,Neutral
"Mon, 31 Aug 2026 20:36:00 GMT",Unknown,Trump threatens to hit Iran ‘hard’ after U.S. and Iran trade strikes for first time in a month,-0.02,Neutral
"Mon, 31 Aug 2026 14:01:10 GMT",Unknown,The Mine-Free Strait of Hormuz,0.0,Neutral
"Mon, 31 Aug 2026 18:44:00 GMT",Unknown,"More oil flowing through Strait of Hormuz than previously reported, analyst reveals",0.17,Neutral
"Tue, 01 Sep 2026 01:59:00 GMT",Unknown,U.S. crude oil hits $90 per barrel following latest U.S. attacks against Iran,-0.07,Neutral
"Mon, 31 Aug 2026 23:36:27 GMT",Unknown,3 projectiles struck tanker exiting Strait of Hormuz off Oman: UK maritime agency,0.0,Neutral
"Mon, 31 Aug 2026 09:00:38 GMT",Unknown,Inside the dangerous US mission that cleared Iran’s mines from Hormuz shipping lanes,-0.6,Negative
"Mon, 31 Aug 2026 22:29:00 GMT",Unknown,"US and Iran Trade Strikes in Strait of Hormuz, Disrupting Month of Calm",0.3,Positive
"Mon, 31 Aug 2026 11:41:59 GMT",Unknown,LNG Exports Though Hormuz Remain Stalled Even as Oil Flows Rebound,0.0,Neutral
"Mon, 31 Aug 2026 22:32:00 GMT",Unknown,Trump praises China for being ‘relatively inactive’ in Strait of Hormuz crisis,0.0,Neutral
"Mon, 31 Aug 2026 11:00:00 GMT",Unknown,Iran Says Supertanker Hit by Mines in Strait of Hormuz,-0.7,Negative
"Mon, 31 Aug 2026 10:04:30 GMT",Unknown,Attacks flare between the U.S. and Iran after a monthlong pause,0.0,Neutral
"Mon, 31 Aug 2026 21:19:38 GMT",Unknown,U.S. Strikes May Have Targeted a New Type of Iranian Naval Mine,0.14,Neutral
"Mon, 31 Aug 2026 21:27:05 GMT",Unknown,"Iranian media say Saudi oil tanker stopped in Strait of Hormuz, no Saudi confirmation",0.0,Neutral
"Tue, 01 Sep 2026 04:57:58 GMT",Unknown,"US strikes Iran again as retaliation raises fears over gas prices, Strait of Hormuz",0.0,Neutral
"Mon, 31 Aug 2026 21:44:39 GMT",Unknown,Tanker Struck by Three Projectiles on Omani Side of Strait of Hormuz,0.0,Neutral
"Mon, 31 Aug 2026 13:47:30 GMT",Unknown,US and Iran trade strikes after first known US attack in weeks,0.25,Positive
"Tue, 01 Sep 2026 04:17:06 GMT",Unknown,"Trump vows to hit Iran hard, says US escorting dozens of ships in Hormuz",-0.29,Negative
"Mon, 31 Aug 2026 17:03:29 GMT",Unknown,Iran says it shot down MQ-9 drone east of Strait of Hormuz,-0.16,Neutral
"Mon, 31 Aug 2026 21:34:20 GMT",Unknown,Trump vows to hit Iran hard after first exchanges of fire in a month,-0.02,Neutral
"Mon, 31 Aug 2026 20:56:00 GMT",Unknown,This maneuver is boosting oil shipments through the Strait of Hormuz,0.0,Neutral
"Mon, 31 Aug 2026 13:01:53 GMT",Unknown,Qatar extends LNG cancellations as Hormuz disruption drags on,0.0,Neutral
"Mon, 31 Aug 2026 14:51:14 GMT",Unknown,"United Arab Emirates says it has intercepted an Iranian drone over its territorial waters, calls attack 'dangerous escalation'",-0.6,Negative
"Mon, 31 Aug 2026 12:53:53 GMT",Unknown,Vessels Crossing Strait of Hormuz rop to 5 Per Day Over Weekend,0.0,Neutral
"Mon, 31 Aug 2026 22:25:46 GMT",Unknown,Oil Climbs Again as U.S.-Iran Fighting Raises Fresh Hormuz Supply Fears,0.3,Positive
"Tue, 01 Sep 2026 07:00:00 GMT",Unknown,Braw in Foreign Policy on cognitive dissonance in the Strait of Hormuz,-0.12,Neutral
"Mon, 31 Aug 2026 20:20:00 GMT",Unknown,"Trump Considers Limited Strikes on Iran in Strait of Hormuz, Axios Reports",-0.07,Neutral
"Mon, 31 Aug 2026 09:21:48 GMT",Unknown,"Iran attacks Jordan, UAE after US bombs Larak Island: What’s the latest?",0.5,Positive
"Tue, 01 Sep 2026 00:00:00 GMT",Unknown,Conflict With Iran | Global Conflict Tracker,-0.04,Neutral
"Mon, 31 Aug 2026 21:13:19 GMT",Unknown,"A U.S. strike on Iran breaks a month-long lull, and Iran fires back",0.0,Neutral
"Mon, 31 Aug 2026 11:43:12 GMT",Unknown,"U.S. Strikes Iranian Launchers Near Strait of Hormuz, Sending Oil Prices Higher",0.17,Neutral
"Tue, 01 Sep 2026 01:31:06 GMT",Unknown,"Hormuz, Venezuela and Xi",0.0,Neutral
"Mon, 31 Aug 2026 12:57:48 GMT",Unknown,US Pre-empts Iranian Rocket Deployment of Sea Mines in Strait of Hormuz,0.0,Neutral
"Mon, 31 Aug 2026 13:11:00 GMT",Unknown,U.S. says it targeted Iranian rocket launchers in Strait of Hormuz,0.0,Neutral
"Mon, 31 Aug 2026 23:27:00 GMT",Unknown,Tanker struck by three projectiles near Strait of Hormuz,0.07,Neutral
"Mon, 31 Aug 2026 12:39:55 GMT",Unknown,Strait of Hormuz accessibility at the centre of US-Iran war flare-up,0.0,Neutral
"Mon, 31 Aug 2026 12:30:07 GMT",Unknown,Opinion | Move over Strait of Hormuz. Innovation chokepoints are the ones to watch,0.0,Neutral
"Mon, 31 Aug 2026 20:38:24 GMT",Unknown,"Trump says Strait of Hormuz in 'extremely good shape,' touts '30 ships a night' passing through",0.7,Positive
"Tue, 01 Sep 2026 03:09:00 GMT",Unknown,Vance says US now focused on free flow of commerce in Hormuz Strait,0.4,Positive
"Tue, 01 Sep 2026 00:30:34 GMT",Unknown,U.S. and Iran trade strikes over Strait of Hormuz control,0.0,Neutral
"Tue, 01 Sep 2026 00:00:00 GMT",Unknown,Watch Bond Selloff Sends Yields to 2008 High; Hormuz Attacks Escalate | Bloomberg Brief 09/01/2026,0.08,Neutral
"Mon, 31 Aug 2026 22:19:12 GMT",Unknown,War becomes the new normal in the Strait of Hormuz,0.14,Neutral
"Mon, 31 Aug 2026 11:38:30 GMT",Unknown,US Forces Strike Iranian Missile Launchers Near Strait of Hormuz,0.1,Neutral
"Tue, 01 Sep 2026 07:00:00 GMT",Unknown,"On a Clear Day, You Can See Across the Strait of Hormuz",0.1,Neutral
"Tue, 01 Sep 2026 00:17:00 GMT",Unknown,Trump warns Iran as Strait of Hormuz tensions drive up oil prices,0.0,Neutral
"Tue, 01 Sep 2026 00:12:14 GMT",Unknown,"Tanker struck by three projectiles while sailing out of Strait of Hormuz, monitor says",0.0,Neutral
"Tue, 01 Sep 2026 04:13:00 GMT",Unknown,"Five vessels transit Hormuz Strait on Monday, remaining below average traffic",-0.15,Neutral
"Mon, 31 Aug 2026 19:32:00 GMT",Unknown,Oil Futures Eke Out Monthly Gains as U.S. Resumes Strikes,0.0,Neutral
"Mon, 31 Aug 2026 11:38:03 GMT",Unknown,Why Larak Island Is Strategically Important for Iran,0.31,Positive
"Mon, 31 Aug 2026 23:36:12 GMT",Unknown,"Tanker reportedly struck by 3 projectiles in Hormuz transit, report says",0.0,Neutral
"Tue, 01 Sep 2026 03:38:18 GMT",Unknown,US military striking targets in Iran after attempted attacks on shipping,0.2,Neutral
"Wed, 02 Sep 2026 00:42:00 GMT",Unknown,Iran says two tankers have hit Hormuz naval mines. U.S. disputes claim,0.0,Neutral
"Tue, 01 Sep 2026 17:37:12 GMT",Unknown,Two More Oil Tankers Are Attacked in the Strait of Hormuz,0.38,Positive
"Wed, 02 Sep 2026 00:07:11 GMT",Unknown,U.S. and Iran Trade Strikes in Latest Fight for Control of Hormuz,0.5,Positive
"Wed, 02 Sep 2026 03:22:00 GMT",Unknown,"Shipping traffic via Strait of Hormuz stays below 10-day average, data shows",-0.15,Neutral
"Tue, 01 Sep 2026 22:55:25 GMT",Unknown,News Wrap: U.S. strikes Iran after attempted attacks against ships in Strait of Hormuz,0.0,Neutral
"Tue, 01 Sep 2026 20:16:00 GMT",Unknown,Bessent predicts Strait of Hormuz will be ‘worthless’ in 2 years,-0.8,Negative
"Wed, 02 Sep 2026 00:26:16 GMT",Unknown,"U.S. strikes Iran tankers under new ""tanker for tanker"" policy",0.14,Neutral
"Tue, 01 Sep 2026 15:38:26 GMT",Unknown,Qatar says efforts under way to end Iran-US war and reopen Strait of Hormuz,0.0,Neutral
"Tue, 01 Sep 2026 09:54:02 GMT",Unknown,Oil Tanker Struck by Three Projectiles in Strait of Hormuz,0.0,Neutral
"Wed, 02 Sep 2026 04:38:06 GMT",Unknown,US military strikes Iranian tankers in Strait of Hormuz,-0.1,Neutral
"Tue, 01 Sep 2026 20:10:03 GMT",Unknown,U.S. strikes targets in Iran near Strait of Hormuz as Iran says it is retaliating,0.1,Neutral
"Tue, 01 Sep 2026 19:30:00 GMT",Unknown,Bessent Says Strait of Hormuz Obsolete Within Two Years,-0.7,Negative
"Tue, 01 Sep 2026 12:06:25 GMT",Unknown,Oil supertankers hit in Strait of Hormuz,0.0,Neutral
"Tue, 01 Sep 2026 15:47:47 GMT",Unknown,Bessent Says Hormuz Will Be ‘Worthless’ as Oil Bypasses It,-0.8,Negative
"Tue, 01 Sep 2026 14:42:00 GMT",Unknown,Two Tankers Attacked on Midnight Run Through Hormuz,0.0,Neutral
"Tue, 01 Sep 2026 16:54:16 GMT",Unknown,"U.S. strikes Iran as Tehran retaliates, raising risk of wider war",0.0,Neutral
"Tue, 01 Sep 2026 12:31:35 GMT",Unknown,Two tankers carrying Saudi oil attacked in Strait of Hormuz,0.0,Neutral
"Tue, 01 Sep 2026 12:57:00 GMT",Unknown,Oil Prices Rise as Renewed U.S.-Iran Fighting Deepens Hormuz Supply Risks,0.0,Neutral
"Wed, 02 Sep 2026 06:10:00 GMT",Unknown,"Qatari, UAE LNG cargoes transferred via ship-to-ship outside Strait of Hormuz",0.0,Neutral
"Wed, 02 Sep 2026 00:47:00 GMT",Unknown,US energy secretary says 17 million barrels of oil transited Strait of Hormuz on Monday,0.0,Neutral
"Tue, 01 Sep 2026 15:41:52 GMT",Unknown,US-Iran Tensions High After Strikes on Two Tankers in Hormuz,0.16,Neutral
"Wed, 02 Sep 2026 00:26:54 GMT",Unknown,U.S. Launches Intense New Wave of Attacks in Iran,0.16,Neutral
"Wed, 02 Sep 2026 03:44:13 GMT",Unknown,Sinokor VLCC abandoned and listing in Strait of Hormuz,0.0,Neutral
"Tue, 01 Sep 2026 18:13:45 GMT",Unknown,US launches new barrage of strikes on Iran around Strait of Hormuz,0.06,Neutral
"Tue, 01 Sep 2026 16:54:39 GMT",Unknown,US strikes Iranian launchers targeting Strait of Hormuz,0.0,Neutral
"Tue, 01 Sep 2026 23:39:47 GMT",Unknown,"New oil pipelines will make Strait of Hormuz 'worthless', says US Treasury chief",-0.33,Negative
"Tue, 01 Sep 2026 11:35:16 GMT",Unknown,Two Supertankers Hit by Unknown Projectiles in Strait of Hormuz,-0.3,Negative
"Tue, 01 Sep 2026 13:10:16 GMT",Unknown,Blockade succeeds where sanctions failed as Iran oil exports stall,0.1,Neutral
"Wed, 02 Sep 2026 06:22:13 GMT",Unknown,Hormuz and Gallipoli: Unheeded Lessons and the Erosion of Accountability,-0.25,Negative
"Tue, 01 Sep 2026 08:06:09 GMT",Unknown,"Two Oil Supertankers Hit by Projectiles in Hormuz, Marisks Says",0.0,Neutral
"Wed, 02 Sep 2026 01:38:58 GMT",Unknown,Trump says prepared to resume strikes on Iran at 'any time',0.0,Neutral
"Tue, 01 Sep 2026 12:19:00 GMT",Unknown,Day of attacks by U.S. and Iran marks most serious escalation of conflict in weeks,0.08,Neutral
"Tue, 01 Sep 2026 21:04:09 GMT",Unknown,Cognitive Dissonance Dominates Hormuz,-0.12,Neutral
"Tue, 01 Sep 2026 16:58:49 GMT",Unknown,"U.S. military says it completed new strikes against Iran, as Trump warns against retaliation",0.02,Neutral
"Wed, 02 Sep 2026 06:50:08 GMT",Unknown,Pentagon outlines targets hit in Iran operation,0.0,Neutral
"Tue, 01 Sep 2026 11:13:00 GMT",Unknown,US launches new strikes on Iran and Tehran hits back in widening conflict,0.07,Neutral
"Tue, 01 Sep 2026 16:50:44 GMT",Unknown,US military says it is striking targets in Iran,0.2,Neutral
"Wed, 02 Sep 2026 06:15:11 GMT",Unknown,"U.S. military strikes Iran, while Trump vows more for Tehran's retaliation",0.2,Neutral
"Tue, 01 Sep 2026 14:55:08 GMT",Unknown,Two oil tankers reportedly struck as Strait of Hormuz hostilities resume,0.0,Neutral
"Tue, 01 Sep 2026 15:12:56 GMT",Unknown,2 oil tankers struck on Strait of Hormuz; no casualties reported,0.0,Neutral
"Tue, 01 Sep 2026 16:04:02 GMT",Unknown,Two Saudi Crude Tankers Attacked in Strait of Hormuz,-0.7,Negative
"Wed, 02 Sep 2026 02:26:44 GMT",Unknown,US resumes strikes on Iran as war centers on control of Strait of Hormuz,0.0,Neutral
"Wed, 02 Sep 2026 00:00:00 GMT",Unknown,Watch Bessent Says Hormuz Route Will Be Bypassed In the Future,0.0,Neutral
"Wed, 02 Sep 2026 05:24:00 GMT",Unknown,Jordan and Bahrain face Iranian missiles and drones as hostilities flare,0.0,Neutral
"Tue, 01 Sep 2026 20:09:05 GMT",Unknown,Sinokor Maritime VLCC evacuated and listing after Hormuz attack confirmed,0.4,Positive
"Tue, 01 Sep 2026 13:04:39 GMT",Unknown,Iranian Misrepresentations Over the Strait of Hormuz Addressed by Oman,0.0,Neutral
"Tue, 01 Sep 2026 11:51:08 GMT",Unknown,Hormuz Oil Flow Recovery Imperiled by Renewed Tanker Attacks,0.0,Neutral
"Wed, 02 Sep 2026 04:21:06 GMT",Unknown,Trump Strait? Here’s the president’s latest map change suggestion,0.5,Positive
"Wed, 02 Sep 2026 05:33:27 GMT",Unknown,"Iran claims attacks on Bahrain, Jordan, Iraq after US strikes kill 11",0.0,Neutral
"Tue, 01 Sep 2026 10:08:00 GMT",Unknown,Jordan's Aqaba port sees transit cargo boost amid Hormuz disruption,0.0,Neutral
"Wed, 02 Sep 2026 01:01:54 GMT",Unknown,US strikes Iran for second time in two days in battle for Strait of Hormuz,0.0,Neutral
"Wed, 02 Sep 2026 06:42:00 GMT",Unknown,"Iran fires on its Gulf neighbors, retaliating for US strikes after a wedding was hit",0.0,Neutral
"Tue, 01 Sep 2026 21:17:00 GMT",Unknown,Oil Stocks Hit New Highs After U.S. Resumes Strikes in Strait of Hormuz,0.14,Neutral
"Tue, 01 Sep 2026 20:13:00 GMT",Unknown,Global oil prices surge to a 6-week high after the U.S. strikes Iran in Hormuz,0.08,Neutral
"Tue, 01 Sep 2026 17:36:53 GMT",Unknown,Oil prices surge above $94 after U.S. strikes Iran in Hormuz,0.0,Neutral
"Wed, 02 Sep 2026 00:00:00 GMT",Unknown,"Watch US’s Wright on Venezuela Oil Production, SPR, Strait of Hormuz",0.0,Neutral
"Tue, 01 Sep 2026 16:16:59 GMT",Unknown,INTERTANKO: Hormuz Mine Clearance ‘Not Sufficient’ to Restore Normal Shipping,0.15,Neutral
"Tue, 01 Sep 2026 19:57:00 GMT",Unknown,Saudi Arabia Returns to Markets With Dollar-Bond Offering,0.0,Neutral
"Tue, 01 Sep 2026 23:12:00 GMT",Unknown,"US and Iran trade strikes, and other Mideast news",-0.12,Neutral
"Tue, 01 Sep 2026 11:41:34 GMT",Unknown,"‘Hit them hard’: Does Trump have another ‘new’ Iran strategy, can it work?",-0.08,Neutral
"Tue, 01 Sep 2026 23:02:00 GMT",Unknown,U.S. launches new attack on Iran as military conflict escalates,0.02,Neutral
"Tue, 01 Sep 2026 20:42:00 GMT",Unknown,Trump says US Strikes on Iran Retaliate for Hormuz Mine Attempts,0.0,Neutral
"Wed, 02 Sep 2026 05:56:00 GMT",Unknown,"Four commodity vessels transit Hormuz Strait on Tuesday, data shows",0.0,Neutral
"Wed, 02 Sep 2026 02:29:00 GMT",Unknown,US energy secretary says 17 million barrels of oil transited Hormuz Strait on Monday,0.0,Neutral
"Tue, 01 Sep 2026 18:07:14 GMT",Unknown,U.S. strikes IRGC targets in Iran after attempted attacks on vessels in Strait of Hormuz,0.0,Neutral
"Tue, 01 Sep 2026 13:13:17 GMT",Unknown,Iran urges US to honour commitments under MoU,0.0,Neutral
"Tue, 01 Sep 2026 21:52:00 GMT",Unknown,Two supertankers hit in the Strait of Hormuz — as Iranian president extends olive branch,0.0,Neutral
"Tue, 01 Sep 2026 16:20:00 GMT",Unknown,Mideast oil-producing nations scramble for pipeline alternatives to Hormuz,0.0,Neutral
"Wed, 02 Sep 2026 04:51:13 GMT",Unknown,Oil surges above $95 on renewed US-Iran fighting and Hormuz disruption concerns,0.0,Neutral
"Wed, 02 Sep 2026 03:13:31 GMT",Unknown,🚢 Strait of Hormuz risks put oil back in focus,0.0,Neutral
"Wed, 02 Sep 2026 00:32:44 GMT",Unknown,2 oil tankers attacked in the last 48 hrs near Hormuz as Iran steps up maritime pressure: US responds,0.05,Neutral
"Tue, 01 Sep 2026 16:44:00 GMT",Unknown,US military says it’s striking new targets in Iran over attempted attacks in the Strait of Hormuz,0.18,Neutral
"Wed, 02 Sep 2026 01:21:00 GMT",Unknown,"Most oil passes through Strait of Hormuz since war began, Chris Wright says",0.5,Positive
"Tue, 01 Sep 2026 17:16:05 GMT",Unknown,U.S. strikes Iran and Tehran fires back as hostilities flare again,0.0,Neutral
"Wed, 02 Sep 2026 03:17:59 GMT",Unknown,US Energy Secretary: 17 mln oil barrels crossed Strait of Hormuz,0.0,Neutral
"Wed, 02 Sep 2026 06:03:07 GMT",Unknown,Trump again claims 'almost total control' of Hormuz as Iran reports deaths and Houthis warn US allies,0.0,Neutral
"Tue, 01 Sep 2026 09:32:51 GMT",Unknown,"Oil prices jump as US, Iranian attacks stoke fears of escalation",0.0,Neutral
"Wed, 02 Sep 2026 02:54:54 GMT",Unknown,In Depth: Bessent says Strait of Hormuz could become obsolete for oil within two years,0.0,Neutral
"Tue, 01 Sep 2026 08:00:58 GMT",Unknown,LNG WRAP: Asian LNG Climbs to Five-Month High on Hormuz Concerns,0.08,Neutral
"Tue, 01 Sep 2026 18:10:56 GMT",Unknown,"US Forces Strike Iranian Targets Near Strait Of Hormuz, Sending Oil Prices Higher — USO, SPY, QQQ, DIA In Focus",0.17,Neutral
"Tue, 01 Sep 2026 17:41:26 GMT",Unknown,"US launches new strikes on Iran, Tehran hits back in widening conflict",0.05,Neutral
"Tue, 01 Sep 2026 17:13:00 GMT",Unknown,Iran says four projectiles hit cities east of Hormuz Strait,0.0,Neutral
"Wed, 02 Sep 2026 05:01:00 GMT",Unknown,US-Iran escalation raises Hormuz doubts as oil climbs,0.0,Neutral
"Wed, 02 Sep 2026 02:36:28 GMT",Unknown,Four commodity vessels transit Strait of Hormuz Tuesday,0.0,Neutral
"Tue, 01 Sep 2026 23:02:15 GMT",Unknown,Three Tanker Investments to Buy During the Strait of Hormuz Conflict,0.0,Neutral
"Wed, 02 Sep 2026 05:13:33 GMT",Unknown,South Korean Tanker Attacked in Hormuz Strait,0.0,Neutral
"Tue, 01 Sep 2026 16:30:09 GMT",Unknown,Iran crude exports through Hormuz stall for first time on record,-0.18,Neutral
"Tue, 01 Sep 2026 17:05:00 GMT",Unknown,Hormuz hostilities pick up as two tankers reportedly struck,0.0,Neutral
"Wed, 02 Sep 2026 05:51:50 GMT",Unknown,US completes new strikes on Iran as tanker attacks escalate in Strait of Hormuz,0.14,Neutral
"Tue, 01 Sep 2026 15:57:59 GMT",Unknown,Iran Increases Hormuz Pressure with Nearly Simultaneous Attacks on Tankers,0.1,Neutral
"Tue, 01 Sep 2026 15:30:00 GMT",Unknown,Asia Spot LNG Prices Hit 5-Month High as Hormuz Blockage Drags On,-0.13,Neutral
"Tue, 01 Sep 2026 17:46:25 GMT",Unknown,"Video U.S. forces strike Iranian targets in Strait of Hormuz, CENTCOM says",0.5,Positive
"Wed, 02 Sep 2026 04:34:45 GMT",Unknown,Trump: US Has Near-Total Control of Strait of Hormuz...,0.0,Neutral
"Tue, 01 Sep 2026 17:56:00 GMT",Unknown,US-Iran conflict intensifies with fresh attacks from both sides,0.3,Positive
"Wed, 02 Sep 2026 05:37:09 GMT",Unknown,Trump says US launched ‘large and powerful’ strikes near Strait of Hormuz,0.2,Positive
"Wed, 02 Sep 2026 02:24:28 GMT",Unknown,Top US lawmaker Mike Johnson says lying is part of some Iranians’ religion,0.5,Positive
"Wed, 02 Sep 2026 20:48:13 GMT",Unknown,The Strait of Hormuz: A U.S.-Iran Maritime Flash Point,-0.12,Neutral
"Thu, 03 Sep 2026 05:43:18 GMT",Unknown,Trump suggests renaming Strait of Hormuz as Trump Strait amid Iran war,0.0,Neutral
"Wed, 02 Sep 2026 16:04:10 GMT",Unknown,Trump floats renaming Strait of Hormuz the 'Trump Strait',0.0,Neutral
"Wed, 02 Sep 2026 18:59:01 GMT",Unknown,Trump Suggests Renaming Strait of Hormuz the 'Trump Strait' Amid Renewed Iran Hostilities,0.0,Neutral
"Wed, 02 Sep 2026 16:03:00 GMT",Unknown,Trump floats renaming Strait of Hormuz after himself,0.0,Neutral
"Wed, 02 Sep 2026 07:35:58 GMT",Unknown,U.S. military launches fresh strikes in the Strait of Hormuz,0.1,Neutral
"Thu, 03 Sep 2026 03:09:42 GMT",Unknown,Iran claims new naval mines laid in Strait of Hormuz,0.14,Neutral
"Wed, 02 Sep 2026 18:05:28 GMT",Unknown,Divide between energy trackers and the White House deepens over how much oil is getting through the Strait of Hormuz,0.1,Neutral
"Wed, 02 Sep 2026 15:32:09 GMT",Unknown,"Iran blacklists more ships trying to sail through Hormuz, govt website shows",0.5,Positive
"Thu, 03 Sep 2026 05:57:20 GMT",Unknown,Has Iran modified its rocket systems to fire mines into the Strait of Hormuz?,0.0,Neutral
"Wed, 02 Sep 2026 17:25:19 GMT",Unknown,Trump Proposes Renaming Strait Of Hormuz ‘Trump Strait’,0.0,Neutral
"Wed, 02 Sep 2026 18:28:00 GMT",Unknown,Trump suggests renaming the Strait of Hormuz near Iran to Trump Strait,0.1,Neutral
"Wed, 02 Sep 2026 16:00:00 GMT",Unknown,"Syria, eyeing role as Middle East hub, offers options to bypass Hormuz",0.05,Neutral
"Wed, 02 Sep 2026 15:49:00 GMT",Unknown,Tracking ship traffic through the Strait of Hormuz. Updated regularly.,0.0,Neutral
"Wed, 02 Sep 2026 11:49:20 GMT",Unknown,Energy Secretary Chris Wright tells CNBC more than 17 million barrels of oil transited Hormuz on Monday,0.5,Positive
"Wed, 02 Sep 2026 19:28:05 GMT",Unknown,Saudi Arabia condemns deadly Iranian attack on tanker in Strait of Hormuz,-0.2,Neutral
"Thu, 03 Sep 2026 01:44:25 GMT",Unknown,US forces escort 18M barrels of oil through Strait of Hormuz: Report,0.0,Neutral
"Wed, 02 Sep 2026 13:12:13 GMT",Unknown,"Saudi Arabia says Iran attacked vessel in Hormuz, killing two sailors",0.0,Neutral
"Thu, 03 Sep 2026 04:31:37 GMT",Unknown,"Asia looks to store oil, gas closer to home after Strait of Hormuz crisis",0.0,Neutral
"Wed, 02 Sep 2026 16:39:56 GMT",Unknown,Trump touts US control of Strait of Hormuz after striking Iranian boats,0.5,Positive
"Wed, 02 Sep 2026 20:06:00 GMT",Unknown,"Trump administration says more oil left Hormuz this week than before war, but data says otherwise",0.25,Positive
"Wed, 02 Sep 2026 21:05:20 GMT",Unknown,Trump proposes renaming the Strait of Hormuz the ‘Trump Strait.’ Can he do that?,0.0,Neutral
"Thu, 03 Sep 2026 01:14:00 GMT",Unknown,CNBC Daily Open: U.S.-China meeting in focus while Trump wants to rename the Strait of Hormuz,0.07,Neutral
"Thu, 03 Sep 2026 02:22:10 GMT",Unknown,Sources: Aides want to keep Iran war from escalating ahead of midterms,0.0,Neutral
"Thu, 03 Sep 2026 02:13:00 GMT",Unknown,Tehran targets U.S. allies in Gulf after U.S. launched ‘large and powerful’ strikes on Iran,0.26,Positive
"Wed, 02 Sep 2026 14:01:58 GMT",Unknown,Saudi Oil Exports Dive as Tankers at Risk From Hormuz to Red Sea,0.0,Neutral
"Wed, 02 Sep 2026 15:34:00 GMT",Unknown,"With Hormuz Choked, Syria Offers an Alternative",0.1,Neutral
"Wed, 02 Sep 2026 09:34:48 GMT",Unknown,"Iran’s IRGC says 2 oil tankers hit mines in Strait of Hormuz, warns shipping companies",0.0,Neutral
"Wed, 02 Sep 2026 12:59:10 GMT",Unknown,"Filipino sailors killed in Iranian Hormuz attack, Saudi Arabia says",-0.2,Neutral
"Wed, 02 Sep 2026 09:14:54 GMT",Unknown,"Every time Iran talks about de-escalation, something happens in Hormuz",0.0,Neutral
"Thu, 03 Sep 2026 04:37:00 GMT",Unknown,"Trump Says Iran Strikes to Be Short, Asserts Hormuz Control",0.0,Neutral
"Wed, 02 Sep 2026 16:41:43 GMT",Unknown,"Amid war with Iran, Trump muses renaming Hormuz as ‘Trump Strait’",0.0,Neutral
"Thu, 03 Sep 2026 03:59:00 GMT",Unknown,Shipping stocks at a crossroads amid their best rally in decades,1.0,Positive
"Thu, 03 Sep 2026 00:00:00 GMT",Unknown,"Watch Trump Says 'Doing Well' in Iran, Asserts Hormuz Control",0.0,Neutral
"Thu, 03 Sep 2026 02:48:00 GMT",Unknown,COMMENTARY: A remote shale gas basin in Australia answers Hormuz security fears,-0.1,Neutral
"Wed, 02 Sep 2026 21:49:41 GMT",Unknown,Trump Suggests Renaming the Strait of Hormuz,0.0,Neutral
"Wed, 02 Sep 2026 22:50:57 GMT",Unknown,"60 targets struck, 18M barrels of oil protected: The US military’s record day in the Strait of Hormuz",-0.1,Neutral
"Wed, 02 Sep 2026 11:00:00 GMT",Unknown,Qatar and UAE Turn to Rare LNG Ship Transfers as Hormuz Crisis Drags On,-0.03,Neutral
"Wed, 02 Sep 2026 14:30:45 GMT",Unknown,New pipelines will not make Strait of Hormuz ‘worthless’,-0.33,Negative
"Wed, 02 Sep 2026 19:45:41 GMT",Unknown,Trump warns of bigger response if Iran keeps targeting US forces and shipping,0.0,Neutral
"Wed, 02 Sep 2026 17:10:28 GMT",Unknown,"Trump Suggests Renaming Hormuz As ""Trump Strait"". White House Says This",0.0,Neutral
"Wed, 02 Sep 2026 12:51:06 GMT",Unknown,"More oil flowed through the Strait of Hormuz on Monday than since before the Iran war, official says",0.5,Positive
"Wed, 02 Sep 2026 22:00:28 GMT",Unknown,The Hormuz Trap: American Superiority and the Cost of Iranian Leverage,0.07,Neutral
"Wed, 02 Sep 2026 19:08:04 GMT",Unknown,Trump Threatens to Rename Strait of Hormuz for Himself as War Pushes Diesel Prices Toward Record High,0.01,Neutral
"Thu, 03 Sep 2026 03:48:34 GMT",Unknown,Tankers cross Hormuz at night with transponders off under US protection,0.0,Neutral
"Thu, 03 Sep 2026 01:31:41 GMT",Unknown,Trump Floats Renaming the Strait of Hormuz the ‘Trump Strait’ as Iran War Drags On,0.0,Neutral
"Wed, 02 Sep 2026 14:10:52 GMT",Unknown,U.S. and Iran Exchange Most Intense Attacks in Weeks Amid Renewed Hostilities,0.35,Positive
"Thu, 03 Sep 2026 05:22:00 GMT",Unknown,"Iran dismisses US claims of control over Hormuz Strait, says it laid more naval mines",0.5,Positive
"Wed, 02 Sep 2026 22:33:34 GMT",Unknown,Crossing Hormuz in the dark: The secret oil operation testing Trump’s claims,-0.28,Negative
"Wed, 02 Sep 2026 16:14:00 GMT",Unknown,"""Trump Strait""? President floats renaming Hormuz waterway",0.0,Neutral
"Wed, 02 Sep 2026 16:05:59 GMT",Unknown,"Trump Strait? President proposes renaming Hormuz, citing U.S. control",0.0,Neutral
"Thu, 03 Sep 2026 06:10:00 GMT",Unknown,Japan’s Mitsui OSK Sees Risk to Hormuz Shipping Through Year-End,0.0,Neutral
"Wed, 02 Sep 2026 16:30:00 GMT",Unknown,Hormuz Traffic Craters to Four Ships as Iran-U.S. Strikes Escalate,-0.7,Negative
"Thu, 03 Sep 2026 04:50:00 GMT",Unknown,US says Hormuz oil shipments near pre-conflict levels,0.1,Neutral
"Wed, 02 Sep 2026 18:38:01 GMT",Unknown,The Hormuz bill crippling Washington’s allies,0.0,Neutral
"Wed, 02 Sep 2026 15:45:58 GMT",Unknown,Two Seafarers Killed in Strait of Hormuz Tanker Attack,-0.2,Neutral
"Wed, 02 Sep 2026 09:52:25 GMT",Unknown,"As US Forces Hit Iranian Targets, Bessent Claims Hormuz Will Be 'Worthless Piece of Water' in 2 Years",-0.8,Negative
"Wed, 02 Sep 2026 19:43:00 GMT",Unknown,Trump floats renaming Strait of Hormuz as 'Trump Strait',0.0,Neutral
"Wed, 02 Sep 2026 21:58:00 GMT",Unknown,"Hormuz oil flows improve as Venezuela investment grows, but gas relief lags",0.0,Neutral
"Thu, 03 Sep 2026 04:35:00 GMT",Unknown,Trump suggests renaming Strait of Hormuz after himself,0.0,Neutral
"Thu, 03 Sep 2026 07:00:00 GMT",Unknown,LNG supply still down 9% as Hormuz risk linger,-0.16,Neutral
"Thu, 03 Sep 2026 04:59:12 GMT",Unknown,Data shows Gulf shipping traffic via Hormuz below 10-day average,-0.15,Neutral
"Wed, 02 Sep 2026 20:46:50 GMT",Unknown,Trump Floats Renaming The Strait Of Hormuz ‘Trump Strait’,0.0,Neutral
"Thu, 03 Sep 2026 04:48:00 GMT",Unknown,"Shipping traffic via Hormuz Strait below 10-day average, data shows",-0.15,Neutral
"Wed, 02 Sep 2026 23:40:12 GMT",Unknown,40 ships: CentCom escorts record 18 million barrels of oil through Hormuz as US-Iran strikes flare: report,0.0,Neutral
"Wed, 02 Sep 2026 20:00:56 GMT",Unknown,Donald Trump Suggests Renaming Strait of Hormuz as 'Trump Strait' Amid US-Iran Fighting: 96 outlets compared,0.0,Neutral
"Wed, 02 Sep 2026 07:15:00 GMT",Unknown,Hormuz Shipping Slumps as U.S.-Iran Strikes Rattle Oil Markets,-0.7,Negative
"Thu, 03 Sep 2026 04:30:55 GMT",Unknown,"'We now control the Hormuz Strait,' says Donald Trump after Iran war reignites",0.0,Neutral
"Thu, 03 Sep 2026 05:49:22 GMT",Unknown,US Military Escorts 40 Commercial Vessels Through Strait of Hormuz,-0.05,Neutral
"Thu, 03 Sep 2026 05:40:17 GMT",Unknown,PGSA Updates Hormuz Strait Blacklist,0.0,Neutral
"Thu, 03 Sep 2026 06:44:48 GMT",Unknown,US escorts 40 tankers carrying 18M barrels of oil through Hormuz: Report,0.0,Neutral
"Wed, 02 Sep 2026 23:02:33 GMT",Unknown,"[Morning Flash] Rename the Strait of Hormuz to the ""Trump Strait""? Broadcom swings wildly in after-hours trading following earnings; Snowflake surges 22%",0.05,Neutral
"Wed, 02 Sep 2026 13:08:56 GMT",Unknown,US strikes on Iran aimed to foil plot against Hormuz undersea cables,0.0,Neutral
"Thu, 03 Sep 2026 05:29:27 GMT",Unknown,US embassy warns Egyptian firms against Hormuz dealings with Iran,0.0,Neutral
"Wed, 02 Sep 2026 16:43:39 GMT",Unknown,"Iran retaliates with missiles and drones, defying Trump’s warning",0.0,Neutral
"Thu, 03 Sep 2026 00:46:00 GMT",Unknown,Oil prices hit fresh 6-week highs on renewed Middle East tensions,0.15,Neutral
"Thu, 03 Sep 2026 06:00:00 GMT",Unknown,COMMENTARY: Why oil importers are learning to live with longer trade routes,0.14,Neutral
"Wed, 02 Sep 2026 18:40:00 GMT",Unknown,Trump floats renaming Strait of Hormuz the ‘Trump Strait’,0.0,Neutral
"Wed, 02 Sep 2026 17:28:13 GMT",Unknown,"Trump says US 'controls' Strait of Hormuz, floats renaming it after himself",0.0,Neutral
"Wed, 02 Sep 2026 17:50:00 GMT",Unknown,"'TRUMP STRAIT?' Trump threatens to name the Strait of Hormuz after himself as US, Iran trade strikes",0.0,Neutral
"Thu, 03 Sep 2026 04:55:21 GMT",Unknown,Six commodity vessels transit the Strait of Hormuz – Reuters,0.0,Neutral
"Thu, 03 Sep 2026 07:00:00 GMT",Unknown,"South Korea Reviews Military Options for Strait of Hormuz, Denies Deployment Decision: 15 outlets compared",-0.1,Neutral
"Wed, 02 Sep 2026 20:33:00 GMT",Unknown,"Trump suggests changing Strait of Hormuz name to ""Trump Strait""",0.0,Neutral
"Thu, 03 Sep 2026 06:13:59 GMT",Unknown,Shipping stocks hit decade-plus highs as Hormuz turmoil tightens capacity (DAC:NYSE),0.0,Neutral
"Thu, 03 Sep 2026 03:07:57 GMT",Unknown,US escorts 40 vessels carrying 18 million barrels through Hormuz,0.0,Neutral
"Thu, 03 Sep 2026 03:05:04 GMT",Unknown,"Trump Says US Ready for More Strikes on Iran, Floats Renaming Strait of Hormuz",0.35,Positive
"Thu, 03 Sep 2026 03:00:00 GMT",Unknown,Analysis • Could China hold the key to breaking the U.S.-Iran impasse?,0.0,Neutral
"Thu, 03 Sep 2026 00:37:57 GMT",Unknown,How Iraq’s Bet On Pipeline Revival Could Help Bypass Hormuz – Analysis,0.0,Neutral
"Wed, 02 Sep 2026 20:35:46 GMT",Unknown,"Saudi Arabia Condemns Iranian Attack on Bahri Tanker in Strait of Hormuz, Killing Two Filipino Sailors",0.0,Neutral
"Wed, 02 Sep 2026 07:04:00 GMT",Unknown,"Qatari, UAE LNG Cargoes Transferred Via Ship-to-Ship Outside Strait of Hormuz",0.0,Neutral
"Wed, 02 Sep 2026 21:40:31 GMT",Unknown,Iran conflict ‘laid bare’ Europe and China’s dependence on the Strait of Hormuz: Conway,0.05,Neutral
"Wed, 02 Sep 2026 21:47:00 GMT",Unknown,Trump says 'lots of boats' use Hormuz every day — the data says otherwise,0.0,Neutral
"Fri, 04 Sep 2026 06:38:08 GMT",Unknown,"Gulf shipping traffic via Hormuz keeps below 10-day average, data shows",-0.15,Neutral
"Fri, 04 Sep 2026 06:47:06 GMT",Unknown,Panama Canal restricts traffic amid Hormuz crisis: Why this matters,0.0,Neutral
"Fri, 04 Sep 2026 02:56:56 GMT",Unknown,"Trump says Iran war is 'small potatoes', Israel strikes southern Lebanon",-0.12,Neutral
"Fri, 04 Sep 2026 02:45:00 GMT",Unknown,U.S. 'Economic Outcast’ operation gains momentum as EU joins sanctions; South Korea weighs military backing,0.05,Neutral
"Fri, 04 Sep 2026 05:00:00 GMT",Unknown,"2026 Iran war | Deal, Explained, United States, Israel, Strait of Hormuz, Map, & Conflict",0.0,Neutral
"Thu, 03 Sep 2026 15:18:50 GMT",Unknown,"US strikes degrade Iran’s Strait of Hormuz capabilities, ISW says",0.0,Neutral
"Thu, 03 Sep 2026 13:41:00 GMT",Unknown,EVs Helped Make China Hormuz-Proof—and They Are Still Just Getting Started,0.0,Neutral
"Thu, 03 Sep 2026 20:04:53 GMT",Unknown,Trump can't rename the Strait of Hormuz after himself. So why does he keep bringing it up?,0.0,Neutral
"Thu, 03 Sep 2026 16:37:00 GMT",Unknown,Oman quietly rejects Iran’s pitch for Strait of Hormuz fees — despite IRGC claim of deal,0.0,Neutral
"Fri, 04 Sep 2026 07:00:00 GMT",Unknown,ADNOC Keeps Loading LNG as Hormuz Risks Intensify,-0.7,Negative
"Fri, 04 Sep 2026 05:13:19 GMT",Unknown,Watch Maniatis: Hormuz Escalation Risk Has Eased,0.0,Neutral
"Fri, 04 Sep 2026 05:59:00 GMT",Unknown,Natural Gas and Oil Forecast: Hormuz Risks Lift WTI as U.S. Crude Stocks Fall,-0.3,Negative
"Thu, 03 Sep 2026 15:43:50 GMT",Unknown,How much oil is going through Hormuz? Why data doesn’t match US claims,0.2,Neutral
"Fri, 04 Sep 2026 06:47:00 GMT",Unknown,Video shows ships near Strait of Hormuz,0.1,Neutral
"Thu, 03 Sep 2026 21:38:00 GMT",Unknown,DMW: 2 Filipinos dead in Strait of Hormuz attack,-0.2,Neutral
"Thu, 03 Sep 2026 22:03:00 GMT",Unknown,"South Korea reviewing military options for Hormuz, no decision made, official says",-0.1,Neutral
"Thu, 03 Sep 2026 13:11:32 GMT",Unknown,Donald Trump eyes Syria as future energy hub beyond Strait of Hormuz,0.0,Neutral
"Fri, 04 Sep 2026 02:21:00 GMT",Unknown,"South Korea reviewing options to support Hormuz navigation, official says",0.0,Neutral
"Fri, 04 Sep 2026 06:25:11 GMT",Unknown,South Korea weighs Strait of Hormuz deployment amid US pressure,0.0,Neutral
"Fri, 04 Sep 2026 03:55:36 GMT",Unknown,"Seoul reviews Hormuz troop deployment among options, no decision yet",0.0,Neutral
"Fri, 04 Sep 2026 03:37:37 GMT",Unknown,US: 87 vessels redirected so far in Hormuz Strait,0.1,Neutral
"Fri, 04 Sep 2026 02:38:18 GMT",Unknown,South Korea preparing for Strait of Hormuz deployment: Report,0.0,Neutral
"Fri, 04 Sep 2026 02:39:34 GMT",Unknown,South Korea says no decision reached on deploying forces to Hormuz,0.0,Neutral
"Thu, 03 Sep 2026 17:00:11 GMT",Unknown,"Strait of Hormuz Stalemate Worsens As US, Iran Refuse to Back Down",-0.08,Neutral
"Fri, 04 Sep 2026 04:05:00 GMT",Unknown,"South Korea weighs options to support Hormuz Strait navigation, including military measures",-0.1,Neutral
"Thu, 03 Sep 2026 13:41:00 GMT",Unknown,Oil transiting Strait of Hormuz nearing pre-war daily average,-0.07,Neutral
"Thu, 03 Sep 2026 20:13:57 GMT",Unknown,"Oil prices mixed as investors weigh Middle East escalation, chance of Russia-Ukraine peace deal",0.0,Neutral
"Fri, 04 Sep 2026 06:45:11 GMT",Unknown,Hormuz shipping traffic remains well below 10-day average,-0.15,Neutral
"Thu, 03 Sep 2026 19:02:49 GMT",Unknown,Strait of Hormuz Is the Latest Thing Trump May Try to Name After Himself,0.5,Positive
"Thu, 03 Sep 2026 16:33:13 GMT",Unknown,"Watch Trump Says Iran Strikes to Be Short, Asserts Hormuz Control",0.0,Neutral
"Thu, 03 Sep 2026 21:18:37 GMT",Unknown,President Trump proposes renaming Strait of Hormuz after himself,0.0,Neutral
"Thu, 03 Sep 2026 16:54:49 GMT",Unknown,War Risk Claims Top $2 Billion as Shipping Attacks Spread Beyond Hormuz,0.5,Positive
"Fri, 04 Sep 2026 05:54:37 GMT",Unknown,Shipping disputes rise as Hormuz disruption tests force majeure clauses,0.0,Neutral
"Thu, 03 Sep 2026 21:16:00 GMT",Unknown,Vance pours cold water on diplomacy with Iran as battle over Hormuz continues,-0.6,Negative
"Thu, 03 Sep 2026 22:57:11 GMT",Unknown,South Korea Prepares To Deploy Troops To Strait Of Hormuz,0.0,Neutral
"Fri, 04 Sep 2026 02:53:00 GMT",Unknown,South Korea preparing for Strait of Hormuz deployment,0.0,Neutral
"Fri, 04 Sep 2026 06:20:14 GMT",Unknown,"Sechin says China has overcome Hormuz crisis with reserves, Russia ties",0.0,Neutral
"Thu, 03 Sep 2026 14:20:00 GMT",Unknown,“Schrodinger’s Strait:” Why Hormuz Now Exists in a State of Permanent Uncertainty,0.0,Neutral
"Fri, 04 Sep 2026 04:22:00 GMT",Unknown,US rules out Iran talks unless Hormuz shipping attacks stop,0.0,Neutral
"Fri, 04 Sep 2026 06:54:45 GMT",Unknown,Blue House Reviews Hormuz Deployment Within Readiness Scope,0.0,Neutral
"Fri, 04 Sep 2026 03:21:00 GMT",Unknown,"Under pressure, Iran lashes out and ramps up rhetoric",0.0,Neutral
"Fri, 04 Sep 2026 02:38:00 GMT",Unknown,"Iran targets Kuwait in retaliation for US bombardments, and other Mideast news",-0.12,Neutral
"Fri, 04 Sep 2026 05:07:00 GMT",Unknown,South Korea plans for military deployment in Strait of Hormuz amid US pressure,-0.1,Neutral
"Thu, 03 Sep 2026 21:17:00 GMT",Unknown,"JD Vance Say U.S. Cuts Contact With Iran Over Hormuz, China Willing to Back Embargo",0.12,Neutral
"Thu, 03 Sep 2026 14:54:53 GMT",Unknown,Conflict branded a war of losers as US launches new round of strikes in Strait of Hormuz,-0.09,Neutral
"Fri, 04 Sep 2026 04:55:23 GMT",Unknown,Adnoc Keeps Loading LNG on Tankers Despite Hormuz Disruption,0.0,Neutral
"Fri, 04 Sep 2026 06:58:59 GMT",Unknown,EU backs ‘Operation Economic Outcast’ as South Korea weighs Hormuz deployment,0.27,Positive
"Fri, 04 Sep 2026 06:39:45 GMT",Unknown,Citi lifts Q3 Brent view as Hormuz reopening slips,0.0,Neutral
"Thu, 03 Sep 2026 14:40:37 GMT",Unknown,"""Habibi, Come To Iran"": Tehran Mocks US With 'Minesweeper' Game Over Hormuz",-0.4,Negative
"Thu, 03 Sep 2026 23:30:45 GMT",Unknown,"JD Vance Declines Timeline for Iran War End, Cites Strait of Hormuz Attacks: 38 outlets compared",0.0,Neutral
"Fri, 04 Sep 2026 03:02:22 GMT",Unknown,South Korea says military options under review for Hormuz contribution,-0.07,Neutral
"Fri, 04 Sep 2026 03:31:35 GMT",Unknown,"South Korea prepares Hormuz military deployment, media reports say",-0.07,Neutral
"Fri, 04 Sep 2026 05:52:59 GMT",Unknown,Crude Oil Steadies as Hormuz Eases Supply Fears,-0.7,Negative
"Fri, 04 Sep 2026 04:11:00 GMT",Unknown,South Korea Considers Sending Naval Ship and Troops to Strait of Hormuz | Reports,0.0,Neutral
"Thu, 03 Sep 2026 17:08:02 GMT",Unknown,'This is GREAT': Trump lauds Syria 'pitching itself' as alternative to Strait of Hormuz amid Iran war | World News,0.8,Positive
"Thu, 03 Sep 2026 18:42:48 GMT",Unknown,Hormuz shipping slumps as U.S.-Iran strikes rattle oil markets,0.0,Neutral
"Fri, 04 Sep 2026 05:00:00 GMT",Unknown,APTOPIX Iran War Strait of Hormuz,0.0,Neutral
"Fri, 04 Sep 2026 00:05:27 GMT",Unknown,Korea weighs Strait of Hormuz deployment amid U.S. pressure,0.0,Neutral
"Thu, 03 Sep 2026 20:51:00 GMT",Unknown,US military says 87 vessels diverted so far in Strait of Hormuz,0.0,Neutral
"Fri, 04 Sep 2026 02:18:29 GMT",Unknown,Two Filipino Sailors Die in Hormuz; Saudi Arabia Urges De-escalation,0.0,Neutral
"Thu, 03 Sep 2026 11:23:40 GMT",Unknown,Iran tests Trump with Gulf strikes as US touts Hormuz oil surge and battered carrier raises alarms,0.0,Neutral
"Fri, 04 Sep 2026 06:48:12 GMT",Unknown,Korean Presidential Office Reviews Hormuz Troop Dispatch,0.0,Neutral
"Thu, 03 Sep 2026 22:42:55 GMT",Unknown,South Korea reportedly readying to deploy military forces to Hormuz amid US pressure,-0.1,Neutral
"Fri, 04 Sep 2026 05:31:36 GMT",Unknown,"An Israeli release, a shipping slowdown and other Mideast news",-0.12,Neutral
"Thu, 03 Sep 2026 13:00:00 GMT",Unknown,"Hormuz Disruptions Could Drag Into Next Year, Japanese Tanker Giant Warns",-0.1,Neutral
"Fri, 04 Sep 2026 05:58:54 GMT",Unknown,Shafaq News..Oil heads for sharp weekly gain on US-Iran tensions,-0.12,Neutral
"Fri, 04 Sep 2026 06:09:17 GMT",Unknown,South Korea steps up preparations for Hormuz deployment,0.5,Positive
"Thu, 03 Sep 2026 12:00:00 GMT",Unknown,Iraq Hikes Oil Exports via Hormuz in Boon for Asian Refiners,-0.23,Negative
"Fri, 04 Sep 2026 02:28:58 GMT",Unknown,South Korean official confirms potential military mission in Hormuz being considered,-0.05,Neutral
"Thu, 03 Sep 2026 19:42:31 GMT",Unknown,Satellite Images Contradict Trump’s Claim on Oil Flow Through Strait of Hormuz,0.0,Neutral
"Thu, 03 Sep 2026 22:09:01 GMT",Unknown,Trump Says Oil Is Flowing Through Hormuz. Independent Trackers Show a Different Picture.,0.0,Neutral
"Fri, 04 Sep 2026 03:37:09 GMT",Unknown,Strait of Hormuz not to open without Iran's consent: official,0.0,Neutral
"Thu, 03 Sep 2026 13:28:22 GMT",Unknown,Oil prices little changed after Iran fires missiles at Kuwait,-0.19,Neutral
"Fri, 04 Sep 2026 03:17:04 GMT",Unknown,87 vessels redirected so far in Hormuz Strait: US,0.1,Neutral
"Thu, 03 Sep 2026 21:10:23 GMT",Unknown,Vance says no talks with Iran until Hormuz attacks stop,0.0,Neutral
"Fri, 04 Sep 2026 03:40:42 GMT",Unknown,Seoul weighs ‘contributions’ to Hormuz security after pressure from Trump,0.0,Neutral
"Thu, 03 Sep 2026 21:59:46 GMT",Unknown,Oil Jumps as US-Iran Tensions Threaten Hormuz,0.0,Neutral
"Fri, 04 Sep 2026 02:48:43 GMT",Unknown,'This is great': Trump hails Syria's push for alternative to Strait of Hormuz amid US-Iran war,0.8,Positive
"Thu, 03 Sep 2026 18:06:09 GMT",Unknown,"IRGC should sever international fiber-optic cables, Iran media demands",0.0,Neutral
"Thu, 03 Sep 2026 07:55:39 GMT",Unknown,2 Filipino seafarers killed in oil tanker attack near Strait of Hormuz—DMW,-0.05,Neutral
"Thu, 03 Sep 2026 18:42:10 GMT",Unknown,Liberian-flagged tanker carrying 2 million barrels of Saudi crude hit by 3 unknown projectiles in Strait of Hormuz as Africa faces fuel pressure,-0.4,Negative
"Thu, 03 Sep 2026 23:52:53 GMT",Unknown,Trump says Syria May Help Bypass Strait of Hormuz,0.0,Neutral
"Fri, 04 Sep 2026 03:06:42 GMT",Unknown,The Commodities Feed: Oil maintains gains amid Persian Gulf escalation,0.1,Neutral
"Fri, 04 Sep 2026 06:47:51 GMT",Unknown,US says Iran must halt attacks on commercial ships before talks,0.13,Neutral
"Thu, 03 Sep 2026 17:58:00 GMT",Unknown,"Hormuz closures redraw shipping lanes, lifting rates: Mitsui O.S.K. CFO",0.0,Neutral
"Fri, 04 Sep 2026 04:44:30 GMT",Unknown,South Korea Prepares For Hormuz Military Deployment,-0.1,Neutral
"Fri, 04 Sep 2026 13:11:08 GMT",Unknown,The US wants to manage the stalemate in the Strait of Hormuz. Iran wants to break it,0.2,Neutral
"Fri, 04 Sep 2026 12:16:39 GMT",Unknown,South Korea mulls ‘contributions’ in Strait of Hormuz,0.0,Neutral
"Fri, 04 Sep 2026 16:33:00 GMT",Unknown,"U.S., Iran Trade Strikes in Strait of Hormuz as Both Battle on Social Media",0.03,Neutral
"Fri, 04 Sep 2026 09:55:24 GMT",Unknown,The coming verdict on Trump's Strait of Hormuz claims,0.0,Neutral
"Fri, 04 Sep 2026 12:30:00 GMT",Unknown,How Much Oil Is Really Getting Through the Strait of Hormuz,0.02,Neutral
"Fri, 04 Sep 2026 09:24:00 GMT",Unknown,South Korea pushes back on reports it is readying Hormuz deployment amid US pressure,0.0,Neutral
"Fri, 04 Sep 2026 09:14:38 GMT",Unknown,"South Korea Paving Way to Send Troops to Hormuz, Reports Say",0.0,Neutral
"Fri, 04 Sep 2026 19:09:28 GMT",Unknown,Could Hormuz offer a way out of the US-Iran war?,0.0,Neutral
"Fri, 04 Sep 2026 23:37:38 GMT",Unknown,"South Korea weighs combat, noncombat roles in Hormuz mission",0.0,Neutral
"Fri, 04 Sep 2026 16:43:00 GMT",Unknown,How much oil is getting through the Strait of Hormuz?,0.2,Neutral
"Sat, 05 Sep 2026 01:09:00 GMT",Unknown,"Maritime traffic through Hormuz significantly reduced, UKMTO says",0.38,Positive
"Fri, 04 Sep 2026 19:39:44 GMT",Unknown,Oil Prices Set for Weekly Gains Amid Hormuz Security Risks,0.0,Neutral
"Fri, 04 Sep 2026 19:17:52 GMT",Unknown,"Trump says US may hit Iran's Pickaxe Mountain soon, new oil pipelines may replace Hormuz",0.14,Neutral
"Fri, 04 Sep 2026 14:46:00 GMT",Unknown,South Korea considers 'military contributions' in Strait of Hormuz,-0.1,Neutral
"Fri, 04 Sep 2026 21:49:08 GMT",Unknown,Trump says alternatives are reducing reliance on Strait of Hormuz,0.0,Neutral
"Fri, 04 Sep 2026 15:58:36 GMT",Unknown,Iraq Is in Process of Seeking Oil Tankers for Hormuz Strait Runs,0.0,Neutral
"Fri, 04 Sep 2026 16:28:25 GMT",Unknown,Could Syria's railway revival offer an alternative to Hormuz,0.0,Neutral
"Fri, 04 Sep 2026 09:43:58 GMT",Unknown,Seoul says no decision yet on Hormuz military deployment,-0.1,Neutral
"Fri, 04 Sep 2026 16:03:57 GMT",Unknown,CT shipping company orders three vessels for $345M as Hormuz closure causes shipping rates to soar,0.0,Neutral
"Fri, 04 Sep 2026 22:11:04 GMT",Unknown,Iraq Seeks Tankers for Strait of Hormuz Transits,0.0,Neutral
"Fri, 04 Sep 2026 10:10:00 GMT",Unknown,South Korea Reviews Military Role in Strait of Hormuz,-0.1,Neutral
"Fri, 04 Sep 2026 08:00:00 GMT",Unknown,"Vance ""extremely skeptical"" U.S. strike hit Iran wedding party, says he wouldn't call conflict a war",-0.5,Negative
"Fri, 04 Sep 2026 23:19:00 GMT",Unknown,"Kpler says Hormuz traffic dropped sharply on 31 August, Bab el-Mandeb stable",-0.12,Neutral
"Fri, 04 Sep 2026 19:18:45 GMT",Unknown,Trump's Strait of Hormuz and Lake Ontario name ideas 'annoy' USGS workers,0.0,Neutral
"Fri, 04 Sep 2026 21:48:42 GMT",Unknown,Hormuz Dispatch Proposal Divides Ruling Coalition,0.0,Neutral
"Fri, 04 Sep 2026 12:24:38 GMT",Unknown,WTI Oil retreats as Hormuz escorts ease supply fears amid tensions,0.0,Neutral
"Fri, 04 Sep 2026 15:35:39 GMT",Unknown,Diesel price hits all-time high in US amid Iran war woes,0.16,Neutral
"Fri, 04 Sep 2026 22:52:59 GMT",Unknown,South Korea Reviews Troop Dispatch to Hormuz Strait as Japan Hesitates,0.0,Neutral
"Fri, 04 Sep 2026 08:19:29 GMT",Unknown,South Korea weighs ‘contributions’ to Hormuz as US pressure mounts,0.0,Neutral
"Fri, 04 Sep 2026 17:44:36 GMT",Unknown,"US retail diesel hits record as Hormuz, Russia crises stretch on",0.0,Neutral
"Fri, 04 Sep 2026 21:53:33 GMT",Unknown,Hedge Funds Crank Up Brent Bets As Hormuz Risks Return,0.0,Neutral
"Fri, 04 Sep 2026 18:20:55 GMT",Unknown,"Money Market Funds Drew $46B in One Week: Hormuz, Warsh, Jobs Gamble Explain Why",0.0,Neutral
"Fri, 04 Sep 2026 10:59:20 GMT",Unknown,"Japan’s Energy Policy after Hormuz. Security, Competitiveness, and Decarbonization",0.0,Neutral
"Fri, 04 Sep 2026 11:55:03 GMT",Unknown,Data shows that the Gulf shipping traffic via Hormuz is below the 10-day average.,-0.15,Neutral
"Fri, 04 Sep 2026 09:30:19 GMT",Unknown,"Gulf Shipping Traffic Via Hormuz Keeps Below 10-day Average, Data Shows",-0.15,Neutral
"Fri, 04 Sep 2026 16:50:51 GMT",Unknown,Hormuz Work-Arounds Leave Refined Products Behind,-0.4,Negative
"Fri, 04 Sep 2026 17:43:39 GMT",Unknown,"Hormuz, Missiles, Cyberattacks: How Iran Is Gaining Leverage In US War: Report",0.0,Neutral
"Fri, 04 Sep 2026 15:34:48 GMT",Unknown,Iran's seven islands strengthen Hormuz control,0.14,Neutral
"Fri, 04 Sep 2026 18:18:24 GMT",Unknown,President Donald Trump Threatens to Rename the Strait of Hormuz After Himself Amid Iran War,0.0,Neutral
"Fri, 04 Sep 2026 16:42:00 GMT",Unknown,Oman says no to Iranian toll plan for Strait of Hormuz: Report,0.0,Neutral
"Fri, 04 Sep 2026 11:28:18 GMT",Unknown,The Hormuz Paradox: How the Crisis Is Reshaping the Energy Geography of the Middle East,0.0,Neutral
"Fri, 04 Sep 2026 12:14:50 GMT",Unknown,South Korea considering Strait of Hormuz military deployment amid US pressure,-0.02,Neutral
"Fri, 04 Sep 2026 18:00:53 GMT",Unknown,South Korea mulls military deployment in Hormuz amid Trump’s pressure,-0.1,Neutral
"Fri, 04 Sep 2026 07:31:04 GMT",Unknown,"US Retail Diesel Hits Record as Hormuz, Russia Crises Stretch On",0.0,Neutral
"Fri, 04 Sep 2026 18:59:00 GMT",Unknown,Trump: Strait of Hormuz could end up no longer necessary,0.0,Neutral
"Fri, 04 Sep 2026 10:23:10 GMT",Unknown,Strait of Hormuz Shipping Drops to Four Vessels as U.S. Blockade Halts Iranian Exports: how 19 outlets framed it,0.0,Neutral
"Fri, 04 Sep 2026 08:27:32 GMT",Unknown,Hormuz 2027: Reopening or Prolonged Disruption?,0.0,Neutral
"Fri, 04 Sep 2026 21:59:37 GMT",Unknown,"Trump acknowledges alternative routes to Hormuz, points to oil shipments through Syria",0.0,Neutral
"Fri, 04 Sep 2026 08:30:55 GMT",Unknown,"World’s 5th most powerful military prepares for possible Strait of Hormuz mission with US, UK and France after attacks on African-flagged vessels",0.18,Neutral
"Fri, 04 Sep 2026 16:43:53 GMT",Unknown,Legal foundations for Iran’s enduring management of the Strait of Hormuz,0.2,Neutral
"Fri, 04 Sep 2026 16:40:00 GMT",Unknown,This Oil Stock Flirts With Entry As Profits Surge 108% Amid Strait Of Hormuz Crisis,0.0,Neutral
"Fri, 04 Sep 2026 16:19:50 GMT",Unknown,"Israel releases more 4 more prisoners, a shipping slowdown and other Mideast news",0.29,Positive
"Fri, 04 Sep 2026 08:57:46 GMT",Unknown,South Korea weighs Strait of Hormuz deployment as US pressure mounts,0.0,Neutral
"Fri, 04 Sep 2026 11:37:15 GMT",Unknown,Only four visible ships cross Strait of Hormuz as daily tallies tumble,0.0,Neutral
"Fri, 04 Sep 2026 10:29:16 GMT",Unknown,Strait of Hormuz shipping traffic remains low as fuel prices rise,0.0,Neutral
"Fri, 04 Sep 2026 16:12:26 GMT",Unknown,"After Months In Hormuz, USS Abraham Lincoln Limps Into Port Covered In Rust",0.0,Neutral
"Fri, 04 Sep 2026 18:30:18 GMT",Unknown,Cheong Wa Dae Reviews Military Dispatch Options for Strait of Hormuz,-0.1,Neutral
"Fri, 04 Sep 2026 08:53:28 GMT",Unknown,Oil Edges Lower as Strait of Hormuz Risks Keep Weekly Gains Intact,0.0,Neutral
"Fri, 04 Sep 2026 09:36:45 GMT",Unknown,"Korea Paving Way to Send Naval Ship to Hormuz, Reports Say",0.0,Neutral
"Fri, 04 Sep 2026 09:04:30 GMT",Unknown,Blue House ‘reviewing’ military and noncombat options to support U.S. in Hormuz,-0.04,Neutral
"Fri, 04 Sep 2026 16:53:00 GMT",Unknown,"Global macro outlook: Hormuz, Fed hike odds, and the bond rout — week of September 4, 2026",0.0,Neutral
"Fri, 04 Sep 2026 13:48:11 GMT",Unknown,US and Iran Exchange Strikes as Pressure Rises Around Strait of Hormuz,0.0,Neutral
"Fri, 04 Sep 2026 10:38:17 GMT",Unknown,South Korea weighs military deployment to Strait of Hormuz,-0.1,Neutral
"Fri, 04 Sep 2026 14:41:51 GMT",Unknown,Oil prices set for more than 7% weekly gain amid US-Iran tensions,0.5,Positive
"Fri, 04 Sep 2026 12:10:28 GMT",Unknown,Dubai’s Jebel Ali Port Falls Out Of Global Top 30 As Strait Of Hormuz Disruption Cuts Gulf Traffic,0.25,Positive
"Fri, 04 Sep 2026 08:51:40 GMT",Unknown,Oil Prices Ease Near Six-Week Highs as Hormuz Supply Risks Remain in Focus,0.1,Neutral
"Fri, 04 Sep 2026 22:24:29 GMT",Unknown,Reports: South Korea mulls military deployment to Strait of Hormuz,-0.1,Neutral
"Fri, 04 Sep 2026 12:49:23 GMT",Unknown,Seoul Korea breaks silence on secret Strait of Hormuz deployment reports,-0.4,Negative
"Fri, 04 Sep 2026 13:22:11 GMT",Unknown,"Washington Downplays Iran Conflict, Claims Strait of Hormuz Recovery",0.0,Neutral
"Fri, 04 Sep 2026 10:57:51 GMT",Unknown,Seoul Weighs Hormuz Deployment Under US Pressure,0.0,Neutral
"Fri, 04 Sep 2026 10:29:05 GMT",Unknown,South Korea explores military contribution to secure Strait of Hormuz,0.15,Neutral
"Fri, 04 Sep 2026 15:09:00 GMT",Unknown,NEWSLETTER: Wartime oil diet boosts renewables,0.0,Neutral
"Fri, 04 Sep 2026 13:39:21 GMT",Unknown,US and Iran Resume Strikes as Hormuz Standoff Raises Risk of Wider War,0.0,Neutral
"Fri, 04 Sep 2026 16:26:00 GMT",Unknown,Analysis • Trump wants to stop the fighting. Iran has trouble knowing when to quit,0.0,Neutral
"Fri, 04 Sep 2026 17:50:08 GMT",Unknown,'To Avoid Quarrels...': Oman Snubs Mojtaba For Trump? Rejects Iran’s 'Hormuz Ship Fees' Plan | Watch,0.0,Neutral
"Fri, 04 Sep 2026 10:22:00 GMT",Unknown,Mad king: how Sanders rebuffs Trump over Hormuz renaming,-0.62,Negative
"Fri, 04 Sep 2026 13:16:13 GMT",Unknown,Seoul says no decision yet on Hormuz troop deployment,0.0,Neutral
"Fri, 04 Sep 2026 18:11:22 GMT",Unknown,Trump Praises Syria's New Route Bypassing Strait of Hormuz,0.14,Neutral
